object_id,title,object_name,culture,period,date_begin,date_end,country,region,city,geography,medium,classification,description,tags,image_url,image_small_url,object_url,is_public_domain,source,search_keywords,department,dynasty,reign,credit_line,cultural_context_reason,cultural_context,text_for_embedding,mid_year,visual_x,visual_y,semantic_x,semantic_y
24316,Sacrificial Sword (Rāmdāo),Sacrificial Sword (Rāmdāo),"Indian, Bengal (?) or Nepalese",,1801,1900,Nepal,,,Possibly from,"Steel, wood, brass",Shafted Weapons,"Bequest of George C. Stone, 1935",,https://images.metmuseum.org/CRDImages/aa/original/36.25.1284_018AA2015.jpg,https://images.metmuseum.org/CRDImages/aa/web-large/36.25.1284_018AA2015.jpg,https://www.metmuseum.org/art/collection/search/24316,True,The Metropolitan Museum of Art Collection API,Nepal; India,Arms and Armor,,,"Bequest of George C. Stone, 1935",geography matched Himalayan indicators,Himalayan,"Title: Sacrificial Sword (Rāmdāo) Object type: Sacrificial Sword (Rāmdāo) Culture: Indian, Bengal (?) or Nepalese Country: Nepal Medium: Steel, wood, brass Classification: Shafted Weapons",1850.5,0.21306087,-0.087412916,-0.012811174,0.1427756
24317,Sacrificial Sword (Kartrī or Churī),Sacrificial sword (kartrī or churī),"Indian, Bengal (?) or Nepalese",,1801,1900,Nepal,,,Possibly from,"Steel, brass, wood",Knives,"Bequest of George C. Stone, 1935",Birds; Eyes,https://images.metmuseum.org/CRDImages/aa/original/36.25.1285_002AA2016.jpg,https://images.metmuseum.org/CRDImages/aa/web-large/36.25.1285_002AA2016.jpg,https://www.metmuseum.org/art/collection/search/24317,True,The Metropolitan Museum of Art Collection API,Nepal; India,Arms and Armor,,,"Bequest of George C. Stone, 1935",geography matched Himalayan indicators,Himalayan,"Title: Sacrificial Sword (Kartrī or Churī) Object type: Sacrificial sword (kartrī or churī) Culture: Indian, Bengal (?) or Nepalese Country: Nepal Medium: Steel, brass, wood Classification: Knives Tags: Birds; Eyes",1850.5,0.15151967,-0.1361957,0.025669517,0.1711569
24318,Sacrificial Knife,Sacrificial knife,"Indian, Bengal (?) or Nepalese",,1801,1900,Nepal,,,Possibly from,"Steel, brass, wood",Knives,"Bequest of George C. Stone, 1935",Eyes,https://images.metmuseum.org/CRDImages/aa/original/36.25.1286_002AA2016.jpg,https://images.metmuseum.org/CRDImages/aa/web-large/36.25.1286_002AA2016.jpg,https://www.metmuseum.org/art/collection/search/24318,True,The Metropolitan Museum of Art Collection API,Nepal; India,Arms and Armor,,,"Bequest of George C. Stone, 1935",geography matched Himalayan indicators,Himalayan,"Title: Sacrificial Knife Object type: Sacrificial knife Culture: Indian, Bengal (?) or Nepalese Country: Nepal Medium: Steel, brass, wood Classification: Knives Tags: Eyes",1850.5,0.15684175,-0.061199844,-0.06343413,0.14721893
36033,One hundred water buffalo,Handscroll,China,Southern Song (1127–1279) or Yuan (1271–1368) dynasty,1200,1299,,,,,Handscroll; ink on paper,Paintings,"Rogers Fund, 1918",Buffalos; Landscapes,https://images.metmuseum.org/CRDImages/as/original/DP166575_CRD.jpg,https://images.metmuseum.org/CRDImages/as/web-large/DP166575_CRD.jpg,https://www.metmuseum.org/art/collection/search/36033,True,The Metropolitan Museum of Art Collection API,Buddhist; China,Asian Art,,,"Rogers Fund, 1918",insufficient or ambiguous contextual evidence,Other,Title: One hundred water buffalo Object type: Handscroll Culture: China Period: Southern Song (1127–1279) or Yuan (1271–1368) dynasty Medium: Handscroll; ink on paper Classification: Paintings Tags: Buffalos; Landscapes,1249.5,-0.25192934,-0.24094428,0.17260498,-0.029247206
36069,Mahasthamaprapta Bodhisattva,Hanging scroll,China,Qing dynasty (1644–1911),1667,1733,,,,,Hanging scroll; ink and color on silk,Paintings,"Gift of the Estate of Lillian Genth, 1953",Lions; Bodhisattvas,https://images.metmuseum.org/CRDImages/as/original/DP-41816-002.jpg,https://images.metmuseum.org/CRDImages/as/web-large/DP-41816-002.jpg,https://www.metmuseum.org/art/collection/search/36069,True,The Metropolitan Museum of Art Collection API,Buddha; Buddhist; Bodhisattva; Avalokiteshvara; Guanyin; Vajra; Ritual; China,Asian Art,,,"Gift of the Estate of Lillian Genth, 1953",insufficient or ambiguous contextual evidence,Other,Title: Mahasthamaprapta Bodhisattva Object type: Hanging scroll Culture: China Period: Qing dynasty (1644–1911) Medium: Hanging scroll; ink and color on silk Classification: Paintings Tags: Lions; Bodhisattvas,1700.0,-0.2152851,-0.08185619,0.44265202,-0.095729955
36131,Landscapes with poems,Album,China,Qing dynasty (1644–1911),1688,1688,,,,,Fifteen leaves from an album (1980.516.2a–c and 1981.4.1a–o) of eighteen leaves,Paintings,"Gift of Douglas Dillon, 1981",Poetry; Landscapes,https://images.metmuseum.org/CRDImages/as/original/1981_4_1a.jpg,https://images.metmuseum.org/CRDImages/as/web-large/1981_4_1a.jpg,https://www.metmuseum.org/art/collection/search/36131,True,The Metropolitan Museum of Art Collection API,Buddha; China,Asian Art,,,"Gift of Douglas Dillon, 1981",insufficient or ambiguous contextual evidence,Other,Title: Landscapes with poems Object type: Album Culture: China Period: Qing dynasty (1644–1911) Medium: Fifteen leaves from an album (1980.516.2a–c and 1981.4.1a–o) of eighteen leaves Classification: Paintings Tags: Poetry; Landscapes,1688.0,-0.21524096,-0.16564086,0.18646722,-0.04083594
36437,Lotus and waterbirds,Hanging scrolls,China,Yuan dynasty (1271–1368),1290,1310,,,,,Pair of hanging scrolls; ink and color on silk,Paintings,"Purchase, The Dillon Fund Gift, 1988",Ducks; Lotuses,https://images.metmuseum.org/CRDImages/as/original/DP-36424-001.jpg,https://images.metmuseum.org/CRDImages/as/web-large/DP-36424-001.jpg,https://www.metmuseum.org/art/collection/search/36437,True,The Metropolitan Museum of Art Collection API,Buddhist; India; China,Asian Art,,,"Purchase, The Dillon Fund Gift, 1988",insufficient or ambiguous contextual evidence,Other,Title: Lotus and waterbirds Object type: Hanging scrolls Culture: China Period: Yuan dynasty (1271–1368) Medium: Pair of hanging scrolls; ink and color on silk Classification: Paintings Tags: Ducks; Lotuses,1300.0,-0.29696152,-0.21614234,0.30496606,-0.094628125
37804,"Mandala of Manjuvajra, Tantric Form of the Bodhisattva Manjushri",Thangka,Tibet,,1371,1399,,,,,Distemper on cloth,Paintings,"Rogers Fund, 1977",Buddhism; Bodhisattvas; Manjushri,https://images.metmuseum.org/CRDImages/as/original/DP340770.jpg,https://images.metmuseum.org/CRDImages/as/web-large/DP340770.jpg,https://www.metmuseum.org/art/collection/search/37804,True,The Metropolitan Museum of Art Collection API,Bodhisattva; Tara; Vajra; Mandala; Ritual; Tibet; China,Asian Art,,,"Rogers Fund, 1977",insufficient or ambiguous contextual evidence,Other,"Title: Mandala of Manjuvajra, Tantric Form of the Bodhisattva Manjushri Object type: Thangka Culture: Tibet Medium: Distemper on cloth Classification: Paintings Tags: Buddhism; Bodhisattvas; Manjushri",1385.0,-0.08820185,-0.09913451,0.24965084,-0.057801116
37807,"Yamantaka, Destroyer of the God of Death",Thangka,Tibet,,1700,1733,,,,,Distemper on cloth,Paintings,"Purchase, Florance Waterbury Bequest, 1969",Skulls; Men; Buddhism; Deities,https://images.metmuseum.org/CRDImages/as/original/DP-38893-001.jpg,https://images.metmuseum.org/CRDImages/as/web-large/DP-38893-001.jpg,https://www.metmuseum.org/art/collection/search/37807,True,The Metropolitan Museum of Art Collection API,Bodhisattva; Tibet; China,Asian Art,,,"Purchase, Florance Waterbury Bequest, 1969",insufficient or ambiguous contextual evidence,Other,"Title: Yamantaka, Destroyer of the God of Death Object type: Thangka Culture: Tibet Medium: Distemper on cloth Classification: Paintings Tags: Skulls; Men; Buddhism; Deities",1716.5,-0.24080461,-0.21915273,0.15309806,-0.094778545
37857,Bhairavi Ragini: Folio from a ragamala series (Garland of Musical Modes),Folio,"India (Himachal Pradesh, Mandi)",,1630,1660,,,,,"Opaque watercolor, silver, gold and ink on paper",Paintings,"Rogers Fund, 1958",Women; Lotuses; Trees,https://images.metmuseum.org/CRDImages/as/original/DP153179.jpg,https://images.metmuseum.org/CRDImages/as/web-large/DP153179.jpg,https://www.metmuseum.org/art/collection/search/37857,True,The Metropolitan Museum of Art Collection API,India,Asian Art,,,"Rogers Fund, 1958",insufficient or ambiguous contextual evidence,Other,"Title: Bhairavi Ragini: Folio from a ragamala series (Garland of Musical Modes) Object type: Folio Culture: India (Himachal Pradesh, Mandi) Medium: Opaque watercolor, silver, gold and ink on paper Classification: Paintings Tags: Women; Lotuses; Trees",1645.0,-0.38281536,-0.122970946,0.037642885,-0.042407602
37878,Preparatory Study for a Portrait of Man Singh and His Harem,Painting,"India (Rajasthan, Jodhpur)",,1810,1815,,,,,"Ink and opaque watercolor on paper, pricked for transfer",Drawings,"Fletcher Fund, 1934",Men; Women; Horses; Carriages,https://images.metmuseum.org/CRDImages/as/original/34_89_recto.jpg,https://images.metmuseum.org/CRDImages/as/web-large/34_89_recto.jpg,https://www.metmuseum.org/art/collection/search/37878,True,The Metropolitan Museum of Art Collection API,India,Asian Art,,,"Fletcher Fund, 1934",insufficient or ambiguous contextual evidence,Other,"Title: Preparatory Study for a Portrait of Man Singh and His Harem Object type: Painting Culture: India (Rajasthan, Jodhpur) Medium: Ink and opaque watercolor on paper, pricked for transfer Classification: Drawings Tags: Men; Women; Horses; Carriages",1812.5,-0.25574037,-0.18014356,0.049026486,-0.21660583
37900,Page from a Dispersed Bhagavata Purana Manuscript,Folio,"India (Rajasthan, Mewar)",,1620,1630,,,,,Ink and opaque watercolor on paper,Paintings,"Gift of Mr. and Mrs. Peter Findlay, 1980",Men; Horses; Krishna,https://images.metmuseum.org/CRDImages/as/original/DP156146.jpg,https://images.metmuseum.org/CRDImages/as/web-large/DP156146.jpg,https://www.metmuseum.org/art/collection/search/37900,True,The Metropolitan Museum of Art Collection API,India,Asian Art,,,"Gift of Mr. and Mrs. Peter Findlay, 1980",insufficient or ambiguous contextual evidence,Other,"Title: Page from a Dispersed Bhagavata Purana Manuscript Object type: Folio Culture: India (Rajasthan, Mewar) Medium: Ink and opaque watercolor on paper Classification: Paintings Tags: Men; Horses; Krishna",1625.0,-0.32616532,-0.21524575,0.11904953,-0.19852594
37904,Krishna Steals the Gopis’ Clothing: Page from a Dispersed Bhagavata Purana Manuscript,Folio,"India (Rajasthan, Mewar)",,1620,1630,,,,,Ink and opaque watercolor on paper,Paintings,"Gift of Mr. and Mrs. J. Gordon Douglas III, 1984",,https://images.metmuseum.org/CRDImages/as/original/1984_476_recto.jpg,https://images.metmuseum.org/CRDImages/as/web-large/1984_476_recto.jpg,https://www.metmuseum.org/art/collection/search/37904,True,The Metropolitan Museum of Art Collection API,India,Asian Art,,,"Gift of Mr. and Mrs. J. Gordon Douglas III, 1984",insufficient or ambiguous contextual evidence,Other,"Title: Krishna Steals the Gopis’ Clothing: Page from a Dispersed Bhagavata Purana Manuscript Object type: Folio Culture: India (Rajasthan, Mewar) Medium: Ink and opaque watercolor on paper Classification: Paintings",1625.0,-0.2575418,-0.19481693,0.22475296,-0.187063
38006,Portrait of the Indian Monk Atisha,Thangka,Tibet,,1100,1150,,,,,Distemper and gold on cloth,Paintings,"Gift of Steven Kossak, The Kronos Collections, 1993",Men; Portraits; Buddhism; Monks,https://images.metmuseum.org/CRDImages/as/original/DP-42256-001.jpg,https://images.metmuseum.org/CRDImages/as/web-large/DP-42256-001.jpg,https://www.metmuseum.org/art/collection/search/38006,True,The Metropolitan Museum of Art Collection API,Buddha; Buddhist; Thangka; Stupa; Tibet; India; China,Asian Art,,,"Gift of Steven Kossak, The Kronos Collections, 1993",insufficient or ambiguous contextual evidence,Other,Title: Portrait of the Indian Monk Atisha Object type: Thangka Culture: Tibet Medium: Distemper and gold on cloth Classification: Paintings Tags: Men; Portraits; Buddhism; Monks,1125.0,-0.17983736,-0.11391162,0.21812966,-0.08610971
38057,Sketch with Kali and a Young Boy,Painting,"India (Punjab Hills, Kangra?)",,1790,1810,,,,,Ink heightened with color on paper,Paintings,"Gift of Subhash Kapoor, 1996",Swords; Heads; Boys; Goddess,https://images.metmuseum.org/CRDImages/as/original/DP152314.jpg,https://images.metmuseum.org/CRDImages/as/web-large/DP152314.jpg,https://www.metmuseum.org/art/collection/search/38057,True,The Metropolitan Museum of Art Collection API,India,Asian Art,,,"Gift of Subhash Kapoor, 1996",insufficient or ambiguous contextual evidence,Other,"Title: Sketch with Kali and a Young Boy Object type: Painting Culture: India (Punjab Hills, Kangra?) Medium: Ink heightened with color on paper Classification: Paintings Tags: Swords; Heads; Boys; Goddess",1800.0,-0.13818133,-0.084132865,0.08922425,-0.16870707
38122,"Seated Buddha Reaching Enlightenment, Flanked by Avalokiteshvara and Maitreya",Stele,"India, Bihar, Nalanda monastery",Pala period,971,1099,,,,,Black schist,Sculpture,"Rogers Fund, 1920",Buddhism; Avalokiteshvara; Buddha; Maitreya,https://images.metmuseum.org/CRDImages/as/original/6 DP310502r3_61A.jpg,https://images.metmuseum.org/CRDImages/as/web-large/6 DP310502r3_61A.jpg,https://www.metmuseum.org/art/collection/search/38122,True,The Metropolitan Museum of Art Collection API,Buddha; Bodhisattva; Avalokiteshvara; India,Asian Art,,,"Rogers Fund, 1920",insufficient or ambiguous contextual evidence,Other,"Title: Seated Buddha Reaching Enlightenment, Flanked by Avalokiteshvara and Maitreya Object type: Stele Culture: India, Bihar, Nalanda monastery Period: Pala period Medium: Black schist Classification: Sculpture Tags: Buddhism; Avalokiteshvara; Buddha; Maitreya",1035.0,0.1439757,-0.016872887,0.2616461,-0.06296636
38159,Standing Ganesha,Figure,Cambodia,pre-Angkor period,650,699,,,,,Stone,Sculpture,"Rogers, Louis V. Bell and Fletcher Funds, 1982",Elephants; Ganesha,https://images.metmuseum.org/CRDImages/as/original/DT7384.jpg,https://images.metmuseum.org/CRDImages/as/web-large/DT7384.jpg,https://www.metmuseum.org/art/collection/search/38159,True,The Metropolitan Museum of Art Collection API,India,Asian Art,,,"Rogers, Louis V. Bell and Fletcher Funds, 1982",insufficient or ambiguous contextual evidence,Other,Title: Standing Ganesha Object type: Figure Culture: Cambodia Period: pre-Angkor period Medium: Stone Classification: Sculpture Tags: Elephants; Ganesha,674.5,0.29217076,0.069911525,0.09626778,0.16892661
38317,Plaque with Scenes from the Life of the Buddha,Plaque,India (Bihar or West Bengal),Pala period,1100,1199,,,,,Mudstone,Sculpture,"Purchase, Anonymous Gift, 1982",Buddhism; Buddha,https://images.metmuseum.org/CRDImages/as/original/DP102618.jpg,https://images.metmuseum.org/CRDImages/as/web-large/DP102618.jpg,https://www.metmuseum.org/art/collection/search/38317,True,The Metropolitan Museum of Art Collection API,Buddha; Buddhist; Tibet; India,Asian Art,,,"Purchase, Anonymous Gift, 1982",insufficient or ambiguous contextual evidence,Other,Title: Plaque with Scenes from the Life of the Buddha Object type: Plaque Culture: India (Bihar or West Bengal) Period: Pala period Medium: Mudstone Classification: Sculpture Tags: Buddhism; Buddha,1149.5,0.122329876,-0.081910044,0.17571649,-0.09360776
38440,Standing Ganesha,Figure,"Nepal, Kathmandu Valley",,1500,1699,,,,,Wood with traces of polychrome,Sculpture,"Seymour Fund, 1961",Ganesha,https://images.metmuseum.org/CRDImages/as/original/DP-23988-001.jpg,https://images.metmuseum.org/CRDImages/as/web-large/DP-23988-001.jpg,https://www.metmuseum.org/art/collection/search/38440,True,The Metropolitan Museum of Art Collection API,Buddhist; Nepal,Asian Art,,,"Seymour Fund, 1961",insufficient or ambiguous contextual evidence,Other,"Title: Standing Ganesha Object type: Figure Culture: Nepal, Kathmandu Valley Medium: Wood with traces of polychrome Classification: Sculpture Tags: Ganesha",1599.5,0.19085675,-0.015383261,0.02260362,0.07387072
38452,The Death of the Buddha (Parinirvana),Relief panel,Pakistan (ancient region of Gandhara),Kushan period,200,299,,,,,Schist,Sculpture,"Gift of Florence and Herbert Irving, 2015",Gandhara; Sadness; Men; Buddhism; Buddha; Death,https://images.metmuseum.org/CRDImages/as/original/DP123361.jpg,https://images.metmuseum.org/CRDImages/as/web-large/DP123361.jpg,https://www.metmuseum.org/art/collection/search/38452,True,The Metropolitan Museum of Art Collection API,Buddha; Buddhist; Stupa; India,Asian Art,,,"Gift of Florence and Herbert Irving, 2015",insufficient or ambiguous contextual evidence,Other,Title: The Death of the Buddha (Parinirvana) Object type: Relief panel Culture: Pakistan (ancient region of Gandhara) Period: Kushan period Medium: Schist Classification: Sculpture Tags: Gandhara; Sadness; Men; Buddhism; Buddha; Death,249.5,0.10704471,0.017014634,0.19626601,-0.095064476
38634,Crowned  Bodhisattva,Bust,"North India (Uttar Pradesh, Mathura)",late Kushan dynasty,200,323,,,,,Sandstone,Sculpture,"Purchase, The Fred Eychaner Charitable Fund Gift, in honor of John Guy, 2016",Kushan; Mathura; Buddhism; Bodhisattvas,https://images.metmuseum.org/CRDImages/as/original/DP701395.jpg,https://images.metmuseum.org/CRDImages/as/web-large/DP701395.jpg,https://www.metmuseum.org/art/collection/search/38634,True,The Metropolitan Museum of Art Collection API,Buddha; Buddhist; Bodhisattva; India,Asian Art,,,"Purchase, The Fred Eychaner Charitable Fund Gift, in honor of John Guy, 2016",insufficient or ambiguous contextual evidence,Other,"Title: Crowned  Bodhisattva Object type: Bust Culture: North India (Uttar Pradesh, Mathura) Period: late Kushan dynasty Medium: Sandstone Classification: Sculpture Tags: Kushan; Mathura; Buddhism; Bodhisattvas",261.5,0.32112542,0.13750271,0.22580008,0.025537178
38777,Head of Buddha,Head,Pakistan (ancient region of Gandhara),,250,450,,,,,Stucco with traces of paint,Sculpture,"Rogers Fund, 1913",Gandhara; Heads; Buddhism; Buddha,https://images.metmuseum.org/CRDImages/as/original/DP123377.jpg,https://images.metmuseum.org/CRDImages/as/web-large/DP123377.jpg,https://www.metmuseum.org/art/collection/search/38777,True,The Metropolitan Museum of Art Collection API,Buddha,Asian Art,,,"Rogers Fund, 1913",insufficient or ambiguous contextual evidence,Other,Title: Head of Buddha Object type: Head Culture: Pakistan (ancient region of Gandhara) Medium: Stucco with traces of paint Classification: Sculpture Tags: Gandhara; Heads; Buddhism; Buddha,350.0,0.21584156,0.019785844,0.1099394,-0.062840946
38945,Hanuman Conversing,Figure,India (Tamil Nadu),Chola period,1000,1099,,,,,Copper alloy,Sculpture,"Purchase, Bequests of Mary Clarke Thompson, Fanny Shapiro, Susan Dwight Bliss, Isaac D. Fletcher, William Gedney Beatty, John L. Cadwalader and Kate Read Blacque, Gifts of Mrs. Samuel T. Peters, Ida H. Ogilvie, Samuel T. Peters and H. R. Bishop, F. C. Bishop and O. M. Bishop, Rogers, Seymour and Fletcher Funds, and other gifts, funds and bequests from various donors, by exchange, 1982",Deities,https://images.metmuseum.org/CRDImages/as/original/DT5250.jpg,https://images.metmuseum.org/CRDImages/as/web-large/DT5250.jpg,https://www.metmuseum.org/art/collection/search/38945,True,The Metropolitan Museum of Art Collection API,India,Asian Art,,,"Purchase, Bequests of Mary Clarke Thompson, Fanny Shapiro, Susan Dwight Bliss, Isaac D. Fletcher, William Gedney Beatty, John L. Cadwalader and Kate Read Blacque, Gifts of Mrs. Samuel T. Peters, Ida H. Ogilvie, Samuel T. Peters and H. R. Bishop, F. C. Bishop and O. M. Bishop, Rogers, Seymour and Fletcher Funds, and other gifts, funds and bequests from various donors, by exchange, 1982",insufficient or ambiguous contextual evidence,Other,Title: Hanuman Conversing Object type: Figure Culture: India (Tamil Nadu) Period: Chola period Medium: Copper alloy Classification: Sculpture Tags: Deities,1049.5,0.1581072,0.0879186,0.104449876,-0.07847538
38950,Bodhisattva Avalokiteshvara,Figure,"Plai Bat II Temple, Lahan Sai District, Buriram Province, Thailand",,750,775,,,,,Copper alloy inlaid with silver and glass or obsidian,Sculpture,"Rogers Fund, 1967",Buddhism; Avalokiteshvara; Bodhisattvas,https://images.metmuseum.org/CRDImages/as/original/LK_DP316445r3_25AA.jpg,https://images.metmuseum.org/CRDImages/as/web-large/LK_DP316445r3_25AA.jpg,https://www.metmuseum.org/art/collection/search/38950,True,The Metropolitan Museum of Art Collection API,Buddha; Buddhist; Bodhisattva; Avalokiteshvara,Asian Art,,,"Rogers Fund, 1967",insufficient or ambiguous contextual evidence,Other,"Title: Bodhisattva Avalokiteshvara Object type: Figure Culture: Plai Bat II Temple, Lahan Sai District, Buriram Province, Thailand Medium: Copper alloy inlaid with silver and glass or obsidian Classification: Sculpture Tags: Buddhism; Avalokiteshvara; Bodhisattvas",762.5,0.21978213,0.020459583,0.06851995,0.13070688
38970,"Seated Ascetic, Deified King, Agni (The God of Fire)",Figure,"India (Kaushambi, Uttar Pradesh)",,150,350,,,,,Bronze,Sculpture,"Gift of Frank Weinstein, 1984",Gupta,https://images.metmuseum.org/CRDImages/as/original/DP155519.jpg,https://images.metmuseum.org/CRDImages/as/web-large/DP155519.jpg,https://www.metmuseum.org/art/collection/search/38970,True,The Metropolitan Museum of Art Collection API,India,Asian Art,,,"Gift of Frank Weinstein, 1984",insufficient or ambiguous contextual evidence,Other,"Title: Seated Ascetic, Deified King, Agni (The God of Fire) Object type: Figure Culture: India (Kaushambi, Uttar Pradesh) Medium: Bronze Classification: Sculpture Tags: Gupta",250.0,0.25601563,0.1067463,0.0046223095,-0.06888431
39046,Seated Male Deity Supporting a Vajra on His Finger,Figurine,"Indonesia (Java, Ngandjuk)",Eastern Javanese period,976,1049,,,,,Bronze,Sculpture,"Samuel Eilenberg Collection, Gift of Samuel Eilenberg, 1987",Deities,https://images.metmuseum.org/CRDImages/as/original/264842.jpg,https://images.metmuseum.org/CRDImages/as/web-large/264842.jpg,https://www.metmuseum.org/art/collection/search/39046,True,The Metropolitan Museum of Art Collection API,Bodhisattva; Vajra; Mandala,Asian Art,,,"Samuel Eilenberg Collection, Gift of Samuel Eilenberg, 1987",insufficient or ambiguous contextual evidence,Other,"Title: Seated Male Deity Supporting a Vajra on His Finger Object type: Figurine Culture: Indonesia (Java, Ngandjuk) Period: Eastern Javanese period Medium: Bronze Classification: Sculpture Tags: Deities",1012.5,0.23728429,-0.054746956,0.14064911,0.01507958
39047,Seated Male Deity Holding a Cuirass (Chest Armour),Figurine,"Indonesia (Java, Ngandjuk)",Eastern Javanese period,976,1049,,,,,Bronze,Sculpture,"Samuel Eilenberg Collection, Gift of Samuel Eilenberg, 1987",Deities,https://images.metmuseum.org/CRDImages/as/original/262094.jpg,https://images.metmuseum.org/CRDImages/as/web-large/262094.jpg,https://www.metmuseum.org/art/collection/search/39047,True,The Metropolitan Museum of Art Collection API,Bodhisattva; Mandala,Asian Art,,,"Samuel Eilenberg Collection, Gift of Samuel Eilenberg, 1987",insufficient or ambiguous contextual evidence,Other,"Title: Seated Male Deity Holding a Cuirass (Chest Armour) Object type: Figurine Culture: Indonesia (Java, Ngandjuk) Period: Eastern Javanese period Medium: Bronze Classification: Sculpture Tags: Deities",1012.5,0.23848511,-0.08501864,0.11382717,0.027564012
39048,Seated Male Deity Holding Two Ritual Objects,Figurine,"Indonesia (Java, Ndangjuk)",Eastern Javanese period,976,1049,,,,,Bronze,Sculpture,"Samuel Eilenberg Collection, Gift of Samuel Eilenberg, 1987",Deities,https://images.metmuseum.org/CRDImages/as/original/262095.jpg,https://images.metmuseum.org/CRDImages/as/web-large/262095.jpg,https://www.metmuseum.org/art/collection/search/39048,True,The Metropolitan Museum of Art Collection API,Bodhisattva; Mandala; Ritual,Asian Art,,,"Samuel Eilenberg Collection, Gift of Samuel Eilenberg, 1987",insufficient or ambiguous contextual evidence,Other,"Title: Seated Male Deity Holding Two Ritual Objects Object type: Figurine Culture: Indonesia (Java, Ndangjuk) Period: Eastern Javanese period Medium: Bronze Classification: Sculpture Tags: Deities",1012.5,0.24147446,-0.056495443,0.19162372,0.0018640027
39054,Seated Female Deity Holding a Conch and Branch (?),Figurine,"Indonesia (Java, Ngandjuk)",Eastern Javanese period,976,1049,,,,,Bronze,Sculpture,"Samuel Eilenberg Collection, Gift of Samuel Eilenberg, 1987",Deities,https://images.metmuseum.org/CRDImages/as/original/262096.jpg,https://images.metmuseum.org/CRDImages/as/web-large/262096.jpg,https://www.metmuseum.org/art/collection/search/39054,True,The Metropolitan Museum of Art Collection API,Bodhisattva; Mandala,Asian Art,,,"Samuel Eilenberg Collection, Gift of Samuel Eilenberg, 1987",insufficient or ambiguous contextual evidence,Other,"Title: Seated Female Deity Holding a Conch and Branch (?) Object type: Figurine Culture: Indonesia (Java, Ngandjuk) Period: Eastern Javanese period Medium: Bronze Classification: Sculpture Tags: Deities",1012.5,0.25226676,-0.06740061,0.13532172,-0.0025445004
39092,Bodhisattva  Avaolkiteshvara,Figure,Western Cambodia,pre-Angkor period,650,733,,,,,Copper alloy,Sculpture,"Rogers Fund, 1987",Buddhism; Avalokiteshvara; Bodhisattvas,https://images.metmuseum.org/CRDImages/as/original/LK.1987.145_DP301229r1_25AA.jpg,https://images.metmuseum.org/CRDImages/as/web-large/LK.1987.145_DP301229r1_25AA.jpg,https://www.metmuseum.org/art/collection/search/39092,True,The Metropolitan Museum of Art Collection API,Bodhisattva; Avalokiteshvara,Asian Art,,,"Rogers Fund, 1987",insufficient or ambiguous contextual evidence,Other,Title: Bodhisattva  Avaolkiteshvara Object type: Figure Culture: Western Cambodia Period: pre-Angkor period Medium: Copper alloy Classification: Sculpture Tags: Buddhism; Avalokiteshvara; Bodhisattvas,691.5,0.2948775,0.0035159888,0.083137885,0.16794084
39134,"Jain Siddha Bahubali, Entwined with Forest Vines",Figure,India (Karnataka),Chalukyan period,571,699,,,,,Copper alloy,Sculpture,"Samuel Eilenberg Collection, Gift of Samuel Eilenberg, 1987",Men; Vines,https://images.metmuseum.org/CRDImages/as/original/DP216814.jpg,https://images.metmuseum.org/CRDImages/as/web-large/DP216814.jpg,https://www.metmuseum.org/art/collection/search/39134,True,The Metropolitan Museum of Art Collection API,Ritual; India,Asian Art,,,"Samuel Eilenberg Collection, Gift of Samuel Eilenberg, 1987",insufficient or ambiguous contextual evidence,Other,"Title: Jain Siddha Bahubali, Entwined with Forest Vines Object type: Figure Culture: India (Karnataka) Period: Chalukyan period Medium: Copper alloy Classification: Sculpture Tags: Men; Vines",635.0,0.25699475,0.08068511,0.118964925,0.06752573
39482,Mandala of Wakamiya of Kasuga Shrine (Kasuga wakamiya mandara),Hanging scroll,Japan,Nanbokuchō period (1336–92),1300,1333,,,,,"Hanging scroll; ink, color, gold, and cut gold on silk",Paintings,"Purchase, Lila Acheson Wallace Gift, 1997, and Gift of the Mary and Jackson Burke Foundation, 2015",Swords; Lotuses; Buddhism; Deities,https://images.metmuseum.org/CRDImages/as/original/DT374578.jpg,https://images.metmuseum.org/CRDImages/as/web-large/DT374578.jpg,https://www.metmuseum.org/art/collection/search/39482,True,The Metropolitan Museum of Art Collection API,Buddhist; Bodhisattva; Mandala,Asian Art,,,"Purchase, Lila Acheson Wallace Gift, 1997, and Gift of the Mary and Jackson Burke Foundation, 2015",insufficient or ambiguous contextual evidence,Other,"Title: Mandala of Wakamiya of Kasuga Shrine (Kasuga wakamiya mandara) Object type: Hanging scroll Culture: Japan Period: Nanbokuchō period (1336–92) Medium: Hanging scroll; ink, color, gold, and cut gold on silk Classification: Paintings Tags: Swords; Lotuses; Buddhism; Deities",1316.5,-0.27947646,-0.03643931,0.48038146,-0.09716576
39569,Eighteen Songs of a Nomad Flute: The Story of Lady Wenji,Handscroll,China,Ming dynasty (1368–1644),1400,1433,,,,,"Handscroll; ink, color, and gold on silk",Paintings,"Ex coll.: C. C. Wang Family, Gift of The Dillon Fund, 1973",Tents; Men; Women; Horses,https://images.metmuseum.org/CRDImages/as/original/DP213003_CRD.jpg,https://images.metmuseum.org/CRDImages/as/web-large/DP213003_CRD.jpg,https://www.metmuseum.org/art/collection/search/39569,True,The Metropolitan Museum of Art Collection API,Ritual; China,Asian Art,,,"Ex coll.: C. C. Wang Family, Gift of The Dillon Fund, 1973",geography or period matched East Asia indicators,East_Asia,"Title: Eighteen Songs of a Nomad Flute: The Story of Lady Wenji Object type: Handscroll Culture: China Period: Ming dynasty (1368–1644) Medium: Handscroll; ink, color, and gold on silk Classification: Paintings Tags: Tents; Men; Women; Horses",1416.5,-0.3549936,-0.15250339,0.22194993,-0.021135855
39742,"The Deity Vajrabhairava, Tantric Form of the Bodhisattva Manjushri",Thangka,China,Ming dynasty (1368–1644),1400,1433,,,,,Silk embroidery with metal thread and horsehair on silk satin,Textiles-Embroidered,"Purchase, Lila Acheson Wallace Gift, 1993",Animals; Birds; Deities; Demons,https://images.metmuseum.org/CRDImages/as/original/DP-15583-002.jpg,https://images.metmuseum.org/CRDImages/as/web-large/DP-15583-002.jpg,https://www.metmuseum.org/art/collection/search/39742,True,The Metropolitan Museum of Art Collection API,Buddha; Buddhist; Bodhisattva; Avalokiteshvara; Guanyin; Tara; Vajra; Mandala; Thangka; Stupa; Sutra; Ritual; Tibet; Nepal; India; China,Asian Art,,,"Purchase, Lila Acheson Wallace Gift, 1993",insufficient or ambiguous contextual evidence,Other,"Title: The Deity Vajrabhairava, Tantric Form of the Bodhisattva Manjushri Object type: Thangka Culture: China Period: Ming dynasty (1368–1644) Medium: Silk embroidery with metal thread and horsehair on silk satin Classification: Textiles-Embroidered Tags: Animals; Birds; Deities; Demons",1416.5,-0.19786392,-0.17703958,0.3174578,0.030339634
39895,The Classic of Filial Piety,Handscrolls,China,Northern Song dynasty (960–1127),1075,1095,,,,,Handscroll; ink and color on silk,Paintings,"Ex coll.: C. C. Wang Family, From the P. Y. and Kinmay W. Tang Family Collection, Gift of Oscar L. Tang Family, 1996",Men; Women,https://images.metmuseum.org/CRDImages/as/original/DP151528.jpg,https://images.metmuseum.org/CRDImages/as/web-large/DP151528.jpg,https://www.metmuseum.org/art/collection/search/39895,True,The Metropolitan Museum of Art Collection API,Buddha; Buddhist; Bodhisattva; Avalokiteshvara; Guanyin; Tara; Vajra; Mandala; Thangka; Stupa; Sutra; Ritual; Tibet; Nepal; India; China,Asian Art,,,"Ex coll.: C. C. Wang Family, From the P. Y. and Kinmay W. Tang Family Collection, Gift of Oscar L. Tang Family, 1996",insufficient or ambiguous contextual evidence,Other,Title: The Classic of Filial Piety Object type: Handscrolls Culture: China Period: Northern Song dynasty (960–1127) Medium: Handscroll; ink and color on silk Classification: Paintings Tags: Men; Women,1085.0,-0.2898739,-0.2161428,0.22381677,-0.04581644
39901,Night-Shining White,Handscroll,China,Tang dynasty (618–907),740,760,,,,,Handscroll; ink on paper,Paintings,"Purchase, The Dillon Fund Gift, 1977",Horses,https://images.metmuseum.org/CRDImages/as/original/DP153705.jpg,https://images.metmuseum.org/CRDImages/as/web-large/DP153705.jpg,https://www.metmuseum.org/art/collection/search/39901,True,The Metropolitan Museum of Art Collection API,Buddha; Buddhist; Bodhisattva; Avalokiteshvara; Guanyin; Tara; Vajra; Mandala; Thangka; Stupa; Sutra; Ritual; Tibet; Nepal; India; China,Asian Art,,,"Purchase, The Dillon Fund Gift, 1977",insufficient or ambiguous contextual evidence,Other,Title: Night-Shining White Object type: Handscroll Culture: China Period: Tang dynasty (618–907) Medium: Handscroll; ink on paper Classification: Paintings Tags: Horses,750.0,-0.18537919,-0.19999605,0.22725986,-0.08139933
39931,Landscapes,Album,China,Qing dynasty (1644–1911),1667,1693,,,,,Album of twelve leaves; ink on paper,Paintings,"Purchase, The Dillon Fund Gift, 1989",Landscapes,https://images.metmuseum.org/CRDImages/as/original/DP160517.jpg,https://images.metmuseum.org/CRDImages/as/web-large/DP160517.jpg,https://www.metmuseum.org/art/collection/search/39931,True,The Metropolitan Museum of Art Collection API,Buddhist; China,Asian Art,,,"Purchase, The Dillon Fund Gift, 1989",insufficient or ambiguous contextual evidence,Other,Title: Landscapes Object type: Album Culture: China Period: Qing dynasty (1644–1911) Medium: Album of twelve leaves; ink on paper Classification: Paintings Tags: Landscapes,1680.0,-0.23202446,-0.19202831,0.1241271,-0.05853064
39959,A Diplomatic Mission to the Jin,Handscroll,China,Jin dynasty (1115–1234),1156,1159,,,,,Handscroll; ink and color on silk,Paintings,"Edward Elliott Family Collection, Purchase, The Dillon Fund Gift, 1982",Mountains; Landscapes,https://images.metmuseum.org/CRDImages/as/original/DP165265_CRD.jpg,https://images.metmuseum.org/CRDImages/as/web-large/DP165265_CRD.jpg,https://www.metmuseum.org/art/collection/search/39959,True,The Metropolitan Museum of Art Collection API,Buddhist; China,Asian Art,,,"Edward Elliott Family Collection, Purchase, The Dillon Fund Gift, 1982",insufficient or ambiguous contextual evidence,Other,Title: A Diplomatic Mission to the Jin Object type: Handscroll Culture: China Period: Jin dynasty (1115–1234) Medium: Handscroll; ink and color on silk Classification: Paintings Tags: Mountains; Landscapes,1157.5,-0.30443823,-0.20711473,0.30125883,-0.062390048
40080,Fragrant Snow at Broken Bridge,Hanging scroll,China,Yuan dynasty (1271–1368),1300,1359,,,,,Hanging scroll; ink on silk,Paintings,"Ex coll.: C. C. Wang Family, Purchase, Gift of J. Pierpont Morgan, by exchange, 1973",Trees,https://images.metmuseum.org/CRDImages/as/original/DP258037.jpg,https://images.metmuseum.org/CRDImages/as/web-large/DP258037.jpg,https://www.metmuseum.org/art/collection/search/40080,True,The Metropolitan Museum of Art Collection API,Buddha; Buddhist; Bodhisattva; Avalokiteshvara; Guanyin; Tara; Vajra; Mandala; Thangka; Stupa; Sutra; Ritual; Tibet; Nepal; India; China,Asian Art,,,"Ex coll.: C. C. Wang Family, Purchase, Gift of J. Pierpont Morgan, by exchange, 1973",insufficient or ambiguous contextual evidence,Other,Title: Fragrant Snow at Broken Bridge Object type: Hanging scroll Culture: China Period: Yuan dynasty (1271–1368) Medium: Hanging scroll; ink on silk Classification: Paintings Tags: Trees,1329.5,-0.25132552,-0.29567453,0.39014152,-0.099410556
40282,Buddha Amitabha Descending from his Pure Land,Hanging scroll,China,Southern Song dynasty (1127–1279),1200,1279,,,,,Hanging scroll; ink and color on silk,Paintings,"Purchase, The Dillon Fund Gift, 1980",Buddhism; Buddha,https://images.metmuseum.org/CRDImages/as/original/DP222080.jpg,https://images.metmuseum.org/CRDImages/as/web-large/DP222080.jpg,https://www.metmuseum.org/art/collection/search/40282,True,The Metropolitan Museum of Art Collection API,Buddha; Buddhist; China,Asian Art,,,"Purchase, The Dillon Fund Gift, 1980",insufficient or ambiguous contextual evidence,Other,Title: Buddha Amitabha Descending from his Pure Land Object type: Hanging scroll Culture: China Period: Southern Song dynasty (1127–1279) Medium: Hanging scroll; ink and color on silk Classification: Paintings Tags: Buddhism; Buddha,1239.5,-0.31478935,-0.0077052554,0.45934194,-0.13689995
40513,Vimalakirti and the Doctrine of Nonduality,Handscroll,China,Yuan dynasty (1271–1368),1308,1308,,,,,Handscroll; ink on silk,Paintings,"Purchase, The Dillon Fund Gift, 1980",Men; Women; Buddhism; Bodhisattvas; Manjushri,https://images.metmuseum.org/CRDImages/as/original/DP258040_CRD.jpg,https://images.metmuseum.org/CRDImages/as/web-large/DP258040_CRD.jpg,https://www.metmuseum.org/art/collection/search/40513,True,The Metropolitan Museum of Art Collection API,Buddha; Buddhist; Bodhisattva; Sutra; China,Asian Art,,,"Purchase, The Dillon Fund Gift, 1980",insufficient or ambiguous contextual evidence,Other,Title: Vimalakirti and the Doctrine of Nonduality Object type: Handscroll Culture: China Period: Yuan dynasty (1271–1368) Medium: Handscroll; ink on silk Classification: Paintings Tags: Men; Women; Buddhism; Bodhisattvas; Manjushri,1308.0,-0.290446,-0.08534189,0.25486544,-0.058809906
41865,Ink Tablet,Ink tablet,China,"Qing dynasty (1644–1911), Qianlong period (1736–95)",1736,1795,,,,,Ink,Ink,"Gift of A. W. Bahr, 1958",Buddhism; Buddha,https://images.metmuseum.org/CRDImages/as/original/58_64_29_O1.jpg,https://images.metmuseum.org/CRDImages/as/web-large/58_64_29_O1.jpg,https://www.metmuseum.org/art/collection/search/41865,True,The Metropolitan Museum of Art Collection API,Buddha; Sutra; China,Asian Art,,,"Gift of A. W. Bahr, 1958",insufficient or ambiguous contextual evidence,Other,"Title: Ink Tablet Object type: Ink tablet Culture: China Period: Qing dynasty (1644–1911), Qianlong period (1736–95) Medium: Ink Classification: Ink Tags: Buddhism; Buddha",1765.5,0.028170506,0.016799,0.29494962,-0.08067011
42188,Seated luohan (arhat) in a grotto,Figure,China,Qing dynasty (1644–1911),1700,1799,,,,,Jade (nephrite),Jade,"Gift of Heber R. Bishop, 1902",Men; Caves,https://images.metmuseum.org/CRDImages/as/original/DP-14153-052.jpg,https://images.metmuseum.org/CRDImages/as/web-large/DP-14153-052.jpg,https://www.metmuseum.org/art/collection/search/42188,True,The Metropolitan Museum of Art Collection API,Buddhist; China,Asian Art,,,"Gift of Heber R. Bishop, 1902",insufficient or ambiguous contextual evidence,Other,Title: Seated luohan (arhat) in a grotto Object type: Figure Culture: China Period: Qing dynasty (1644–1911) Medium: Jade (nephrite) Classification: Jade Tags: Men; Caves,1749.5,0.08269888,-0.04550345,0.25181356,0.05441811
42733,Buddha Maitreya (Mile),Figure,China,Northern Wei dynasty (386–534),486,486,,,,,Gilt bronze with traces of pigment; piece-mold cast,Sculpture,"John Stewart Kennedy Fund, 1926",Buddhism; Buddha; Maitreya,https://images.metmuseum.org/CRDImages/as/original/DP170102.jpg,https://images.metmuseum.org/CRDImages/as/web-large/DP170102.jpg,https://www.metmuseum.org/art/collection/search/42733,True,The Metropolitan Museum of Art Collection API,Buddha; Bodhisattva; China,Asian Art,,,"John Stewart Kennedy Fund, 1926",insufficient or ambiguous contextual evidence,Other,Title: Buddha Maitreya (Mile) Object type: Figure Culture: China Period: Northern Wei dynasty (386–534) Medium: Gilt bronze with traces of pigment; piece-mold cast Classification: Sculpture Tags: Buddhism; Buddha; Maitreya,486.0,0.14572968,0.0023667957,0.25697058,-0.07655257
44759,"Landscapes, Figures, and Flowers",Album,China,Ming dynasty (1368–1644),1618,1622,,,,,Album of twelve leaves; ink and color on paper,Paintings,"Purchase, Friends of Far Eastern Art Gifts, 1985",Landscapes,https://images.metmuseum.org/CRDImages/as/original/1985_121_A_sf.jpg,https://images.metmuseum.org/CRDImages/as/web-large/1985_121_A_sf.jpg,https://www.metmuseum.org/art/collection/search/44759,True,The Metropolitan Museum of Art Collection API,Buddha; Buddhist; Bodhisattva; Avalokiteshvara; Guanyin; Tara; Vajra; Mandala; Thangka; Stupa; Sutra; Ritual; Tibet; Nepal; India; China,Asian Art,,,"Purchase, Friends of Far Eastern Art Gifts, 1985",insufficient or ambiguous contextual evidence,Other,"Title: Landscapes, Figures, and Flowers Object type: Album Culture: China Period: Ming dynasty (1368–1644) Medium: Album of twelve leaves; ink and color on paper Classification: Paintings Tags: Landscapes",1620.0,-0.2505112,-0.22606479,0.14220823,-0.08904165
45258,Bamboo in the Four Seasons,Screens,Japan,Muromachi period (1392–1573),1480,1525,,,,,"Pair of six-panel screens; ink, color, and gold leaf on paper",Paintings,"The Harry G. C. Packard Collection of Asian Art, Gift of Harry G. C. Packard, and Purchase, Fletcher, Rogers, Harris Brisbane Dick, and Louis V. Bell Funds, Joseph Pulitzer Bequest, and The Annenberg Fund Inc. Gift, 1975",Bamboo,https://images.metmuseum.org/CRDImages/as/original/DT1607.jpg,https://images.metmuseum.org/CRDImages/as/web-large/DT1607.jpg,https://www.metmuseum.org/art/collection/search/45258,True,The Metropolitan Museum of Art Collection API,Buddhist,Asian Art,,,"The Harry G. C. Packard Collection of Asian Art, Gift of Harry G. C. Packard, and Purchase, Fletcher, Rogers, Harris Brisbane Dick, and Louis V. Bell Funds, Joseph Pulitzer Bequest, and The Annenberg Fund Inc. Gift, 1975",insufficient or ambiguous contextual evidence,Other,"Title: Bamboo in the Four Seasons Object type: Screens Culture: Japan Period: Muromachi period (1392–1573) Medium: Pair of six-panel screens; ink, color, and gold leaf on paper Classification: Paintings Tags: Bamboo",1502.5,-0.17567714,-0.23952422,0.29633772,0.020842938
45449,Buddha offering protection,Figure,"India, unknown provenance in the Deccan, likely Andhra Pradesh",Visnukundin,400,499,,,,,Copper alloy,Sculpture,"Purchase, The Chinese Porcelain Company Gift, 1998",Later Andhra; Buddhism; Buddha; Shakyamuni,https://images.metmuseum.org/CRDImages/as/original/DP-26346-002.jpg,https://images.metmuseum.org/CRDImages/as/web-large/DP-26346-002.jpg,https://www.metmuseum.org/art/collection/search/45449,True,The Metropolitan Museum of Art Collection API,Buddha; Buddhist; Ritual; India,Asian Art,,,"Purchase, The Chinese Porcelain Company Gift, 1998",insufficient or ambiguous contextual evidence,Other,"Title: Buddha offering protection Object type: Figure Culture: India, unknown provenance in the Deccan, likely Andhra Pradesh Period: Visnukundin Medium: Copper alloy Classification: Sculpture Tags: Later Andhra; Buddhism; Buddha; Shakyamuni",449.5,0.16448721,0.041196417,0.13205795,-0.03421748
49068,Bamboo in Snow,Hanging scrolls,Japan,Edo period (1615–1868),1771,1774,,,,,Pair of hanging scrolls; ink on silk,Paintings,"The Harry G. C. Packard Collection of Asian Art, Gift of Harry G. C. Packard, and Purchase, Fletcher, Rogers, Harris Brisbane Dick, and Louis V. Bell Funds, Joseph Pulitzer Bequest, and The Annenberg Fund Inc. Gift, 1975",Bamboo,https://images.metmuseum.org/CRDImages/as/original/DP276881.jpg,https://images.metmuseum.org/CRDImages/as/web-large/DP276881.jpg,https://www.metmuseum.org/art/collection/search/49068,True,The Metropolitan Museum of Art Collection API,Buddhist; China,Asian Art,,,"The Harry G. C. Packard Collection of Asian Art, Gift of Harry G. C. Packard, and Purchase, Fletcher, Rogers, Harris Brisbane Dick, and Louis V. Bell Funds, Joseph Pulitzer Bequest, and The Annenberg Fund Inc. Gift, 1975",insufficient or ambiguous contextual evidence,Other,Title: Bamboo in Snow Object type: Hanging scrolls Culture: Japan Period: Edo period (1615–1868) Medium: Pair of hanging scrolls; ink on silk Classification: Paintings Tags: Bamboo,1772.5,-0.2386646,-0.240065,0.41019434,-0.05701072
53013,"""Kogō"" and ""The Imperial Procession to Ōhara"", from The Tale of the Heike (Heike monogatari)",Screens,Japan,Edo period (1615–1868),1600,1635,,,,,"Pair of six-panel folding screens; ink, color, gold and gold leaf on paper",Paintings,"Mary Griggs Burke Collection, Gift of the Mary and Jackson Burke Foundation, 2015",Trees,https://images.metmuseum.org/CRDImages/as/original/DP704873.jpg,https://images.metmuseum.org/CRDImages/as/web-large/DP704873.jpg,https://www.metmuseum.org/art/collection/search/53013,True,The Metropolitan Museum of Art Collection API,Buddhist,Asian Art,,,"Mary Griggs Burke Collection, Gift of the Mary and Jackson Burke Foundation, 2015",insufficient or ambiguous contextual evidence,Other,"Title: ""Kogō"" and ""The Imperial Procession to Ōhara"", from The Tale of the Heike (Heike monogatari) Object type: Screens Culture: Japan Period: Edo period (1615–1868) Medium: Pair of six-panel folding screens; ink, color, gold and gold leaf on paper Classification: Paintings Tags: Trees",1617.5,-0.27122092,-0.26700827,0.3357888,-0.11696853
53158,Tile with Buddha Triad,Relief,Japan,Asuka period (538–710),650,699,,,,,Earthenware with traces of color,Sculpture,"Mary Griggs Burke Collection, Gift of the Mary and Jackson Burke Foundation, 2015",Buddhism; Bodhisattvas; Buddha,https://images.metmuseum.org/CRDImages/as/original/2015_300_249_F_Burke.jpg,https://images.metmuseum.org/CRDImages/as/web-large/2015_300_249_F_Burke.jpg,https://www.metmuseum.org/art/collection/search/53158,True,The Metropolitan Museum of Art Collection API,Buddha; Buddhist; Bodhisattva; China,Asian Art,,,"Mary Griggs Burke Collection, Gift of the Mary and Jackson Burke Foundation, 2015",insufficient or ambiguous contextual evidence,Other,Title: Tile with Buddha Triad Object type: Relief Culture: Japan Period: Asuka period (538–710) Medium: Earthenware with traces of color Classification: Sculpture Tags: Buddhism; Bodhisattvas; Buddha,674.5,0.12746613,-0.045752805,0.31673467,-0.115469426
53162,Tobatsu Bishamonten,Figure,Japan,Heian period (794–1185),800,1150,,,,,Zelkova wood with traces of color,Sculpture,"Mary Griggs Burke Collection, Gift of the Mary and Jackson Burke Foundation, 2015",Buddhism; Deities,https://images.metmuseum.org/CRDImages/as/original/DP-27915-006.jpg,https://images.metmuseum.org/CRDImages/as/web-large/DP-27915-006.jpg,https://www.metmuseum.org/art/collection/search/53162,True,The Metropolitan Museum of Art Collection API,Buddha; Buddhist; Bodhisattva; Avalokiteshvara; Guanyin; Tara; Vajra; Mandala; Thangka; Stupa; Sutra; Ritual; Tibet; Nepal; India; China,Asian Art,,,"Mary Griggs Burke Collection, Gift of the Mary and Jackson Burke Foundation, 2015",insufficient or ambiguous contextual evidence,Other,Title: Tobatsu Bishamonten Object type: Figure Culture: Japan Period: Heian period (794–1185) Medium: Zelkova wood with traces of color Classification: Sculpture Tags: Buddhism; Deities,975.0,0.3015948,-0.013441938,0.25250876,-0.07598334
53165,Male and Female Shinto Deities,Figures,Japan,Heian period (ca. 900–1185),800,1100,,,,,Japanese cypress with traces of color,Sculpture,"Mary Griggs Burke Collection, Gift of the Mary and Jackson Burke Foundation, 2015",Deities; Shintō,https://images.metmuseum.org/CRDImages/as/original/DP-16151-001.jpg,https://images.metmuseum.org/CRDImages/as/web-large/DP-16151-001.jpg,https://www.metmuseum.org/art/collection/search/53165,True,The Metropolitan Museum of Art Collection API,Buddha; Buddhist,Asian Art,,,"Mary Griggs Burke Collection, Gift of the Mary and Jackson Burke Foundation, 2015",insufficient or ambiguous contextual evidence,Other,Title: Male and Female Shinto Deities Object type: Figures Culture: Japan Period: Heian period (ca. 900–1185) Medium: Japanese cypress with traces of color Classification: Sculpture Tags: Deities; Shintō,950.0,0.2621483,-0.022808865,0.2650327,-0.15704036
53167,Flying Apsaras (Hiten),Plaques,Japan,Heian period (794–1185),900,1300,,,,,Japanese cypress with lacquer and gold,Sculpture,"Mary Griggs Burke Collection, Gift of the Mary and Jackson Burke Foundation, 2015",Buddhism; Bodhisattvas,https://images.metmuseum.org/CRDImages/as/original/2015_300_251a_Burke_website.jpg,https://images.metmuseum.org/CRDImages/as/web-large/2015_300_251a_Burke_website.jpg,https://www.metmuseum.org/art/collection/search/53167,True,The Metropolitan Museum of Art Collection API,Buddha; Buddhist; Bodhisattva; Avalokiteshvara; India; China,Asian Art,,,"Mary Griggs Burke Collection, Gift of the Mary and Jackson Burke Foundation, 2015",insufficient or ambiguous contextual evidence,Other,Title: Flying Apsaras (Hiten) Object type: Plaques Culture: Japan Period: Heian period (794–1185) Medium: Japanese cypress with lacquer and gold Classification: Sculpture Tags: Buddhism; Bodhisattvas,1100.0,0.139722,-0.067523226,0.27429765,-0.033204768
53176,"Fudō Myōō, the Immovable Wisdom King (Achala Vidyaraja)",Figure,Japan,Kamakura period (1185–1333),1100,1400,,,,,"Japanese cypress with lacquer, color, gold, cut gold leaf (kirikane), and inlaid crystal eyes",Sculpture,"Mary Griggs Burke Collection, Gift of the Mary and Jackson Burke Foundation, 2015",Swords; Men,https://images.metmuseum.org/CRDImages/as/original/DP-22243-001.jpg,https://images.metmuseum.org/CRDImages/as/web-large/DP-22243-001.jpg,https://www.metmuseum.org/art/collection/search/53176,True,The Metropolitan Museum of Art Collection API,Buddha; Buddhist; Bodhisattva; Sutra; Ritual; India; China,Asian Art,,,"Mary Griggs Burke Collection, Gift of the Mary and Jackson Burke Foundation, 2015",insufficient or ambiguous contextual evidence,Other,"Title: Fudō Myōō, the Immovable Wisdom King (Achala Vidyaraja) Object type: Figure Culture: Japan Period: Kamakura period (1185–1333) Medium: Japanese cypress with lacquer, color, gold, cut gold leaf (kirikane), and inlaid crystal eyes Classification: Sculpture Tags: Swords; Men",1250.0,0.21481848,0.0012747257,0.2816109,-0.015592551
53180,"Satsubari, the Second of the Sixteen Arhats",Hanging scroll,Japan,Nanbokuchō period (1336–92),1336,1392,,,,,Hanging scroll; ink and color on silk,Paintings,"Mary Griggs Burke Collection, Gift of the Mary and Jackson Burke Foundation, 2015",Men; Buddhism,https://images.metmuseum.org/CRDImages/as/original/DP-12232-006.jpg,https://images.metmuseum.org/CRDImages/as/web-large/DP-12232-006.jpg,https://www.metmuseum.org/art/collection/search/53180,True,The Metropolitan Museum of Art Collection API,Buddha; Buddhist; Sutra; India; China,Asian Art,,,"Mary Griggs Burke Collection, Gift of the Mary and Jackson Burke Foundation, 2015",insufficient or ambiguous contextual evidence,Other,"Title: Satsubari, the Second of the Sixteen Arhats Object type: Hanging scroll Culture: Japan Period: Nanbokuchō period (1336–92) Medium: Hanging scroll; ink and color on silk Classification: Paintings Tags: Men; Buddhism",1364.0,-0.23028697,-0.15687218,0.47088006,-0.09499661
53187,Kasuga Deer Mandala (Kasuga shika mandara zu),Hanging scroll,Japan,Nanbokuchō period (1336–92),1300,1400,,,,,Hanging scroll; color on silk,Paintings,"Mary Griggs Burke Collection, Gift of the Mary and Jackson Burke Foundation, 2015",Deer; Buddhism; Bodhisattvas; Buddha,https://images.metmuseum.org/CRDImages/as/original/DP361152.jpg,https://images.metmuseum.org/CRDImages/as/web-large/DP361152.jpg,https://www.metmuseum.org/art/collection/search/53187,True,The Metropolitan Museum of Art Collection API,Buddha; Buddhist; Bodhisattva; Avalokiteshvara; Mandala; China,Asian Art,,,"Mary Griggs Burke Collection, Gift of the Mary and Jackson Burke Foundation, 2015",insufficient or ambiguous contextual evidence,Other,Title: Kasuga Deer Mandala (Kasuga shika mandara zu) Object type: Hanging scroll Culture: Japan Period: Nanbokuchō period (1336–92) Medium: Hanging scroll; color on silk Classification: Paintings Tags: Deer; Buddhism; Bodhisattvas; Buddha,1350.0,-0.32002872,-0.25186193,0.4371875,-0.04727033
53189,Seiryū Gongen,Hanging scroll,Japan,Nanbokuchō period (1336–92),1150,1450,,,,,Hanging scroll; ink and color on silk,Paintings,"Mary Griggs Burke Collection, Gift of the Mary and Jackson Burke Foundation, 2015",Women; Deities,https://images.metmuseum.org/CRDImages/as/original/DP-12232-014.jpg,https://images.metmuseum.org/CRDImages/as/web-large/DP-12232-014.jpg,https://www.metmuseum.org/art/collection/search/53189,True,The Metropolitan Museum of Art Collection API,Buddhist; Sutra; China,Asian Art,,,"Mary Griggs Burke Collection, Gift of the Mary and Jackson Burke Foundation, 2015",insufficient or ambiguous contextual evidence,Other,Title: Seiryū Gongen Object type: Hanging scroll Culture: Japan Period: Nanbokuchō period (1336–92) Medium: Hanging scroll; ink and color on silk Classification: Paintings Tags: Women; Deities,1300.0,-0.28108767,-0.17102018,0.4450936,-0.122854665
53190,Guardian Lion-Dogs,Figures,Japan,Kamakura period (1185–1333),1150,1450,,,,,"Japanese cypress with lacquer, gold leaf, and color",Sculpture,"Mary Griggs Burke Collection, Gift of the Mary and Jackson Burke Foundation, 2015",Lions,https://images.metmuseum.org/CRDImages/as/original/DP-23915-001.jpg,https://images.metmuseum.org/CRDImages/as/web-large/DP-23915-001.jpg,https://www.metmuseum.org/art/collection/search/53190,True,The Metropolitan Museum of Art Collection API,Buddha; Buddhist; India; China,Asian Art,,,"Mary Griggs Burke Collection, Gift of the Mary and Jackson Burke Foundation, 2015",insufficient or ambiguous contextual evidence,Other,"Title: Guardian Lion-Dogs Object type: Figures Culture: Japan Period: Kamakura period (1185–1333) Medium: Japanese cypress with lacquer, gold leaf, and color Classification: Sculpture Tags: Lions",1300.0,0.25383714,0.02254318,0.13685597,-0.031267393
53194,The Tale of Sumiyoshi,Hanging scrolls,Japan,Kamakura period (1185–1333),1267,1299,,,,,"a) Painting section from a handscroll mounted as a hanging scroll; ink and color on paper
b) Calligraphy from handscroll section mounted as a hanging scroll; ink on paper",Paintings,"Mary Griggs Burke Collection, Gift of the Mary and Jackson Burke Foundation, 2015",Men; Horses,https://images.metmuseum.org/CRDImages/as/original/DP361137.jpg,https://images.metmuseum.org/CRDImages/as/web-large/DP361137.jpg,https://www.metmuseum.org/art/collection/search/53194,True,The Metropolitan Museum of Art Collection API,Bodhisattva,Asian Art,,,"Mary Griggs Burke Collection, Gift of the Mary and Jackson Burke Foundation, 2015",insufficient or ambiguous contextual evidence,Other,"Title: The Tale of Sumiyoshi Object type: Hanging scrolls Culture: Japan Period: Kamakura period (1185–1333) Medium: a) Painting section from a handscroll mounted as a hanging scroll; ink and color on paper
b) Calligraphy from handscroll section mounted as a hanging scroll; ink on paper Classification: Paintings Tags: Men; Horses",1283.0,-0.39115694,-0.2897287,0.45113406,-0.167206
53205,Mandala of the Bodhisattva Hannya (Prajnaparamita),Hanging scroll,Japan,Nanbokuchō period (1336–92),1336,1392,,,,,"Hanging scroll; ink, color, gold, and gold foil on silk",Paintings,"Mary Griggs Burke Collection, Gift of the Mary and Jackson Burke Foundation, 2000",Dragons; Buddhism; Bodhisattvas; Deities; Demons; Musicians,https://images.metmuseum.org/CRDImages/as/original/DT209331.jpg,https://images.metmuseum.org/CRDImages/as/web-large/DT209331.jpg,https://www.metmuseum.org/art/collection/search/53205,True,The Metropolitan Museum of Art Collection API,Buddha; Buddhist; Bodhisattva; Vajra; Mandala; Stupa; Sutra; Ritual,Asian Art,,,"Mary Griggs Burke Collection, Gift of the Mary and Jackson Burke Foundation, 2000",insufficient or ambiguous contextual evidence,Other,"Title: Mandala of the Bodhisattva Hannya (Prajnaparamita) Object type: Hanging scroll Culture: Japan Period: Nanbokuchō period (1336–92) Medium: Hanging scroll; ink, color, gold, and gold foil on silk Classification: Paintings Tags: Dragons; Buddhism; Bodhisattvas; Deities; Demons; Musicians",1364.0,-0.24553429,-0.23320243,0.45219192,-0.056214187
53226,Two Views from the Eight Views of the Xiao and Xiang Rivers,Hanging scrolls,Japan,Muromachi period (1392–1573),1500,1533,,,,,Pair of hanging scrolls; ink and color on paper,Paintings,"Mary Griggs Burke Collection, Gift of the Mary and Jackson Burke Foundation, 2015",Rivers; Mountains; Landscapes,https://images.metmuseum.org/CRDImages/as/original/DP700764_crd.jpg,https://images.metmuseum.org/CRDImages/as/web-large/DP700764_crd.jpg,https://www.metmuseum.org/art/collection/search/53226,True,The Metropolitan Museum of Art Collection API,Buddhist; China,Asian Art,,,"Mary Griggs Burke Collection, Gift of the Mary and Jackson Burke Foundation, 2015",insufficient or ambiguous contextual evidence,Other,Title: Two Views from the Eight Views of the Xiao and Xiang Rivers Object type: Hanging scrolls Culture: Japan Period: Muromachi period (1392–1573) Medium: Pair of hanging scrolls; ink and color on paper Classification: Paintings Tags: Rivers; Mountains; Landscapes,1516.5,-0.33844173,-0.2784124,0.46988934,-0.06980313
53237,Pheasants among Trees: Flowers of the Four Seasons,Hanging scrolls,Japan,Muromachi (1392–1573),1560,1569,,,,,"Pair of hanging scrolls; ink, color, and gold on paper",Paintings,"Mary Griggs Burke Collection, Gift of the Mary and Jackson Burke Foundation, 2015",Pheasants; Trees,https://images.metmuseum.org/CRDImages/as/original/DP361140.jpg,https://images.metmuseum.org/CRDImages/as/web-large/DP361140.jpg,https://www.metmuseum.org/art/collection/search/53237,True,The Metropolitan Museum of Art Collection API,Buddhist,Asian Art,,,"Mary Griggs Burke Collection, Gift of the Mary and Jackson Burke Foundation, 2015",insufficient or ambiguous contextual evidence,Other,"Title: Pheasants among Trees: Flowers of the Four Seasons Object type: Hanging scrolls Culture: Japan Period: Muromachi (1392–1573) Medium: Pair of hanging scrolls; ink, color, and gold on paper Classification: Paintings Tags: Pheasants; Trees",1564.5,-0.34781194,-0.18974078,0.37710595,-0.13621807
53238,Zheng Huangniu and Yushanzhu,Hanging scrolls,Japan,Momoyama period (1573–1615),1600,1633,,,,,Pair of hanging scrolls; ink on paper,Paintings,"Mary Griggs Burke Collection, Gift of the Mary and Jackson Burke Foundation, 2015",Men; Donkeys; Monks,https://images.metmuseum.org/CRDImages/as/original/DP361158.jpg,https://images.metmuseum.org/CRDImages/as/web-large/DP361158.jpg,https://www.metmuseum.org/art/collection/search/53238,True,The Metropolitan Museum of Art Collection API,Buddha; Buddhist; Bodhisattva; Avalokiteshvara; Guanyin; Tara; Vajra; Mandala; Thangka; Stupa; Sutra; Ritual; Tibet; Nepal; India; China,Asian Art,,,"Mary Griggs Burke Collection, Gift of the Mary and Jackson Burke Foundation, 2015",insufficient or ambiguous contextual evidence,Other,Title: Zheng Huangniu and Yushanzhu Object type: Hanging scrolls Culture: Japan Period: Momoyama period (1573–1615) Medium: Pair of hanging scrolls; ink on paper Classification: Paintings Tags: Men; Donkeys; Monks,1616.5,-0.21765257,-0.11005655,0.49230614,-0.095938735
53241,Willows and Bridge,Screens,Japan,Momoyama period (1573–1615),1600,1615,,,,,"Pair of six-panel folding screens; ink, color, copper, gold, and gold leaf on paper",Paintings,"Mary Griggs Burke Collection, Gift of the Mary and Jackson Burke Foundation, 2015",Bridges; Plants,https://images.metmuseum.org/CRDImages/as/original/DP362575.jpg,https://images.metmuseum.org/CRDImages/as/web-large/DP362575.jpg,https://www.metmuseum.org/art/collection/search/53241,True,The Metropolitan Museum of Art Collection API,Buddha; Buddhist,Asian Art,,,"Mary Griggs Burke Collection, Gift of the Mary and Jackson Burke Foundation, 2015",insufficient or ambiguous contextual evidence,Other,"Title: Willows and Bridge Object type: Screens Culture: Japan Period: Momoyama period (1573–1615) Medium: Pair of six-panel folding screens; ink, color, copper, gold, and gold leaf on paper Classification: Paintings Tags: Bridges; Plants",1607.5,-0.22961323,-0.2484769,0.25121146,-0.051306482
53242,"“Butterflies” (Kochō), from the Tale of Genji",Screen,Japan,Momoyama period (1573–1615),1567,1613,,,,,"Six-panel folding screen; ink, color, gold, and gold leaf on paper",Paintings,"Mary Griggs Burke Collection, Gift of the Mary and Jackson Burke Foundation, 2015",Men; Women; Trees; Boats,https://images.metmuseum.org/CRDImages/as/original/DP362565.jpg,https://images.metmuseum.org/CRDImages/as/web-large/DP362565.jpg,https://www.metmuseum.org/art/collection/search/53242,True,The Metropolitan Museum of Art Collection API,Sutra,Asian Art,,,"Mary Griggs Burke Collection, Gift of the Mary and Jackson Burke Foundation, 2015",insufficient or ambiguous contextual evidence,Other,"Title: “Butterflies” (Kochō), from the Tale of Genji Object type: Screen Culture: Japan Period: Momoyama period (1573–1615) Medium: Six-panel folding screen; ink, color, gold, and gold leaf on paper Classification: Paintings Tags: Men; Women; Trees; Boats",1590.0,-0.26896742,-0.26442382,0.3338796,-0.053106677
53408,White Plum Blossoms and Moon,Hanging scroll,Japan,Edo period (1615–1868),1755,1755,,,,,Hanging scroll; ink and color on silk,Paintings,"Mary Griggs Burke Collection, Gift of the Mary and Jackson Burke Foundation, 2015",Flowers; Trees,https://images.metmuseum.org/CRDImages/as/original/DP-12232-273.jpg,https://images.metmuseum.org/CRDImages/as/web-large/DP-12232-273.jpg,https://www.metmuseum.org/art/collection/search/53408,True,The Metropolitan Museum of Art Collection API,Buddhist; China,Asian Art,,,"Mary Griggs Burke Collection, Gift of the Mary and Jackson Burke Foundation, 2015",insufficient or ambiguous contextual evidence,Other,Title: White Plum Blossoms and Moon Object type: Hanging scroll Culture: Japan Period: Edo period (1615–1868) Medium: Hanging scroll; ink and color on silk Classification: Paintings Tags: Flowers; Trees,1755.0,-0.19573177,-0.23687789,0.35967287,-0.17847323
53427,Six Jewel Rivers,Handscrolls,Japan,Edo period (1615–1868),1829,1849,,,,,"Six handscrolls; ink, color, and gold on silk",Paintings,"Mary Griggs Burke Collection, Gift of the Mary and Jackson Burke Foundation, 2015",Men; Rivers; Landscapes,https://images.metmuseum.org/CRDImages/as/original/DT372445.jpg,https://images.metmuseum.org/CRDImages/as/web-large/DT372445.jpg,https://www.metmuseum.org/art/collection/search/53427,True,The Metropolitan Museum of Art Collection API,Buddhist,Asian Art,,,"Mary Griggs Burke Collection, Gift of the Mary and Jackson Burke Foundation, 2015",insufficient or ambiguous contextual evidence,Other,"Title: Six Jewel Rivers Object type: Handscrolls Culture: Japan Period: Edo period (1615–1868) Medium: Six handscrolls; ink, color, and gold on silk Classification: Paintings Tags: Men; Rivers; Landscapes",1839.0,-0.42979228,-0.116998404,0.15836743,-0.056623876
53428,Scenes in and around the Capital,Screens,Japan,Edo period (1615–1868),1600,1699,,,,,"Pair of six-panel folding screens; ink, color, gold, and gold leaf on paper",Paintings,"Mary Griggs Burke Collection, Gift of the Mary and Jackson Burke Foundation, 2015",Buildings; Cities,https://images.metmuseum.org/CRDImages/as/original/DP-12432-004.jpg,https://images.metmuseum.org/CRDImages/as/web-large/DP-12432-004.jpg,https://www.metmuseum.org/art/collection/search/53428,True,The Metropolitan Museum of Art Collection API,Buddha; Buddhist; Stupa,Asian Art,,,"Mary Griggs Burke Collection, Gift of the Mary and Jackson Burke Foundation, 2015",insufficient or ambiguous contextual evidence,Other,"Title: Scenes in and around the Capital Object type: Screens Culture: Japan Period: Edo period (1615–1868) Medium: Pair of six-panel folding screens; ink, color, gold, and gold leaf on paper Classification: Paintings Tags: Buildings; Cities",1649.5,-0.317424,-0.24235204,0.17819457,-0.17422494
53429,Cherry Blossom Viewing at Itsukushima and Yoshino,Screens,Japan,Edo period (1615–1868),1520,1750,,,,,"Pair of six-panel folding screens; ink, color, and gold leaf on paper",Paintings,"Mary Griggs Burke Collection, Gift of the Mary and Jackson Burke Foundation, 2015",Houses; Trees,https://images.metmuseum.org/CRDImages/as/original/DP362588.jpg,https://images.metmuseum.org/CRDImages/as/web-large/DP362588.jpg,https://www.metmuseum.org/art/collection/search/53429,True,The Metropolitan Museum of Art Collection API,Sutra; China,Asian Art,,,"Mary Griggs Burke Collection, Gift of the Mary and Jackson Burke Foundation, 2015",insufficient or ambiguous contextual evidence,Other,"Title: Cherry Blossom Viewing at Itsukushima and Yoshino Object type: Screens Culture: Japan Period: Edo period (1615–1868) Medium: Pair of six-panel folding screens; ink, color, and gold leaf on paper Classification: Paintings Tags: Houses; Trees",1635.0,-0.20515673,-0.2257159,0.32893166,-0.14445837
53438,Page of a Pilgrim’s Visiting Album,Book fragment,Japan,Edo period (1615–1868),1767,1899,,,,,"Album page; ink, color, and gold on paper, textile cover",Illustrated Books,"Gift of Estate of Samuel Isham, 1914",Buddhism; Avalokiteshvara; Buddha,https://images.metmuseum.org/CRDImages/as/original/14_140_2_sf.jpg,https://images.metmuseum.org/CRDImages/as/web-large/14_140_2_sf.jpg,https://www.metmuseum.org/art/collection/search/53438,True,The Metropolitan Museum of Art Collection API,Buddha; Bodhisattva; Avalokiteshvara,Asian Art,,,"Gift of Estate of Samuel Isham, 1914",insufficient or ambiguous contextual evidence,Other,"Title: Page of a Pilgrim’s Visiting Album Object type: Book fragment Culture: Japan Period: Edo period (1615–1868) Medium: Album page; ink, color, and gold on paper, textile cover Classification: Illustrated Books Tags: Buddhism; Avalokiteshvara; Buddha",1833.0,-0.19994359,-0.08027586,0.23584886,-0.12330764
53455,Pine Tree and Calligraphy,Hanging scrolls,Japan,Edo period (1615–1868),1767,1807,,,,,Album leaves mounted as hanging scrolls; ink on paper,Paintings,"Mary Griggs Burke Collection, Gift of the Mary and Jackson Burke Foundation, 2015",Trees,https://images.metmuseum.org/CRDImages/as/original/DP357987.jpg,https://images.metmuseum.org/CRDImages/as/web-large/DP357987.jpg,https://www.metmuseum.org/art/collection/search/53455,True,The Metropolitan Museum of Art Collection API,Buddhist,Asian Art,,,"Mary Griggs Burke Collection, Gift of the Mary and Jackson Burke Foundation, 2015",insufficient or ambiguous contextual evidence,Other,Title: Pine Tree and Calligraphy Object type: Hanging scrolls Culture: Japan Period: Edo period (1615–1868) Medium: Album leaves mounted as hanging scrolls; ink on paper Classification: Paintings Tags: Trees,1787.0,-0.29121998,-0.3224382,0.38809347,-0.07483823
53625,Dogū (Clay Figurine),Figurine,Japan,Final Jōmon period (ca. 1000–300 BCE),-1050,-200,,,,,Earthenware,Ceramics,"Gift of Mr. and Mrs. Jerome Koizim, 1978",Female Nudes,https://images.metmuseum.org/CRDImages/as/original/DT10152.jpg,https://images.metmuseum.org/CRDImages/as/web-large/DT10152.jpg,https://www.metmuseum.org/art/collection/search/53625,True,The Metropolitan Museum of Art Collection API,Ritual,Asian Art,,,"Gift of Mr. and Mrs. Jerome Koizim, 1978",insufficient or ambiguous contextual evidence,Other,Title: Dogū (Clay Figurine) Object type: Figurine Culture: Japan Period: Final Jōmon period (ca. 1000–300 BCE) Medium: Earthenware Classification: Ceramics Tags: Female Nudes,-625.0,0.3836117,0.0086625395,0.058813103,-0.026848054
53650,Incense Burner in Form of a Praying Mantis,Incense burner,Japan,Meiji period (1868–1912),1849,1899,,,,,"Iron, gold, silver lining",Metalwork,"The Howard Mansfield Collection, Gift of Howard Mansfield, 1936",Insects,https://images.metmuseum.org/CRDImages/as/original/DP224998.jpg,https://images.metmuseum.org/CRDImages/as/web-large/DP224998.jpg,https://www.metmuseum.org/art/collection/search/53650,True,The Metropolitan Museum of Art Collection API,Ritual,Asian Art,,,"The Howard Mansfield Collection, Gift of Howard Mansfield, 1936",insufficient or ambiguous contextual evidence,Other,"Title: Incense Burner in Form of a Praying Mantis Object type: Incense burner Culture: Japan Period: Meiji period (1868–1912) Medium: Iron, gold, silver lining Classification: Metalwork Tags: Insects",1874.0,0.22011572,0.002599268,0.16692753,-0.02681321
53660,Ten Verses on Oxherding,Handscroll,Japan,Kamakura period (1185–1333),1185,1350,,,,,Handscroll; ink and color on paper,Paintings,"Mary Griggs Burke Collection, Gift of the Mary and Jackson Burke Foundation, 2015",Men; Ox; Parables,https://images.metmuseum.org/CRDImages/as/original/2015_300_10_Burke_website.jpg,https://images.metmuseum.org/CRDImages/as/web-large/2015_300_10_Burke_website.jpg,https://www.metmuseum.org/art/collection/search/53660,True,The Metropolitan Museum of Art Collection API,Buddha; Buddhist; Bodhisattva; Avalokiteshvara; Guanyin; Tara; Vajra; Mandala; Thangka; Stupa; Sutra; Ritual; Tibet; Nepal; India; China,Asian Art,,,"Mary Griggs Burke Collection, Gift of the Mary and Jackson Burke Foundation, 2015",insufficient or ambiguous contextual evidence,Other,Title: Ten Verses on Oxherding Object type: Handscroll Culture: Japan Period: Kamakura period (1185–1333) Medium: Handscroll; ink and color on paper Classification: Paintings Tags: Men; Ox; Parables,1267.5,-0.30262575,-0.24198632,0.28179094,-0.15225022
53892,Albums of scenes from The Tale of Genji,Albums,Japan,Edo period (1615–1868),1600,1700,,,,,"Two albums of thirty leaves; ink, red pigment, and gold on paper",Paintings,"Mary Griggs Burke Collection, Gift of the Mary and Jackson Burke Foundation, 2015",Men; Women,https://images.metmuseum.org/CRDImages/as/original/LC-2015_300_34ab_001.jpg,https://images.metmuseum.org/CRDImages/as/web-large/LC-2015_300_34ab_001.jpg,https://www.metmuseum.org/art/collection/search/53892,True,The Metropolitan Museum of Art Collection API,Buddha; Sutra,Asian Art,,,"Mary Griggs Burke Collection, Gift of the Mary and Jackson Burke Foundation, 2015",insufficient or ambiguous contextual evidence,Other,"Title: Albums of scenes from The Tale of Genji Object type: Albums Culture: Japan Period: Edo period (1615–1868) Medium: Two albums of thirty leaves; ink, red pigment, and gold on paper Classification: Paintings Tags: Men; Women",1650.0,-0.34505633,-0.24372216,0.15542349,-0.11458233
57249,Hanshan and Shide,Hanging scroll,Japan,,1550,1599,,,,,Hanging scroll; ink on paper,Paintings,"Rogers Fund, 1957",Men,https://images.metmuseum.org/CRDImages/as/original/DP-37456-002.jpg,https://images.metmuseum.org/CRDImages/as/web-large/DP-37456-002.jpg,https://www.metmuseum.org/art/collection/search/57249,True,The Metropolitan Museum of Art Collection API,Buddha; Buddhist; Bodhisattva; China,Asian Art,,,"Rogers Fund, 1957",insufficient or ambiguous contextual evidence,Other,Title: Hanshan and Shide Object type: Hanging scroll Culture: Japan Medium: Hanging scroll; ink on paper Classification: Paintings Tags: Men,1574.5,-0.2439247,-0.053905323,0.34823444,-0.26043406
57363,Page of a Pilgrim’s Visiting Album,Book fragment,Japan,Edo period (1615–1868),1767,1899,,,,,"Album page; ink, color, and gold on paper, textile cover",Illustrated Books,"Gift of Estate of Samuel Isham, 1914",Buddhism; Buddha,https://images.metmuseum.org/CRDImages/as/original/14_140_3_sf.jpg,https://images.metmuseum.org/CRDImages/as/web-large/14_140_3_sf.jpg,https://www.metmuseum.org/art/collection/search/57363,True,The Metropolitan Museum of Art Collection API,Buddha; Bodhisattva; Avalokiteshvara,Asian Art,,,"Gift of Estate of Samuel Isham, 1914",insufficient or ambiguous contextual evidence,Other,"Title: Page of a Pilgrim’s Visiting Album Object type: Book fragment Culture: Japan Period: Edo period (1615–1868) Medium: Album page; ink, color, and gold on paper, textile cover Classification: Illustrated Books Tags: Buddhism; Buddha",1833.0,-0.18554312,-0.19264099,0.25100762,-0.136482
57573,Statuette of Buddha Sitting on Engraved Throne,Statuette,Korea,Late Unified Silla dynasty (676–935),900,999,,,,,Gilt bronze,Sculpture,"Rogers Fund, 1917",Buddhism; Buddha,https://images.metmuseum.org/CRDImages/as/original/17_118_49_36907.jpg,https://images.metmuseum.org/CRDImages/as/web-large/17_118_49_36907.jpg,https://www.metmuseum.org/art/collection/search/57573,True,The Metropolitan Museum of Art Collection API,Buddha; Sutra; China,Asian Art,,,"Rogers Fund, 1917",insufficient or ambiguous contextual evidence,Other,Title: Statuette of Buddha Sitting on Engraved Throne Object type: Statuette Culture: Korea Period: Late Unified Silla dynasty (676–935) Medium: Gilt bronze Classification: Sculpture Tags: Buddhism; Buddha,949.5,0.17595729,-0.05409356,0.21963713,-0.084172115
60435,Section of the Dream Diary (Yume no ki),Hanging scroll,Japan,Kamakura period (1185–1333),1225,1225,,,,,Hanging scroll; ink on paper,Calligraphy,"Gift of Sylvan Barnet and William Burto, in honor of Saretta and Howard Barnet, 2014",,https://images.metmuseum.org/CRDImages/as/original/DP700719.jpg,https://images.metmuseum.org/CRDImages/as/web-large/DP700719.jpg,https://www.metmuseum.org/art/collection/search/60435,True,The Metropolitan Museum of Art Collection API,Sutra,Asian Art,,,"Gift of Sylvan Barnet and William Burto, in honor of Saretta and Howard Barnet, 2014",insufficient or ambiguous contextual evidence,Other,Title: Section of the Dream Diary (Yume no ki) Object type: Hanging scroll Culture: Japan Period: Kamakura period (1185–1333) Medium: Hanging scroll; ink on paper Classification: Calligraphy,1225.0,-0.20173278,-0.29719552,0.5344,-0.09430499
60437,Section of the Dream Diary with a Sketch of Mountains,Hanging scroll,Japan,Kamakura period (1185–1333),1203,1210,,,,,Hanging scroll; ink on paper,Calligraphy,"Gift of Sylvan Barnet and William Burto, in honor of Saretta and Howard Barnet, 2014",,https://images.metmuseum.org/CRDImages/as/original/DP298316.jpg,https://images.metmuseum.org/CRDImages/as/web-large/DP298316.jpg,https://www.metmuseum.org/art/collection/search/60437,True,The Metropolitan Museum of Art Collection API,Buddha; Buddhist; Sutra; India,Asian Art,,,"Gift of Sylvan Barnet and William Burto, in honor of Saretta and Howard Barnet, 2014",insufficient or ambiguous contextual evidence,Other,Title: Section of the Dream Diary with a Sketch of Mountains Object type: Hanging scroll Culture: Japan Period: Kamakura period (1185–1333) Medium: Hanging scroll; ink on paper Classification: Calligraphy,1206.5,-0.3090182,-0.3074069,0.45938784,-0.05116221
60451,Letter to the Nun Jōjūbō,Hanging scroll,Japan,Kamakura period (1185–1333),1221,1221,,,,,Hanging scroll; ink on paper,Calligraphy,"Gift of Sylvan Barnet and William Burto, in honor of Saretta and Howard Barnet, 2014",,https://images.metmuseum.org/CRDImages/as/original/DP298302.jpg,https://images.metmuseum.org/CRDImages/as/web-large/DP298302.jpg,https://www.metmuseum.org/art/collection/search/60451,True,The Metropolitan Museum of Art Collection API,Buddha; Sutra,Asian Art,,,"Gift of Sylvan Barnet and William Burto, in honor of Saretta and Howard Barnet, 2014",insufficient or ambiguous contextual evidence,Other,Title: Letter to the Nun Jōjūbō Object type: Hanging scroll Culture: Japan Period: Kamakura period (1185–1333) Medium: Hanging scroll; ink on paper Classification: Calligraphy,1221.0,-0.2795546,-0.3422938,0.4850864,-0.14491646
60470,On Reclusion,Hanging scroll,Japan,Nanbokuchō period (1336–92),1300,1349,,,,,Hanging scroll; ink on paper,Calligraphy,"Gift of Sylvan Barnet and William Burto, in honor of Miyeko Murase, 2014",,https://images.metmuseum.org/CRDImages/as/original/DP298241.jpg,https://images.metmuseum.org/CRDImages/as/web-large/DP298241.jpg,https://www.metmuseum.org/art/collection/search/60470,True,The Metropolitan Museum of Art Collection API,Buddha; Buddhist; Bodhisattva; Avalokiteshvara; Guanyin; Tara; Vajra; Mandala; Thangka; Stupa; Sutra; Ritual; Tibet; Nepal; India; China,Asian Art,,,"Gift of Sylvan Barnet and William Burto, in honor of Miyeko Murase, 2014",insufficient or ambiguous contextual evidence,Other,Title: On Reclusion Object type: Hanging scroll Culture: Japan Period: Nanbokuchō period (1336–92) Medium: Hanging scroll; ink on paper Classification: Calligraphy,1324.5,-0.25031814,-0.33180872,0.5299591,-0.09044751
61532,Stele with Maitreya and attendant bodhisattvas,Stele,China,Northern Wei dynasty (386–534),534,534,,,,,Stone,Sculpture,"Rogers Fund, 1919",Buddha,https://images.metmuseum.org/CRDImages/as/original/43058.jpg,https://images.metmuseum.org/CRDImages/as/web-large/43058.jpg,https://www.metmuseum.org/art/collection/search/61532,True,The Metropolitan Museum of Art Collection API,Buddha; Bodhisattva; China,Asian Art,,,"Rogers Fund, 1919",insufficient or ambiguous contextual evidence,Other,Title: Stele with Maitreya and attendant bodhisattvas Object type: Stele Culture: China Period: Northern Wei dynasty (386–534) Medium: Stone Classification: Sculpture Tags: Buddha,534.0,0.09983552,-0.04356902,0.3019907,-0.026859509
61658,Bodhisattva Avalokiteshvara (Guanyin),Figure,China,Yuan dynasty (1271–1368),1282,1282,,,,,Wood (wiillow) with traces of pigment; single woodblock construction,Sculpture,"Purchase, Joseph Pulitzer Bequest, 1934",Buddhism; Avalokiteshvara; Bodhisattvas,https://images.metmuseum.org/CRDImages/as/original/DP223478.jpg,https://images.metmuseum.org/CRDImages/as/web-large/DP223478.jpg,https://www.metmuseum.org/art/collection/search/61658,True,The Metropolitan Museum of Art Collection API,Bodhisattva; Avalokiteshvara; Guanyin; Tibet; China,Asian Art,,,"Purchase, Joseph Pulitzer Bequest, 1934",insufficient or ambiguous contextual evidence,Other,Title: Bodhisattva Avalokiteshvara (Guanyin) Object type: Figure Culture: China Period: Yuan dynasty (1271–1368) Medium: Wood (wiillow) with traces of pigment; single woodblock construction Classification: Sculpture Tags: Buddhism; Avalokiteshvara; Bodhisattvas,1282.0,0.23393601,0.08194382,0.1731861,0.03890634
61820,"Seated Buddha, probably Shakyamuni (Shijiamouni)",Figure,China,Sixteen Kingdoms period (304–439),367,433,,,,,Gilt bronze; piece-mold cast,Sculpture,"Purchase, Arthur M. Sackler Gift, 1974",Buddhism; Buddha,https://images.metmuseum.org/CRDImages/as/original/DP-15581-062.jpg,https://images.metmuseum.org/CRDImages/as/web-large/DP-15581-062.jpg,https://www.metmuseum.org/art/collection/search/61820,True,The Metropolitan Museum of Art Collection API,Buddha; Ritual; China,Asian Art,,,"Purchase, Arthur M. Sackler Gift, 1974",insufficient or ambiguous contextual evidence,Other,"Title: Seated Buddha, probably Shakyamuni (Shijiamouni) Object type: Figure Culture: China Period: Sixteen Kingdoms period (304–439) Medium: Gilt bronze; piece-mold cast Classification: Sculpture Tags: Buddhism; Buddha",400.0,0.21756312,-0.009905808,0.2602003,-0.09693956
68308,Seven-Panel Buddhist Monk’s Vestment (Shichijō kesa) with Crane Patterns on Hexagonal Diaper Pattern (Mokkō) Background,"Robe, Monk's",Japan,Edo period (1615–1868),1615,1624,,,,,Twill-weave silk with supplementary weft patterning (karaori),Textiles-Costumes,"Purchase, Joseph Pulitzer Bequest, 1919",Cranes,https://images.metmuseum.org/CRDImages/as/original/43840.jpg,https://images.metmuseum.org/CRDImages/as/web-large/43840.jpg,https://www.metmuseum.org/art/collection/search/68308,True,The Metropolitan Museum of Art Collection API,Buddha; Buddhist,Asian Art,,,"Purchase, Joseph Pulitzer Bequest, 1919",insufficient or ambiguous contextual evidence,Other,"Title: Seven-Panel Buddhist Monk’s Vestment (Shichijō kesa) with Crane Patterns on Hexagonal Diaper Pattern (Mokkō) Background Object type: Robe, Monk's Culture: Japan Period: Edo period (1615–1868) Medium: Twill-weave silk with supplementary weft patterning (karaori) Classification: Textiles-Costumes Tags: Cranes",1619.5,-0.057227988,-0.22092915,0.3564546,0.0024881288
68310,Seven-Panel Buddhist Monk’s Vestment (Shichijō kesa) with Peony Patterns in Undulating Columns,"Robe, Priest's",Japan,Edo period (1615–1868),1700,1733,,,,,Twill-weave silk with supplementary weft patterning,Textiles-Costumes,"Purchase, Joseph Pulitzer Bequest, 1919",,https://images.metmuseum.org/CRDImages/as/original/43842.jpg,https://images.metmuseum.org/CRDImages/as/web-large/43842.jpg,https://www.metmuseum.org/art/collection/search/68310,True,The Metropolitan Museum of Art Collection API,Buddha; Buddhist,Asian Art,,,"Purchase, Joseph Pulitzer Bequest, 1919",insufficient or ambiguous contextual evidence,Other,"Title: Seven-Panel Buddhist Monk’s Vestment (Shichijō kesa) with Peony Patterns in Undulating Columns Object type: Robe, Priest's Culture: Japan Period: Edo period (1615–1868) Medium: Twill-weave silk with supplementary weft patterning Classification: Textiles-Costumes",1716.5,0.005423239,-0.18394448,0.34194085,-0.032205734
73540,A Large Elephant Recently Imported from Overseas (Shinto hakurai no daizō),Woodblock print,Japan,Edo period (1615–1868),1863,1863,,,,,Diptych of woodblock prints (nishiki-e); ink and color on paper,Prints,"Bequest of William S. Lieberman, 2005",Men; Women; Elephants,https://images.metmuseum.org/CRDImages/as/original/DP148102.jpg,https://images.metmuseum.org/CRDImages/as/web-large/DP148102.jpg,https://www.metmuseum.org/art/collection/search/73540,True,The Metropolitan Museum of Art Collection API,India,Asian Art,,,"Bequest of William S. Lieberman, 2005",insufficient or ambiguous contextual evidence,Other,Title: A Large Elephant Recently Imported from Overseas (Shinto hakurai no daizō) Object type: Woodblock print Culture: Japan Period: Edo period (1615–1868) Medium: Diptych of woodblock prints (nishiki-e); ink and color on paper Classification: Prints Tags: Men; Women; Elephants,1863.0,-0.28753245,-0.07655209,0.19973281,-0.009947712
76084,The Bodhisattva Jizō,Statue,Japan,Kamakura period (1185–1333),1291,1291,,,,,"Japanese cypress wood (hinoki) with polychrome pigments, gold paint (kindei), cut gold leaf (kirikane), and rock-crystal eyes",Sculpture,"Purchase, Florence and Herbert Irving Acquisitions Fund for Asian Art, Florence and Herbert Irving Acquisitions Fund, by exchange, The Miriam and Ira D. Wallach Foundation Fund, Brooke Russell Astor Bequest, and Fletcher Fund, 2023",,https://images.metmuseum.org/CRDImages/as/original/DP-14364-001.jpg,https://images.metmuseum.org/CRDImages/as/web-large/DP-14364-001.jpg,https://www.metmuseum.org/art/collection/search/76084,True,The Metropolitan Museum of Art Collection API,Buddhist; Bodhisattva,Asian Art,,,"Purchase, Florence and Herbert Irving Acquisitions Fund for Asian Art, Florence and Herbert Irving Acquisitions Fund, by exchange, The Miriam and Ira D. Wallach Foundation Fund, Brooke Russell Astor Bequest, and Fletcher Fund, 2023",insufficient or ambiguous contextual evidence,Other,"Title: The Bodhisattva Jizō Object type: Statue Culture: Japan Period: Kamakura period (1185–1333) Medium: Japanese cypress wood (hinoki) with polychrome pigments, gold paint (kindei), cut gold leaf (kirikane), and rock-crystal eyes Classification: Sculpture",1291.0,0.11701718,0.05046165,0.24912177,0.018129341
78145,Portrait of Bodhidharma,Hanging scroll,Japan,Edo period (1615–1868),1734,1766,,,,,Hanging scroll; ink on paper,Paintings,"Gift of Florence and Herbert Irving, 2015",Men; Portraits,https://images.metmuseum.org/CRDImages/as/original/DP355572.jpg,https://images.metmuseum.org/CRDImages/as/web-large/DP355572.jpg,https://www.metmuseum.org/art/collection/search/78145,True,The Metropolitan Museum of Art Collection API,Buddha; Buddhist; China,Asian Art,,,"Gift of Florence and Herbert Irving, 2015",insufficient or ambiguous contextual evidence,Other,Title: Portrait of Bodhidharma Object type: Hanging scroll Culture: Japan Period: Edo period (1615–1868) Medium: Hanging scroll; ink on paper Classification: Paintings Tags: Men; Portraits,1750.0,-0.20291333,-0.022255434,0.4342483,-0.18680589
78257,Kali,Chromolithograph,"India, Kolkata, West Bengal,",,1875,1905,,,,,Chromolithograph on paper,Prints,"Purchase, Anonymous Gift, 2013",Goddess; Shiva; Hinduism,https://images.metmuseum.org/CRDImages/as/original/DP702072.jpg,https://images.metmuseum.org/CRDImages/as/web-large/DP702072.jpg,https://www.metmuseum.org/art/collection/search/78257,True,The Metropolitan Museum of Art Collection API,India,Asian Art,,,"Purchase, Anonymous Gift, 2013",insufficient or ambiguous contextual evidence,Other,"Title: Kali Object type: Chromolithograph Culture: India, Kolkata, West Bengal, Medium: Chromolithograph on paper Classification: Prints Tags: Goddess; Shiva; Hinduism",1890.0,-0.19628352,-0.0015327026,0.13536254,-0.1578736
78260,Vishva Rajalakshmi Gomata,Lithograph,India,,1880,1900,,,,,Lithograph,Prints,"Purchase, Gift of Mrs. William J. Calhoun, by exchange, 2013",Men; Women; Cows,https://images.metmuseum.org/CRDImages/as/original/DP702075.jpg,https://images.metmuseum.org/CRDImages/as/web-large/DP702075.jpg,https://www.metmuseum.org/art/collection/search/78260,True,The Metropolitan Museum of Art Collection API,India,Asian Art,,,"Purchase, Gift of Mrs. William J. Calhoun, by exchange, 2013",insufficient or ambiguous contextual evidence,Other,Title: Vishva Rajalakshmi Gomata Object type: Lithograph Culture: India Medium: Lithograph Classification: Prints Tags: Men; Women; Cows,1890.0,-0.299936,-0.012317871,0.072926804,-0.13112722
192770,Saint Bridget of Sweden Receiving the Rule of Her Order,Relief,,,1459,1459,,,,,Marble,Sculpture,"John Stewart Kennedy Fund, 1914",Women; Flowers; Angels; Saints,https://images.metmuseum.org/CRDImages/es/original/DP224276.jpg,https://images.metmuseum.org/CRDImages/es/web-large/DP224276.jpg,https://www.metmuseum.org/art/collection/search/192770,True,The Metropolitan Museum of Art Collection API,Buddha; Buddhist; Bodhisattva; Avalokiteshvara; Guanyin; Tara; Vajra; Mandala; Thangka; Stupa; Sutra; Ritual; Tibet; Nepal; India; China,European Sculpture and Decorative Arts,,,"John Stewart Kennedy Fund, 1914",insufficient or ambiguous contextual evidence,Other,Title: Saint Bridget of Sweden Receiving the Rule of Her Order Object type: Relief Medium: Marble Classification: Sculpture Tags: Women; Flowers; Angels; Saints,1459.0,-0.0075720805,0.19094019,-0.24837887,-0.1626952
193451,Good Shepherd,Statuette,,,1600,1799,,,,,"Ivory, with traces of gilding and polychromy",Sculpture-Miniature,"Gift of J. Pierpont Morgan, 1917",Animals; Birds; Buddha; Virgin Mary; Shepherds,https://images.metmuseum.org/CRDImages/es/original/38227.jpg,https://images.metmuseum.org/CRDImages/es/web-large/38227.jpg,https://www.metmuseum.org/art/collection/search/193451,True,The Metropolitan Museum of Art Collection API,Buddha; India,European Sculpture and Decorative Arts,,,"Gift of J. Pierpont Morgan, 1917",insufficient or ambiguous contextual evidence,Other,"Title: Good Shepherd Object type: Statuette Medium: Ivory, with traces of gilding and polychromy Classification: Sculpture-Miniature Tags: Animals; Birds; Buddha; Virgin Mary; Shepherds",1699.5,0.20127402,-0.030583655,-0.18286239,-0.118983425
194191,Clock watch with astronomical dial and sundial,Clock watch,,,1600,1615,,,,,"Case: gilded brass; Dial: gilded brass, silver, and copper; Movement: gilded brass, partly blued steel, and silver",Horology,"Gift of J. Pierpont Morgan, 1917",,https://images.metmuseum.org/CRDImages/es/original/DP340434.jpg,https://images.metmuseum.org/CRDImages/es/web-large/DP340434.jpg,https://www.metmuseum.org/art/collection/search/194191,True,The Metropolitan Museum of Art Collection API,Buddha; Buddhist; Bodhisattva; Avalokiteshvara; Guanyin; Tara; Vajra; Mandala; Thangka; Stupa; Sutra; Ritual; Tibet; Nepal; India; China,European Sculpture and Decorative Arts,,,"Gift of J. Pierpont Morgan, 1917",insufficient or ambiguous contextual evidence,Other,"Title: Clock watch with astronomical dial and sundial Object type: Clock watch Medium: Case: gilded brass; Dial: gilded brass, silver, and copper; Movement: gilded brass, partly blued steel, and silver Classification: Horology",1607.5,0.15773186,-0.07878064,-0.053857017,-0.081896305
197460,Saint Catherine of Siena,Statue,,,1595,1605,,,,,"Bronze, partially oil-gilt",Sculpture-Bronze,"Harris Brisbane Dick Fund, 1933",Saint Catherine,https://images.metmuseum.org/CRDImages/es/original/DP-22142-001.jpg,https://images.metmuseum.org/CRDImages/es/web-large/DP-22142-001.jpg,https://www.metmuseum.org/art/collection/search/197460,True,The Metropolitan Museum of Art Collection API,Buddha; Buddhist; Bodhisattva; Avalokiteshvara; Guanyin; Tara; Vajra; Mandala; Thangka; Stupa; Sutra; Ritual; Tibet; Nepal; India; China,European Sculpture and Decorative Arts,,,"Harris Brisbane Dick Fund, 1933",insufficient or ambiguous contextual evidence,Other,"Title: Saint Catherine of Siena Object type: Statue Medium: Bronze, partially oil-gilt Classification: Sculpture-Bronze Tags: Saint Catherine",1600.0,0.16925,0.23573366,-0.33712974,-0.15019034
197461,Saint Bernardino of Siena,Statue,,,1595,1605,,,,,"Bronze, partially oil-gilt",Sculpture-Bronze,"Harris Brisbane Dick Fund, 1933",Men; Saints,https://images.metmuseum.org/CRDImages/es/original/DP-22143-001.jpg,https://images.metmuseum.org/CRDImages/es/web-large/DP-22143-001.jpg,https://www.metmuseum.org/art/collection/search/197461,True,The Metropolitan Museum of Art Collection API,Buddha; Buddhist; Bodhisattva; Avalokiteshvara; Guanyin; Tara; Vajra; Mandala; Thangka; Stupa; Sutra; Ritual; Tibet; Nepal; India; China,European Sculpture and Decorative Arts,,,"Harris Brisbane Dick Fund, 1933",insufficient or ambiguous contextual evidence,Other,"Title: Saint Bernardino of Siena Object type: Statue Medium: Bronze, partially oil-gilt Classification: Sculpture-Bronze Tags: Men; Saints",1600.0,0.112302445,0.17040782,-0.27061743,-0.074685365
200668,Sabine Houdon (1787–1836),Bust,,,1788,1788,,,,,White marble on gray marble socle,Sculpture,"Bequest of Mary Stillman Harkness, 1950",Girls; Portraits,https://images.metmuseum.org/CRDImages/es/original/DP242660.jpg,https://images.metmuseum.org/CRDImages/es/web-large/DP242660.jpg,https://www.metmuseum.org/art/collection/search/200668,True,The Metropolitan Museum of Art Collection API,Buddha; Buddhist; Bodhisattva; Avalokiteshvara; Guanyin; Tara; Vajra; Mandala; Thangka; Stupa; Sutra; Ritual; Tibet; Nepal; India; China,European Sculpture and Decorative Arts,,,"Bequest of Mary Stillman Harkness, 1950",insufficient or ambiguous contextual evidence,Other,Title: Sabine Houdon (1787–1836) Object type: Bust Medium: White marble on gray marble socle Classification: Sculpture Tags: Girls; Portraits,1788.0,0.22317055,0.27702942,-0.22395217,-0.16949122
200840,Glass cooler (seau à verre),Glass cooler,,,1720,1735,,,,,"Soft-paste porcelain decorated in polychrome enamels, gold",Ceramics-Porcelain,"Gift of R. Thornton Wilson, in memory of Florence Ellsworth Wilson, 1950",Faces; Men; Women,https://images.metmuseum.org/CRDImages/es/original/DP169174.jpg,https://images.metmuseum.org/CRDImages/es/web-large/DP169174.jpg,https://www.metmuseum.org/art/collection/search/200840,True,The Metropolitan Museum of Art Collection API,Buddha; Buddhist; Bodhisattva; Avalokiteshvara; Guanyin; Tara; Vajra; Mandala; Thangka; Stupa; Sutra; Ritual; Tibet; Nepal; India; China,European Sculpture and Decorative Arts,,,"Gift of R. Thornton Wilson, in memory of Florence Ellsworth Wilson, 1950",insufficient or ambiguous contextual evidence,Other,"Title: Glass cooler (seau à verre) Object type: Glass cooler Medium: Soft-paste porcelain decorated in polychrome enamels, gold Classification: Ceramics-Porcelain Tags: Faces; Men; Women",1727.5,0.08979337,0.016711487,-0.32107303,-0.09054067
201718,Street vendor,Figure,,,1745,1765,,,,,Soft-paste porcelain,Ceramics-Porcelain,"Gift of R. Thornton Wilson, in memory of Florence Ellsworth Wilson, 1954",Men,https://images.metmuseum.org/CRDImages/es/original/DP241968.jpg,https://images.metmuseum.org/CRDImages/es/web-large/DP241968.jpg,https://www.metmuseum.org/art/collection/search/201718,True,The Metropolitan Museum of Art Collection API,Buddha; Buddhist; Bodhisattva; Avalokiteshvara; Guanyin; Tara; Vajra; Mandala; Thangka; Stupa; Sutra; Ritual; Tibet; Nepal; India; China,European Sculpture and Decorative Arts,,,"Gift of R. Thornton Wilson, in memory of Florence Ellsworth Wilson, 1954",insufficient or ambiguous contextual evidence,Other,Title: Street vendor Object type: Figure Medium: Soft-paste porcelain Classification: Ceramics-Porcelain Tags: Men,1755.0,0.23789589,0.2298711,-0.28941917,-0.084254995
203915,Seated Faun,Statuette,,,1535,1555,,,,,Bronze,Sculpture-Bronze,"Gift of Irwin Untermyer, 1964",Male Nudes,https://images.metmuseum.org/CRDImages/es/original/DP-610-001.jpg,https://images.metmuseum.org/CRDImages/es/web-large/DP-610-001.jpg,https://www.metmuseum.org/art/collection/search/203915,True,The Metropolitan Museum of Art Collection API,Ritual,European Sculpture and Decorative Arts,,,"Gift of Irwin Untermyer, 1964",insufficient or ambiguous contextual evidence,Other,Title: Seated Faun Object type: Statuette Medium: Bronze Classification: Sculpture-Bronze Tags: Male Nudes,1545.0,0.2966786,0.19206432,-0.20867702,-0.11799382
204587,Emperor Antoninus Pius,Bust,,,1519,1524,,,,,"Bronze, partially oil-gilt, silver inlay, on serpentinite socle",Sculpture-Bronze,"Gift of Edward Fowles, 1965",Men,https://images.metmuseum.org/CRDImages/es/original/DP234101.jpg,https://images.metmuseum.org/CRDImages/es/web-large/DP234101.jpg,https://www.metmuseum.org/art/collection/search/204587,True,The Metropolitan Museum of Art Collection API,Buddha; Buddhist; Bodhisattva; Avalokiteshvara; Guanyin; Tara; Vajra; Mandala; Thangka; Stupa; Sutra; Ritual; Tibet; Nepal; India; China,European Sculpture and Decorative Arts,,,"Gift of Edward Fowles, 1965",insufficient or ambiguous contextual evidence,Other,"Title: Emperor Antoninus Pius Object type: Bust Medium: Bronze, partially oil-gilt, silver inlay, on serpentinite socle Classification: Sculpture-Bronze Tags: Men",1521.5,0.14890788,0.3089923,-0.19631547,-0.014342869
205883,Guanyin,Figure,,,1710,1713,,,,,Red stoneware with gilding,Ceramics-Pottery,"The Lesley and Emma Sheafer Collection, Bequest of Emma A. Sheafer, 1973",Buddhism; Bodhisattvas,https://images.metmuseum.org/CRDImages/es/original/DP352550.jpg,https://images.metmuseum.org/CRDImages/es/web-large/DP352550.jpg,https://www.metmuseum.org/art/collection/search/205883,True,The Metropolitan Museum of Art Collection API,Guanyin; China,European Sculpture and Decorative Arts,,,"The Lesley and Emma Sheafer Collection, Bequest of Emma A. Sheafer, 1973",insufficient or ambiguous contextual evidence,Other,Title: Guanyin Object type: Figure Medium: Red stoneware with gilding Classification: Ceramics-Pottery Tags: Buddhism; Bodhisattvas,1711.5,0.14099598,0.031080786,0.06268972,0.017436521
206965,Longcase astronomical regulator,Longcase astronomical regulator,,,1763,1775,,,,,"Case: oak veneered with ebony and brass, with gilt-bronze mounts; Dial: white enamel; Movement: gilded brass and steel",Horology,"The Jack and Belle Linsky Collection, 1982",,https://images.metmuseum.org/CRDImages/es/original/DP336058.jpg,https://images.metmuseum.org/CRDImages/es/web-large/DP336058.jpg,https://www.metmuseum.org/art/collection/search/206965,True,The Metropolitan Museum of Art Collection API,Buddha; Buddhist; Bodhisattva; Avalokiteshvara; Guanyin; Tara; Vajra; Mandala; Thangka; Stupa; Sutra; Ritual; Tibet; Nepal; India; China,European Sculpture and Decorative Arts,,,"The Jack and Belle Linsky Collection, 1982",insufficient or ambiguous contextual evidence,Other,"Title: Longcase astronomical regulator Object type: Longcase astronomical regulator Medium: Case: oak veneered with ebony and brass, with gilt-bronze mounts; Dial: white enamel; Movement: gilded brass and steel Classification: Horology",1769.0,0.015695836,0.033123646,-0.10429449,-0.012908459
207157,Dwarf (one of a pair),Figure,,,1735,1750,,,,,Tin-glazed soft-paste porcelain decorated in polychrome enamels,Ceramics-Porcelain,"The Jack and Belle Linsky Collection, 1982",Men,https://images.metmuseum.org/CRDImages/es/original/DP223292.jpg,https://images.metmuseum.org/CRDImages/es/web-large/DP223292.jpg,https://www.metmuseum.org/art/collection/search/207157,True,The Metropolitan Museum of Art Collection API,Buddha; Buddhist; Bodhisattva; Avalokiteshvara; Guanyin; Tara; Vajra; Mandala; Thangka; Stupa; Sutra; Ritual; Tibet; Nepal; India; China,European Sculpture and Decorative Arts,,,"The Jack and Belle Linsky Collection, 1982",insufficient or ambiguous contextual evidence,Other,Title: Dwarf (one of a pair) Object type: Figure Medium: Tin-glazed soft-paste porcelain decorated in polychrome enamels Classification: Ceramics-Porcelain Tags: Men,1742.5,0.10390351,0.13890491,-0.25265193,-0.03779114
207536,The Sacrifice of Jephthah's Daughter,Statuette group,,,1722,1737,,,,,Bronze,Sculpture-Bronze,"Wrightsman Fund, 1985",Girls; Men; Women,https://images.metmuseum.org/CRDImages/es/original/DP217264.jpg,https://images.metmuseum.org/CRDImages/es/web-large/DP217264.jpg,https://www.metmuseum.org/art/collection/search/207536,True,The Metropolitan Museum of Art Collection API,Ritual,European Sculpture and Decorative Arts,,,"Wrightsman Fund, 1985",insufficient or ambiguous contextual evidence,Other,Title: The Sacrifice of Jephthah's Daughter Object type: Statuette group Medium: Bronze Classification: Sculpture-Bronze Tags: Girls; Men; Women,1729.5,0.10017207,0.20106772,-0.07112292,-0.19204135
228990,Adam and Eve with Charles I and Henrietta Maria,Embroidered picture,,,1634,1699,,,,,Canvas worked with silk and metal thread; tent and couching stitches,Textiles-Embroidered,"Gift of Irwin Untermyer, 1964",Kings; Men; Women; Unicorns; Butterflies; Snails; Lions; Snakes; Trees; Adam; Eve,https://images.metmuseum.org/CRDImages/es/original/DP158590.jpg,https://images.metmuseum.org/CRDImages/es/web-large/DP158590.jpg,https://www.metmuseum.org/art/collection/search/228990,True,The Metropolitan Museum of Art Collection API,Buddha; Buddhist; Bodhisattva; Avalokiteshvara; Guanyin; Tara; Vajra; Mandala; Thangka; Stupa; Sutra; Ritual; Tibet; Nepal; India; China,European Sculpture and Decorative Arts,,,"Gift of Irwin Untermyer, 1964",insufficient or ambiguous contextual evidence,Other,Title: Adam and Eve with Charles I and Henrietta Maria Object type: Embroidered picture Medium: Canvas worked with silk and metal thread; tent and couching stitches Classification: Textiles-Embroidered Tags: Kings; Men; Women; Unicorns; Butterflies; Snails; Lions; Snakes; Trees; Adam; Eve,1666.5,-0.16217338,-0.11146828,-0.1869209,-0.16884007
228995,"The New Testament, The Book of Common Prayer",Book cover,,,1631,1641,,,,,"Silk, bullion, silver, and silver-gilt thread on canvas and satin",Textiles-Embroidered,"Gift of Irwin Untermyer, 1964",Musical Instruments; Birds; Men,https://images.metmuseum.org/CRDImages/es/original/DP153222.jpg,https://images.metmuseum.org/CRDImages/es/web-large/DP153222.jpg,https://www.metmuseum.org/art/collection/search/228995,True,The Metropolitan Museum of Art Collection API,Buddha; Buddhist; Bodhisattva; Avalokiteshvara; Guanyin; Tara; Vajra; Mandala; Thangka; Stupa; Sutra; Ritual; Tibet; Nepal; India; China,European Sculpture and Decorative Arts,,,"Gift of Irwin Untermyer, 1964",insufficient or ambiguous contextual evidence,Other,"Title: The New Testament, The Book of Common Prayer Object type: Book cover Medium: Silk, bullion, silver, and silver-gilt thread on canvas and satin Classification: Textiles-Embroidered Tags: Musical Instruments; Birds; Men",1636.0,-0.1727706,0.023833424,-0.007616255,-0.18528275
236643,Rothschild lamp,Oil lamp,,,1505,1525,,,,,"Bronze, on a later wood base",Sculpture-Bronze,"European Sculpture and Decorative Arts Fund, 2009",Grotesques; Putti; Rams,https://images.metmuseum.org/CRDImages/es/original/DP217107.jpg,https://images.metmuseum.org/CRDImages/es/web-large/DP217107.jpg,https://www.metmuseum.org/art/collection/search/236643,True,The Metropolitan Museum of Art Collection API,Ritual,European Sculpture and Decorative Arts,,,"European Sculpture and Decorative Arts Fund, 2009",insufficient or ambiguous contextual evidence,Other,"Title: Rothschild lamp Object type: Oil lamp Medium: Bronze, on a later wood base Classification: Sculpture-Bronze Tags: Grotesques; Putti; Rams",1515.0,0.22688656,0.06476997,-0.266567,-0.12995486
237451,Dwarf (one of a pair),Figure,,,1735,1750,,,,,Tin-glazed soft-paste porcelain decorated in polychrome enamels,Ceramics-Porcelain,"The Jack and Belle Linsky Collection, 1982",Men,https://images.metmuseum.org/CRDImages/es/original/DP223292.jpg,https://images.metmuseum.org/CRDImages/es/web-large/DP223292.jpg,https://www.metmuseum.org/art/collection/search/237451,True,The Metropolitan Museum of Art Collection API,Buddha; Buddhist; Bodhisattva; Avalokiteshvara; Guanyin; Tara; Vajra; Mandala; Thangka; Stupa; Sutra; Ritual; Tibet; Nepal; India; China,European Sculpture and Decorative Arts,,,"The Jack and Belle Linsky Collection, 1982",insufficient or ambiguous contextual evidence,Other,Title: Dwarf (one of a pair) Object type: Figure Medium: Tin-glazed soft-paste porcelain decorated in polychrome enamels Classification: Ceramics-Porcelain Tags: Men,1742.5,0.10390351,0.13890491,-0.25265193,-0.03779114
239512,Torah crown (keter),Torah crown,,,1735,1755,,,,,"Silver, parcel gilt",Judaica,"Director's Fund, 2013",Crowns,https://images.metmuseum.org/CRDImages/es/original/DP334410.jpg,https://images.metmuseum.org/CRDImages/es/web-large/DP334410.jpg,https://www.metmuseum.org/art/collection/search/239512,True,The Metropolitan Museum of Art Collection API,Ritual,European Sculpture and Decorative Arts,,,"Director's Fund, 2013",insufficient or ambiguous contextual evidence,Other,"Title: Torah crown (keter) Object type: Torah crown Medium: Silver, parcel gilt Classification: Judaica Tags: Crowns",1745.0,0.16686189,0.01571735,-0.06584326,-0.20742819
266450,Elliot Marbles and Other Sculpture from the Central Museum Madras: Group 26,Photograph,,,1858,1858,,,,,Albumen silver print from dry collodion on glass negative,Photographs,"Purchase, Cynthia Hazen Polsky Gift and The Horace W. Goldsmith Foundation Gift, through Joyce and Robert Menschel, 1991",Sculpture,https://images.metmuseum.org/CRDImages/ph/original/DP300688.jpg,https://images.metmuseum.org/CRDImages/ph/web-large/DP300688.jpg,https://www.metmuseum.org/art/collection/search/266450,True,The Metropolitan Museum of Art Collection API,Buddhist; Bodhisattva; Avalokiteshvara; Stupa; India,Photographs,,,"Purchase, Cynthia Hazen Polsky Gift and The Horace W. Goldsmith Foundation Gift, through Joyce and Robert Menschel, 1991",insufficient or ambiguous contextual evidence,Other,Title: Elliot Marbles and Other Sculpture from the Central Museum Madras: Group 26 Object type: Photograph Medium: Albumen silver print from dry collodion on glass negative Classification: Photographs Tags: Sculpture,1858.0,0.07915033,0.06165681,-0.20745295,-0.13734242
268710,Herr Joachim,Photograph,,,1868,1868,,,,,Albumen silver print from glass negative,Photographs,"Harris Brisbane Dick Fund, 1941",Men; Portraits; Violins; Musicians,https://images.metmuseum.org/CRDImages/ph/original/DP295211.jpg,https://images.metmuseum.org/CRDImages/ph/web-large/DP295211.jpg,https://www.metmuseum.org/art/collection/search/268710,True,The Metropolitan Museum of Art Collection API,India,Photographs,,,"Harris Brisbane Dick Fund, 1941",insufficient or ambiguous contextual evidence,Other,Title: Herr Joachim Object type: Photograph Medium: Albumen silver print from glass negative Classification: Photographs Tags: Men; Portraits; Violins; Musicians,1868.0,-0.057749785,0.32414785,-0.30914176,-0.2437211
269434,Thomas Carlyle,Photograph,,,1867,1867,,,,,Carbon print,Photographs,"Alfred Stieglitz Collection, 1949",Men; Portraits,https://images.metmuseum.org/CRDImages/ph/original/DP295239.jpg,https://images.metmuseum.org/CRDImages/ph/web-large/DP295239.jpg,https://www.metmuseum.org/art/collection/search/269434,True,The Metropolitan Museum of Art Collection API,India,Photographs,,,"Alfred Stieglitz Collection, 1949",insufficient or ambiguous contextual evidence,Other,Title: Thomas Carlyle Object type: Photograph Medium: Carbon print Classification: Photographs Tags: Men; Portraits,1867.0,-0.08528404,0.23007554,-0.33863387,-0.21207161
282044,Sappho,Photograph,,,1865,1865,,,,,Albumen silver print from glass negative,Photographs,"The Rubel Collection, Purchase, Jennifer and Joseph Duke and Anonymous Gifts, 1997",Portraits; Profiles; Women,https://images.metmuseum.org/CRDImages/ph/original/DP-510-021.jpg,https://images.metmuseum.org/CRDImages/ph/web-large/DP-510-021.jpg,https://www.metmuseum.org/art/collection/search/282044,True,The Metropolitan Museum of Art Collection API,India,Photographs,,,"The Rubel Collection, Purchase, Jennifer and Joseph Duke and Anonymous Gifts, 1997",insufficient or ambiguous contextual evidence,Other,Title: Sappho Object type: Photograph Medium: Albumen silver print from glass negative Classification: Photographs Tags: Portraits; Profiles; Women,1865.0,-0.07763084,0.2745194,-0.3405316,-0.24806836
307598,Eagle relief,Panel,Toltec,,900,1200,Mexico,,,,"Andesite or dacite, Maya blue, stucco, red pigment",Stone-Sculpture,"Gift of Frederic E. Church, 1893",Eagles,https://images.metmuseum.org/CRDImages/ao/original/DP-17616-001.jpg,https://images.metmuseum.org/CRDImages/ao/web-large/DP-17616-001.jpg,https://www.metmuseum.org/art/collection/search/307598,True,The Metropolitan Museum of Art Collection API,Ritual,The Michael C. Rockefeller Wing,,,"Gift of Frederic E. Church, 1893",insufficient or ambiguous contextual evidence,Other,"Title: Eagle relief Object type: Panel Culture: Toltec Country: Mexico Medium: Andesite or dacite, Maya blue, stucco, red pigment Classification: Stone-Sculpture Tags: Eagles",1050.0,0.2217678,-0.15928997,-0.08352071,0.28332248
307599,Eagle relief,Panel,Toltec,,900,1200,Mexico,Mesoamerica,,,"Andesite or dacite, Maya blue, stucco, red pigment",Stone-Sculpture,"Gift of Frederic E. Church, 1893",Eagles,https://images.metmuseum.org/CRDImages/ao/original/DP-20487-001.jpg,https://images.metmuseum.org/CRDImages/ao/web-large/DP-20487-001.jpg,https://www.metmuseum.org/art/collection/search/307599,True,The Metropolitan Museum of Art Collection API,Ritual,The Michael C. Rockefeller Wing,,,"Gift of Frederic E. Church, 1893",insufficient or ambiguous contextual evidence,Other,"Title: Eagle relief Object type: Panel Culture: Toltec Country: Mexico Region: Mesoamerica Medium: Andesite or dacite, Maya blue, stucco, red pigment Classification: Stone-Sculpture Tags: Eagles",1050.0,0.21585174,-0.14679502,-0.084968075,0.31428248
307634,Cihuateotl,Figure,Mexica (Aztec),,1400,1550,Mexico,Mesoamerica,,,"Volcanic stone (porphyritic andesite), pigment",Stone-Sculpture,"Museum Purchase, 1900",Women,https://images.metmuseum.org/CRDImages/ao/original/DT5116.jpg,https://images.metmuseum.org/CRDImages/ao/web-large/DT5116.jpg,https://www.metmuseum.org/art/collection/search/307634,True,The Metropolitan Museum of Art Collection API,Ritual,The Michael C. Rockefeller Wing,,,"Museum Purchase, 1900",insufficient or ambiguous contextual evidence,Other,"Title: Cihuateotl Object type: Figure Culture: Mexica (Aztec) Country: Mexico Region: Mesoamerica Medium: Volcanic stone (porphyritic andesite), pigment Classification: Stone-Sculpture Tags: Women",1475.0,0.3400178,-0.013888711,-0.17039934,0.33062458
308022,Embroidered bag with fringe,Bag,Nasca,,600,700,Peru,,,,Camelid hair,Textiles-Woven,"Gift of George D. Pratt, 1932",,https://images.metmuseum.org/CRDImages/ao/original/DP-26534-001.jpg,https://images.metmuseum.org/CRDImages/ao/web-large/DP-26534-001.jpg,https://www.metmuseum.org/art/collection/search/308022,True,The Metropolitan Museum of Art Collection API,Ritual,The Michael C. Rockefeller Wing,,,"Gift of George D. Pratt, 1932",insufficient or ambiguous contextual evidence,Other,Title: Embroidered bag with fringe Object type: Bag Culture: Nasca Country: Peru Medium: Camelid hair Classification: Textiles-Woven,650.0,0.21551625,0.016902741,-0.01641322,0.222967
308024,Embroidered bag with fringe,Bag,Nasca,,600,700,Peru,,,,Camelid hair,Textiles-Woven,"Gift of George D. Pratt, 1932",,https://images.metmuseum.org/CRDImages/ao/original/DP-26535-001.jpg,https://images.metmuseum.org/CRDImages/ao/web-large/DP-26535-001.jpg,https://www.metmuseum.org/art/collection/search/308024,True,The Metropolitan Museum of Art Collection API,Ritual,The Michael C. Rockefeller Wing,,,"Gift of George D. Pratt, 1932",insufficient or ambiguous contextual evidence,Other,Title: Embroidered bag with fringe Object type: Bag Culture: Nasca Country: Peru Medium: Camelid hair Classification: Textiles-Woven,650.0,0.15805262,-0.06142407,-0.01641322,0.222967
308565,Stirrup-spout bottle with mountain sacrifice scene,Bottle,Moche,,500,800,Peru,,,,"Ceramic, slip",Ceramics-Containers,"Gift of Mr. and Mrs. Nathan Cummings, 1964",Animals; Men,https://images.metmuseum.org/CRDImages/ao/original/DP-25548-001.jpg,https://images.metmuseum.org/CRDImages/ao/web-large/DP-25548-001.jpg,https://www.metmuseum.org/art/collection/search/308565,True,The Metropolitan Museum of Art Collection API,Ritual,The Michael C. Rockefeller Wing,,,"Gift of Mr. and Mrs. Nathan Cummings, 1964",insufficient or ambiguous contextual evidence,Other,"Title: Stirrup-spout bottle with mountain sacrifice scene Object type: Bottle Culture: Moche Country: Peru Medium: Ceramic, slip Classification: Ceramics-Containers Tags: Animals; Men",650.0,0.23745954,0.09791305,-0.14001349,0.20239587
309227,Tupu (pin),Pin,Inca,,1400,1535,Peru,,,,Copper alloy,Metal-Ornaments,"Gift of Mr. and Mrs. Nathan Cummings, 1964",,https://images.metmuseum.org/CRDImages/ao/original/DP-27241-001.jpg,https://images.metmuseum.org/CRDImages/ao/web-large/DP-27241-001.jpg,https://www.metmuseum.org/art/collection/search/309227,True,The Metropolitan Museum of Art Collection API,Ritual,The Michael C. Rockefeller Wing,,,"Gift of Mr. and Mrs. Nathan Cummings, 1964",insufficient or ambiguous contextual evidence,Other,Title: Tupu (pin) Object type: Pin Culture: Inca Country: Peru Medium: Copper alloy Classification: Metal-Ornaments,1467.5,0.25209117,-0.06581293,-0.12715676,0.380708
309389,Urpu (jar),Bottle,Inca,,1400,1535,Peru,,,,"Ceramic, slip",Ceramics-Containers,"Gift of Nathan Cummings, 1966",,https://images.metmuseum.org/CRDImages/ao/original/DP-24278-001.jpg,https://images.metmuseum.org/CRDImages/ao/web-large/DP-24278-001.jpg,https://www.metmuseum.org/art/collection/search/309389,True,The Metropolitan Museum of Art Collection API,Ritual,The Michael C. Rockefeller Wing,,,"Gift of Nathan Cummings, 1966",insufficient or ambiguous contextual evidence,Other,"Title: Urpu (jar) Object type: Bottle Culture: Inca Country: Peru Medium: Ceramic, slip Classification: Ceramics-Containers",1467.5,0.29113135,0.0011921672,-0.07289948,0.27794397
309411,Headdress ornament,Headdress ornament,Calima (Yotoco),,-100,700,Colombia,,,,Gold,Metal-Ornaments,"Gift and Bequest of Alice K. Bache, 1966, 1977",,https://images.metmuseum.org/CRDImages/ao/original/DP-26714-001.jpg,https://images.metmuseum.org/CRDImages/ao/web-large/DP-26714-001.jpg,https://www.metmuseum.org/art/collection/search/309411,True,The Metropolitan Museum of Art Collection API,Ritual,The Michael C. Rockefeller Wing,,,"Gift and Bequest of Alice K. Bache, 1966, 1977",insufficient or ambiguous contextual evidence,Other,Title: Headdress ornament Object type: Headdress ornament Culture: Calima (Yotoco) Country: Colombia Medium: Gold Classification: Metal-Ornaments,300.0,0.2005142,-0.09864498,-0.17668869,0.27417085
309519,Stirrup-spout bottle with feline and snake,Bottle,Cupisnique,,-1200,-800,Peru,North Coast,,,Ceramic,Ceramics-Containers,"Harris Brisbane Dick and Fletcher Funds, 1967",Animals; Serpents,https://images.metmuseum.org/CRDImages/ao/original/DP-23564-001.jpg,https://images.metmuseum.org/CRDImages/ao/web-large/DP-23564-001.jpg,https://www.metmuseum.org/art/collection/search/309519,True,The Metropolitan Museum of Art Collection API,Ritual,The Michael C. Rockefeller Wing,,,"Harris Brisbane Dick and Fletcher Funds, 1967",insufficient or ambiguous contextual evidence,Other,Title: Stirrup-spout bottle with feline and snake Object type: Bottle Culture: Cupisnique Country: Peru Region: North Coast Medium: Ceramic Classification: Ceramics-Containers Tags: Animals; Serpents,-1000.0,0.38604772,0.022433054,-0.122343116,0.3064576
309540,Figure pendant,Pendant,Tairona,,900,1600,Colombia,,,,Gold,Metal-Ornaments,"Gift of H. L. Bache Foundation, 1969",Men; Headdresses,https://images.metmuseum.org/CRDImages/ao/original/DP-17780-001.jpg,https://images.metmuseum.org/CRDImages/ao/web-large/DP-17780-001.jpg,https://www.metmuseum.org/art/collection/search/309540,True,The Metropolitan Museum of Art Collection API,Ritual,The Michael C. Rockefeller Wing,,,"Gift of H. L. Bache Foundation, 1969",insufficient or ambiguous contextual evidence,Other,Title: Figure pendant Object type: Pendant Culture: Tairona Country: Colombia Medium: Gold Classification: Metal-Ornaments Tags: Men; Headdresses,1250.0,0.31870785,0.001194441,-0.102322765,0.22334354
309713,Yoke-form vessel,Vessel with lid,Maya,,350,450,Guatemala,Mesoamerica,,,"Ceramic, red pigment (possibly cinnabar)",Ceramics-Containers,"Purchase, Mrs. Charles S. Payson Gift, 1970",Faces; Men,https://images.metmuseum.org/CRDImages/ao/original/DT11169.jpg,https://images.metmuseum.org/CRDImages/ao/web-large/DT11169.jpg,https://www.metmuseum.org/art/collection/search/309713,True,The Metropolitan Museum of Art Collection API,Ritual,The Michael C. Rockefeller Wing,,,"Purchase, Mrs. Charles S. Payson Gift, 1970",insufficient or ambiguous contextual evidence,Other,"Title: Yoke-form vessel Object type: Vessel with lid Culture: Maya Country: Guatemala Region: Mesoamerica Medium: Ceramic, red pigment (possibly cinnabar) Classification: Ceramics-Containers Tags: Faces; Men",400.0,0.27523553,0.019343827,-0.068514004,0.39191684
309943,Miniature male effigy,Figure,Inca,,1400,1535,"Ecuador, Peru, Bolivia, Chile, or Argentina",,,,Gold-silver alloy,Sculpture-Sheet metal,"Gift and Bequest of Alice K. Bache, 1974, 1977",Men,https://images.metmuseum.org/CRDImages/ao/original/DP-13440-014.jpg,https://images.metmuseum.org/CRDImages/ao/web-large/DP-13440-014.jpg,https://www.metmuseum.org/art/collection/search/309943,True,The Metropolitan Museum of Art Collection API,Ritual,The Michael C. Rockefeller Wing,,,"Gift and Bequest of Alice K. Bache, 1974, 1977",insufficient or ambiguous contextual evidence,Other,"Title: Miniature male effigy Object type: Figure Culture: Inca Country: Ecuador, Peru, Bolivia, Chile, or Argentina Medium: Gold-silver alloy Classification: Sculpture-Sheet metal Tags: Men",1467.5,0.37477544,0.037867438,-0.19590743,0.15268536
309944,Miniature female effigy,Figure,Inca,,1400,1535,"Ecuador, Peru, Bolivia, Chile, or Argentina",,,,Gold-silver alloy,Sculpture-Sheet metal,"Gift and Bequest of Alice K. Bache, 1974, 1977",Women,https://images.metmuseum.org/CRDImages/ao/original/DP-13440-023.jpg,https://images.metmuseum.org/CRDImages/ao/web-large/DP-13440-023.jpg,https://www.metmuseum.org/art/collection/search/309944,True,The Metropolitan Museum of Art Collection API,Ritual,The Michael C. Rockefeller Wing,,,"Gift and Bequest of Alice K. Bache, 1974, 1977",insufficient or ambiguous contextual evidence,Other,"Title: Miniature female effigy Object type: Figure Culture: Inca Country: Ecuador, Peru, Bolivia, Chile, or Argentina Medium: Gold-silver alloy Classification: Sculpture-Sheet metal Tags: Women",1467.5,0.38038436,0.03245665,-0.22490022,0.14788684
310364,Vessel with mythological scene,Vessel,Maya,,600,800,,,,,"Ceramic, slip",Ceramics-Containers,"The Michael C. Rockefeller Memorial Collection, Purchase, Nelson A. Rockefeller Gift, 1968",Men; Mythical Creatures; Dogs; Serpents; Deities,https://images.metmuseum.org/CRDImages/ao/original/DP-576-001.jpg,https://images.metmuseum.org/CRDImages/ao/web-large/DP-576-001.jpg,https://www.metmuseum.org/art/collection/search/310364,True,The Metropolitan Museum of Art Collection API,Ritual,The Michael C. Rockefeller Wing,,,"The Michael C. Rockefeller Memorial Collection, Purchase, Nelson A. Rockefeller Gift, 1968",insufficient or ambiguous contextual evidence,Other,"Title: Vessel with mythological scene Object type: Vessel Culture: Maya Medium: Ceramic, slip Classification: Ceramics-Containers Tags: Men; Mythical Creatures; Dogs; Serpents; Deities",700.0,0.19464535,-0.020842806,-0.018359676,0.19492859
310472,Palma with figure,Palma,Classic Veracruz,,800,1100,Mexico,Mesoamerica,Nautla region (?),,"Stone, pigment",Stone-Sculpture,"The Michael C. Rockefeller Memorial Collection, Gift of Nelson A. Rockefeller, 1963",Human Figures,https://images.metmuseum.org/CRDImages/ao/original/DP216441.jpg,https://images.metmuseum.org/CRDImages/ao/web-large/DP216441.jpg,https://www.metmuseum.org/art/collection/search/310472,True,The Metropolitan Museum of Art Collection API,Ritual,The Michael C. Rockefeller Wing,,,"The Michael C. Rockefeller Memorial Collection, Gift of Nelson A. Rockefeller, 1963",insufficient or ambiguous contextual evidence,Other,"Title: Palma with figure Object type: Palma Culture: Classic Veracruz Country: Mexico Region: Mesoamerica Medium: Stone, pigment Classification: Stone-Sculpture Tags: Human Figures",950.0,0.32492757,0.00055737054,-0.19384663,0.26059577
310480,Head of a Rain God,Head,Maya,,900,1100,Mexico,Mesoamerica,,,Fossiliferous limestone,Stone-Sculpture,"The Michael C. Rockefeller Memorial Collection, Gift of Nelson A. Rockefeller, 1963",,https://images.metmuseum.org/CRDImages/ao/original/DP-23862-001.jpg,https://images.metmuseum.org/CRDImages/ao/web-large/DP-23862-001.jpg,https://www.metmuseum.org/art/collection/search/310480,True,The Metropolitan Museum of Art Collection API,Ritual,The Michael C. Rockefeller Wing,,,"The Michael C. Rockefeller Memorial Collection, Gift of Nelson A. Rockefeller, 1963",insufficient or ambiguous contextual evidence,Other,Title: Head of a Rain God Object type: Head Culture: Maya Country: Mexico Region: Mesoamerica Medium: Fossiliferous limestone Classification: Stone-Sculpture,1000.0,0.37439522,-0.008759261,-0.07498287,0.37674013
310498,Standing figure,Figure,Mezcala,,-300,300,Mexico,Mesoamerica,,,Greenstone,Stone-Sculpture,"The Michael C. Rockefeller Memorial Collection, Gift of Luis de Hoyos, 1959",,https://images.metmuseum.org/CRDImages/ao/original/DP-25391-001.jpg,https://images.metmuseum.org/CRDImages/ao/web-large/DP-25391-001.jpg,https://www.metmuseum.org/art/collection/search/310498,True,The Metropolitan Museum of Art Collection API,Ritual,The Michael C. Rockefeller Wing,,,"The Michael C. Rockefeller Memorial Collection, Gift of Luis de Hoyos, 1959",insufficient or ambiguous contextual evidence,Other,Title: Standing figure Object type: Figure Culture: Mezcala Country: Mexico Region: Mesoamerica Medium: Greenstone Classification: Stone-Sculpture,,0.3892066,0.0035499483,-0.16917494,0.32553637
310513,Ornament,Pendant,Maya,,400,900,Guatemala,Mesoamerica,,,Jade,Stone-Ornaments,"The Michael C. Rockefeller Memorial Collection, Gift of Mr. and Mrs. Julius Carlebach, 1960",,https://images.metmuseum.org/CRDImages/ao/original/DP-25387-001.jpg,https://images.metmuseum.org/CRDImages/ao/web-large/DP-25387-001.jpg,https://www.metmuseum.org/art/collection/search/310513,True,The Metropolitan Museum of Art Collection API,Ritual,The Michael C. Rockefeller Wing,,,"The Michael C. Rockefeller Memorial Collection, Gift of Mr. and Mrs. Julius Carlebach, 1960",insufficient or ambiguous contextual evidence,Other,Title: Ornament Object type: Pendant Culture: Maya Country: Guatemala Region: Mesoamerica Medium: Jade Classification: Stone-Ornaments,650.0,0.19439746,-0.07330383,-0.0057042832,0.4460522
310540,Column,Column,Maya,,800,900,Mexico,,,,"Limestone, pigment",Stone-Sculpture,"The Michael C. Rockefeller Memorial Collection, Gift of Nelson A. Rockefeller, 1963",Men; Headdresses,https://images.metmuseum.org/CRDImages/ao/original/DP-22128-001.jpg,https://images.metmuseum.org/CRDImages/ao/web-large/DP-22128-001.jpg,https://www.metmuseum.org/art/collection/search/310540,True,The Metropolitan Museum of Art Collection API,Ritual,The Michael C. Rockefeller Wing,,,"The Michael C. Rockefeller Memorial Collection, Gift of Nelson A. Rockefeller, 1963",insufficient or ambiguous contextual evidence,Other,"Title: Column Object type: Column Culture: Maya Country: Mexico Medium: Limestone, pigment Classification: Stone-Sculpture Tags: Men; Headdresses",850.0,0.28411275,-0.066489555,-0.04220941,0.31452554
310542,Whistling vessel,Vessel with lid,Maya,,400,500,Guatemala or Mexico,Mesoamerica,,,Ceramic,Ceramics-Containers,"The Michael C. Rockefeller Memorial Collection, Gift of Nelson A. Rockefeller, 1963",Birds; Men; Mythical Creatures,https://images.metmuseum.org/CRDImages/ao/original/DP-23468-001.jpg,https://images.metmuseum.org/CRDImages/ao/web-large/DP-23468-001.jpg,https://www.metmuseum.org/art/collection/search/310542,True,The Metropolitan Museum of Art Collection API,Ritual,The Michael C. Rockefeller Wing,,,"The Michael C. Rockefeller Memorial Collection, Gift of Nelson A. Rockefeller, 1963",insufficient or ambiguous contextual evidence,Other,Title: Whistling vessel Object type: Vessel with lid Culture: Maya Country: Guatemala or Mexico Region: Mesoamerica Medium: Ceramic Classification: Ceramics-Containers Tags: Birds; Men; Mythical Creatures,450.0,0.19397953,0.044554744,-0.07573057,0.45104936
310552,Incense burner with feline head,Vessel,Tiwanaku,,500,1000,Bolivia,,,,"Ceramic, slip",Ceramics-Containers,"The Michael C. Rockefeller Memorial Collection, Gift of Nelson A. Rockefeller, 1969",Animals,https://images.metmuseum.org/CRDImages/ao/original/DP-23892-001.jpg,https://images.metmuseum.org/CRDImages/ao/web-large/DP-23892-001.jpg,https://www.metmuseum.org/art/collection/search/310552,True,The Metropolitan Museum of Art Collection API,Ritual,The Michael C. Rockefeller Wing,,,"The Michael C. Rockefeller Memorial Collection, Gift of Nelson A. Rockefeller, 1969",insufficient or ambiguous contextual evidence,Other,"Title: Incense burner with feline head Object type: Vessel Culture: Tiwanaku Country: Bolivia Medium: Ceramic, slip Classification: Ceramics-Containers Tags: Animals",750.0,0.39026433,0.004545773,-0.16930677,0.24787293
310599,Fish hacha,Hacha,Classic Veracruz,,600,900,Mexico,Mesoamerica,,,"Stone, shell, traces of plaster, pigment",Stone-Sculpture,"The Michael C. Rockefeller Memorial Collection, Purchase, Nelson A. Rockefeller Gift, 1966",Fish,https://images.metmuseum.org/CRDImages/ao/original/DP104813.jpg,https://images.metmuseum.org/CRDImages/ao/web-large/DP104813.jpg,https://www.metmuseum.org/art/collection/search/310599,True,The Metropolitan Museum of Art Collection API,Ritual,The Michael C. Rockefeller Wing,,,"The Michael C. Rockefeller Memorial Collection, Purchase, Nelson A. Rockefeller Gift, 1966",insufficient or ambiguous contextual evidence,Other,"Title: Fish hacha Object type: Hacha Culture: Classic Veracruz Country: Mexico Region: Mesoamerica Medium: Stone, shell, traces of plaster, pigment Classification: Stone-Sculpture Tags: Fish",750.0,0.3380674,-0.029074915,-0.035756316,0.27652124
310681,Lime container,Lime container,Wari,,650,1000,Peru,,,,"Wood, pigment",Wood-Containers,"The Michael C. Rockefeller Memorial Collection, Purchase, Nelson A. Rockefeller Gift, 1969",Weapons; Men,https://images.metmuseum.org/CRDImages/ao/original/DP-25034-007.jpg,https://images.metmuseum.org/CRDImages/ao/web-large/DP-25034-007.jpg,https://www.metmuseum.org/art/collection/search/310681,True,The Metropolitan Museum of Art Collection API,Ritual,The Michael C. Rockefeller Wing,,,"The Michael C. Rockefeller Memorial Collection, Purchase, Nelson A. Rockefeller Gift, 1969",insufficient or ambiguous contextual evidence,Other,"Title: Lime container Object type: Lime container Culture: Wari Country: Peru Medium: Wood, pigment Classification: Wood-Containers Tags: Weapons; Men",825.0,0.35177433,-0.06403259,-0.19836485,0.22016253
311159,Ceremonial Board (Malu),Ritual board,Sawos people,,1800,1900,Papua New Guinea,,,,Wood,Wood-Sculpture,"The Michael C. Rockefeller Memorial Collection, Gift of Nelson A. Rockefeller, 1969",,https://images.metmuseum.org/CRDImages/ao/original/DP-20712-001.jpg,https://images.metmuseum.org/CRDImages/ao/web-large/DP-20712-001.jpg,https://www.metmuseum.org/art/collection/search/311159,True,The Metropolitan Museum of Art Collection API,Ritual,The Michael C. Rockefeller Wing,,,"The Michael C. Rockefeller Memorial Collection, Gift of Nelson A. Rockefeller, 1969",insufficient or ambiguous contextual evidence,Other,Title: Ceremonial Board (Malu) Object type: Ritual board Culture: Sawos people Country: Papua New Guinea Medium: Wood Classification: Wood-Sculpture,1850.0,0.19109528,-0.14572085,0.039959766,0.24472117
312336,Gwandusu,Figure,Bamana peoples,,1400,1699,Mali,,Bougouni region,,"Wood (Cordyla africana or Lonchocarpus), applied organic materials",Wood-Sculpture,"The Michael C. Rockefeller Memorial Collection, Bequest of Nelson A. Rockefeller, 1979",Infants; Mothers,https://images.metmuseum.org/CRDImages/ao/original/DP-26226-001.jpg,https://images.metmuseum.org/CRDImages/ao/web-large/DP-26226-001.jpg,https://www.metmuseum.org/art/collection/search/312336,True,The Metropolitan Museum of Art Collection API,Ritual,The Michael C. Rockefeller Wing,,,"The Michael C. Rockefeller Memorial Collection, Bequest of Nelson A. Rockefeller, 1979",insufficient or ambiguous contextual evidence,Other,"Title: Gwandusu Object type: Figure Culture: Bamana peoples Country: Mali Medium: Wood (Cordyla africana or Lonchocarpus), applied organic materials Classification: Wood-Sculpture Tags: Infants; Mothers",1549.5,0.24796006,0.05776066,-0.14125055,0.20288531
312558,Female Figurine,Figure,Inca,,1400,1533,"Ecuador, Peru, Bolivia, Chile, or Argentina",,,,Silver,Sculpture-Sheet metal,"The Michael C. Rockefeller Memorial Collection, Bequest of Nelson A. Rockefeller, 1979",Women,https://images.metmuseum.org/CRDImages/ao/original/DP-13440-027.jpg,https://images.metmuseum.org/CRDImages/ao/web-large/DP-13440-027.jpg,https://www.metmuseum.org/art/collection/search/312558,True,The Metropolitan Museum of Art Collection API,Ritual,The Michael C. Rockefeller Wing,,,"The Michael C. Rockefeller Memorial Collection, Bequest of Nelson A. Rockefeller, 1979",insufficient or ambiguous contextual evidence,Other,"Title: Female Figurine Object type: Figure Culture: Inca Country: Ecuador, Peru, Bolivia, Chile, or Argentina Medium: Silver Classification: Sculpture-Sheet metal Tags: Women",1466.5,0.36285943,0.10719048,-0.25259903,0.1251624
312581,House model,House model,Nayarit,,-200,300,West Mexico,Mesoamerica,,,"Ceramic, slip",Ceramics-Sculpture,"The Michael C. Rockefeller Memorial Collection, Bequest of Nelson A. Rockefeller, 1979",Houses; Dogs,https://images.metmuseum.org/CRDImages/ao/original/DP-23907-001.jpg,https://images.metmuseum.org/CRDImages/ao/web-large/DP-23907-001.jpg,https://www.metmuseum.org/art/collection/search/312581,True,The Metropolitan Museum of Art Collection API,Ritual,The Michael C. Rockefeller Wing,,,"The Michael C. Rockefeller Memorial Collection, Bequest of Nelson A. Rockefeller, 1979",insufficient or ambiguous contextual evidence,Other,"Title: House model Object type: House model Culture: Nayarit Country: West Mexico Region: Mesoamerica Medium: Ceramic, slip Classification: Ceramics-Sculpture Tags: Houses; Dogs",50.0,0.22005439,-0.053193394,-0.17204042,0.19335496
312694,Ear Spool,Ear spool,Greater Coclé,,450,1000,Panama,,,,Gold,Metal-Ornaments,"The Michael C. Rockefeller Memorial Collection, Bequest of Nelson A. Rockefeller, 1979",,https://images.metmuseum.org/CRDImages/ao/original/DP-43940-006.jpg,https://images.metmuseum.org/CRDImages/ao/web-large/DP-43940-006.jpg,https://www.metmuseum.org/art/collection/search/312694,True,The Metropolitan Museum of Art Collection API,Ritual,The Michael C. Rockefeller Wing,,,"The Michael C. Rockefeller Memorial Collection, Bequest of Nelson A. Rockefeller, 1979",insufficient or ambiguous contextual evidence,Other,Title: Ear Spool Object type: Ear spool Culture: Greater Coclé Country: Panama Medium: Gold Classification: Metal-Ornaments,725.0,0.26540667,-0.029400622,-0.14878646,0.33916456
312807,Guaíza,Head,Taíno,,1200,1500,Puerto Rico,Caribbean,,,Stone,Stone-Sculpture,"The Michael C. Rockefeller Memorial Collection, Bequest of Nelson A. Rockefeller, 1979",Heads,https://images.metmuseum.org/CRDImages/ao/original/DP102179.jpg,https://images.metmuseum.org/CRDImages/ao/web-large/DP102179.jpg,https://www.metmuseum.org/art/collection/search/312807,True,The Metropolitan Museum of Art Collection API,Ritual,The Michael C. Rockefeller Wing,,,"The Michael C. Rockefeller Memorial Collection, Bequest of Nelson A. Rockefeller, 1979",insufficient or ambiguous contextual evidence,Other,Title: Guaíza Object type: Head Culture: Taíno Country: Puerto Rico Region: Caribbean Medium: Stone Classification: Stone-Sculpture Tags: Heads,1350.0,0.39277598,0.060737383,-0.12927505,0.3457335
313240,Relief with enthroned ruler,Relief,Maya,,770,775,Guatemala,,,,"Limestone, paint",Stone-Sculpture,"The Michael C. Rockefeller Memorial Collection, Bequest of Nelson A. Rockefeller, 1979",Kings; Men; Thrones,https://images.metmuseum.org/CRDImages/ao/original/DP104826.jpg,https://images.metmuseum.org/CRDImages/ao/web-large/DP104826.jpg,https://www.metmuseum.org/art/collection/search/313240,True,The Metropolitan Museum of Art Collection API,Ritual,The Michael C. Rockefeller Wing,,,"The Michael C. Rockefeller Memorial Collection, Bequest of Nelson A. Rockefeller, 1979",insufficient or ambiguous contextual evidence,Other,"Title: Relief with enthroned ruler Object type: Relief Culture: Maya Country: Guatemala Medium: Limestone, paint Classification: Stone-Sculpture Tags: Kings; Men; Thrones",772.5,0.028160624,-0.12226448,-0.07920708,0.27788442
313251,Female figurine,Figure,Inca,,1400,1533,"Ecuador, Peru, Bolivia, Chile, or Argentina",,,,Gold,Sculpture-Sheet metal,"The Michael C. Rockefeller Memorial Collection, Bequest of Nelson A. Rockefeller, 1979",Women,https://images.metmuseum.org/CRDImages/ao/original/DP-13440-033.jpg,https://images.metmuseum.org/CRDImages/ao/web-large/DP-13440-033.jpg,https://www.metmuseum.org/art/collection/search/313251,True,The Metropolitan Museum of Art Collection API,Ritual,The Michael C. Rockefeller Wing,,,"The Michael C. Rockefeller Memorial Collection, Bequest of Nelson A. Rockefeller, 1979",insufficient or ambiguous contextual evidence,Other,"Title: Female figurine Object type: Figure Culture: Inca Country: Ecuador, Peru, Bolivia, Chile, or Argentina Medium: Gold Classification: Sculpture-Sheet metal Tags: Women",1466.5,0.3816367,0.055145226,-0.22858027,0.12951067
313256,Mirror-bearer,Male figure,Maya,,410,650,Guatemala or Mexico,,,,"Cordia wood (bocote), red hematite",Wood-Sculpture,"The Michael C. Rockefeller Memorial Collection, Bequest of Nelson A. Rockefeller, 1979",Men,https://images.metmuseum.org/CRDImages/ao/original/DP-24340-001.jpg,https://images.metmuseum.org/CRDImages/ao/web-large/DP-24340-001.jpg,https://www.metmuseum.org/art/collection/search/313256,True,The Metropolitan Museum of Art Collection API,Ritual,The Michael C. Rockefeller Wing,,,"The Michael C. Rockefeller Memorial Collection, Bequest of Nelson A. Rockefeller, 1979",insufficient or ambiguous contextual evidence,Other,"Title: Mirror-bearer Object type: Male figure Culture: Maya Country: Guatemala or Mexico Medium: Cordia wood (bocote), red hematite Classification: Wood-Sculpture Tags: Men",530.0,0.3539739,0.090202406,-0.080413364,0.30085653
313262,Deity figure,Figure,Maya,,200,600,"Southern Mexico, Guatemala, Honduras, or Belize",,,,Pyroxene jadeite,Stone-Sculpture,"The Michael C. Rockefeller Memorial Collection, Bequest of Nelson A. Rockefeller, 1979",,https://images.metmuseum.org/CRDImages/ao/original/DP-23472-001.jpg,https://images.metmuseum.org/CRDImages/ao/web-large/DP-23472-001.jpg,https://www.metmuseum.org/art/collection/search/313262,True,The Metropolitan Museum of Art Collection API,Ritual,The Michael C. Rockefeller Wing,,,"The Michael C. Rockefeller Memorial Collection, Bequest of Nelson A. Rockefeller, 1979",insufficient or ambiguous contextual evidence,Other,"Title: Deity figure Object type: Figure Culture: Maya Country: Southern Mexico, Guatemala, Honduras, or Belize Medium: Pyroxene jadeite Classification: Stone-Sculpture",400.0,0.36046237,-0.032265775,-0.07215758,0.35276178
313289,Hand with beaker,Kero,Inca,,1400,1535,Peru,,,,"Ceramic, slip",Ceramics-Containers,"The Michael C. Rockefeller Memorial Collection, Bequest of Nelson A. Rockefeller, 1979",Hands,https://images.metmuseum.org/CRDImages/ao/original/DP-33254-001.jpg,https://images.metmuseum.org/CRDImages/ao/web-large/DP-33254-001.jpg,https://www.metmuseum.org/art/collection/search/313289,True,The Metropolitan Museum of Art Collection API,Ritual,The Michael C. Rockefeller Wing,,,"The Michael C. Rockefeller Memorial Collection, Bequest of Nelson A. Rockefeller, 1979",insufficient or ambiguous contextual evidence,Other,"Title: Hand with beaker Object type: Kero Culture: Inca Country: Peru Medium: Ceramic, slip Classification: Ceramics-Containers Tags: Hands",1467.5,0.37769616,0.0485784,0.002072311,0.26486728
313325,Ceremonial Handle (?),Handle,Maya,,600,900,Mexico or Guatemala,Mesoamerica,,,Jade (jadeite/omphacite),Stone-Sculpture,"The Michael C. Rockefeller Memorial Collection, Bequest of Nelson A. Rockefeller, 1979",Serpents,https://images.metmuseum.org/CRDImages/ao/original/DP102172corrected.jpg,https://images.metmuseum.org/CRDImages/ao/web-large/DP102172corrected.jpg,https://www.metmuseum.org/art/collection/search/313325,True,The Metropolitan Museum of Art Collection API,Ritual,The Michael C. Rockefeller Wing,,,"The Michael C. Rockefeller Memorial Collection, Bequest of Nelson A. Rockefeller, 1979",insufficient or ambiguous contextual evidence,Other,Title: Ceremonial Handle (?) Object type: Handle Culture: Maya Country: Mexico or Guatemala Region: Mesoamerica Medium: Jade (jadeite/omphacite) Classification: Stone-Sculpture Tags: Serpents,750.0,0.4052533,-0.06216294,-0.022483313,0.4279031
313398,Nose ornament in the shape of a head,Ornament,Moche,,500,800,Peru,,,,"Gold (partially silvered), silver",Metal-Ornaments,"The Michael C. Rockefeller Memorial Collection, Bequest of Nelson A. Rockefeller, 1979",Heads,https://images.metmuseum.org/CRDImages/ao/original/DP-16100-001.jpg,https://images.metmuseum.org/CRDImages/ao/web-large/DP-16100-001.jpg,https://www.metmuseum.org/art/collection/search/313398,True,The Metropolitan Museum of Art Collection API,Ritual,The Michael C. Rockefeller Wing,,,"The Michael C. Rockefeller Memorial Collection, Bequest of Nelson A. Rockefeller, 1979",insufficient or ambiguous contextual evidence,Other,"Title: Nose ornament in the shape of a head Object type: Ornament Culture: Moche Country: Peru Medium: Gold (partially silvered), silver Classification: Metal-Ornaments Tags: Heads",650.0,0.35117987,-0.07570857,-0.1436601,0.28988007
313511,Frog Pendant,Pendant,Greater Coclé,,550,850,Panama,Playa Venado,,,"Gold, ceramic",Metal-Ornaments,"The Michael C. Rockefeller Memorial Collection, Bequest of Nelson A. Rockefeller, 1979",Frogs,https://images.metmuseum.org/CRDImages/ao/original/DP-12407-001.jpg,https://images.metmuseum.org/CRDImages/ao/web-large/DP-12407-001.jpg,https://www.metmuseum.org/art/collection/search/313511,True,The Metropolitan Museum of Art Collection API,Ritual,The Michael C. Rockefeller Wing,,,"The Michael C. Rockefeller Memorial Collection, Bequest of Nelson A. Rockefeller, 1979",insufficient or ambiguous contextual evidence,Other,"Title: Frog Pendant Object type: Pendant Culture: Greater Coclé Country: Panama Region: Playa Venado Medium: Gold, ceramic Classification: Metal-Ornaments Tags: Frogs",700.0,0.33025837,-0.027104458,-0.098661676,0.350475
313658,'Otua fefine (deity figure),Figure,Ha'apai Islands,,1800,1840,Tonga,Ha'apai Islands,,,Whale ivory,Bone/Ivory-Sculpture,"The Michael C. Rockefeller Memorial Collection, Bequest of Nelson A. Rockefeller, 1979",Female Nudes,https://images.metmuseum.org/CRDImages/ao/original/DP-16434-001.jpg,https://images.metmuseum.org/CRDImages/ao/web-large/DP-16434-001.jpg,https://www.metmuseum.org/art/collection/search/313658,True,The Metropolitan Museum of Art Collection API,Ritual,The Michael C. Rockefeller Wing,,,"The Michael C. Rockefeller Memorial Collection, Bequest of Nelson A. Rockefeller, 1979",insufficient or ambiguous contextual evidence,Other,Title: 'Otua fefine (deity figure) Object type: Figure Culture: Ha'apai Islands Country: Tonga Region: Ha'apai Islands Medium: Whale ivory Classification: Bone/Ivory-Sculpture Tags: Female Nudes,1820.0,0.36922878,0.07134761,-0.08416193,0.119601905
313676,Tahiri ra'a (fly whisk),Fly whisk,Austral Islands,,1800,1870,French Polynesia,Austral Islands,,,"Wood, coconut fiber ('aha), human hair",Wood-Implements,"The Metropolitan Museum of Art, 
New York, The Michael C. Rockefeller Memorial Collection, Bequest of Nelson A. Rockefeller, 1979",,https://images.metmuseum.org/CRDImages/ao/original/DP-24336-001.jpg,https://images.metmuseum.org/CRDImages/ao/web-large/DP-24336-001.jpg,https://www.metmuseum.org/art/collection/search/313676,True,The Metropolitan Museum of Art Collection API,Ritual,The Michael C. Rockefeller Wing,,,"The Metropolitan Museum of Art, 
New York, The Michael C. Rockefeller Memorial Collection, Bequest of Nelson A. Rockefeller, 1979",insufficient or ambiguous contextual evidence,Other,"Title: Tahiri ra'a (fly whisk) Object type: Fly whisk Culture: Austral Islands Country: French Polynesia Region: Austral Islands Medium: Wood, coconut fiber ('aha), human hair Classification: Wood-Implements",1835.0,0.21419793,-0.066972494,0.021661136,0.19718917
314217,Vessel with mythological scene,Vessel,Maya,,600,800,Mexico or Guatemala,Mesoamerica,,,"Ceramic, slip",Ceramics-Containers,"Purchase, The Michael C. Rockefeller Memorial Collection, Bequest of Nelson A. Rockefeller and Gifts of Nelson A. Rockefeller, Nathan Cummings, S.L.M. Barlow, Meredith Howland, and Captain Henry Erben, by exchange; and funds from various donors, 1980",,https://images.metmuseum.org/CRDImages/ao/original/DP-571-001.jpg,https://images.metmuseum.org/CRDImages/ao/web-large/DP-571-001.jpg,https://www.metmuseum.org/art/collection/search/314217,True,The Metropolitan Museum of Art Collection API,Ritual,The Michael C. Rockefeller Wing,,,"Purchase, The Michael C. Rockefeller Memorial Collection, Bequest of Nelson A. Rockefeller and Gifts of Nelson A. Rockefeller, Nathan Cummings, S.L.M. Barlow, Meredith Howland, and Captain Henry Erben, by exchange; and funds from various donors, 1980",insufficient or ambiguous contextual evidence,Other,"Title: Vessel with mythological scene Object type: Vessel Culture: Maya Country: Mexico or Guatemala Region: Mesoamerica Medium: Ceramic, slip Classification: Ceramics-Containers",700.0,0.22581233,-0.004401888,-0.079249665,0.4313782
314518,Tetrapod Bowl,Vessel,Maya,,1,400,Guatemala,Mesoamerica,,,Ceramic,Ceramics-Containers,"Gift of Arthur M. Bullowa, 1982",,https://images.metmuseum.org/CRDImages/ao/original/DP-13003-001.jpg,https://images.metmuseum.org/CRDImages/ao/web-large/DP-13003-001.jpg,https://www.metmuseum.org/art/collection/search/314518,True,The Metropolitan Museum of Art Collection API,Ritual,The Michael C. Rockefeller Wing,,,"Gift of Arthur M. Bullowa, 1982",insufficient or ambiguous contextual evidence,Other,Title: Tetrapod Bowl Object type: Vessel Culture: Maya Country: Guatemala Region: Mesoamerica Medium: Ceramic Classification: Ceramics-Containers,200.5,0.3227028,-0.016272686,-0.10336915,0.49127287
314522,Tetrapod Jar,Bowl,Maya,,-200,1,El Salvador or Guatemala,Mesoamerica,,,Ceramic,Ceramics-Containers,"Gift of Arthur M. Bullowa, 1982",,https://images.metmuseum.org/CRDImages/ao/original/DP23127.jpg,https://images.metmuseum.org/CRDImages/ao/web-large/DP23127.jpg,https://www.metmuseum.org/art/collection/search/314522,True,The Metropolitan Museum of Art Collection API,Ritual,The Michael C. Rockefeller Wing,,,"Gift of Arthur M. Bullowa, 1982",insufficient or ambiguous contextual evidence,Other,Title: Tetrapod Jar Object type: Bowl Culture: Maya Country: El Salvador or Guatemala Region: Mesoamerica Medium: Ceramic Classification: Ceramics-Containers,-99.5,0.3170822,-0.020174408,-0.107425004,0.45365846
314523,Cylindrical Vessel,Vessel,Maya,,-100,100,Guatemala,Mesoamerica,,,"Ceramic, slip",Ceramics-Containers,"Gift of Arthur M. Bullowa, 1982",,https://images.metmuseum.org/CRDImages/ao/original/DP101926.jpg,https://images.metmuseum.org/CRDImages/ao/web-large/DP101926.jpg,https://www.metmuseum.org/art/collection/search/314523,True,The Metropolitan Museum of Art Collection API,Ritual,The Michael C. Rockefeller Wing,,,"Gift of Arthur M. Bullowa, 1982",insufficient or ambiguous contextual evidence,Other,"Title: Cylindrical Vessel Object type: Vessel Culture: Maya Country: Guatemala Region: Mesoamerica Medium: Ceramic, slip Classification: Ceramics-Containers",,0.30335847,-0.03888041,-0.07523664,0.48319802
314524,Cylindrical Vessel,Vessel,Maya,,100,200,Guatemala,Mesoamerica,,,Ceramic,Ceramics-Containers,"Gift of Arthur M. Bullowa, 1982",,https://images.metmuseum.org/CRDImages/ao/original/h1_1982.207.7.jpg,https://images.metmuseum.org/CRDImages/ao/web-large/h1_1982.207.7.jpg,https://www.metmuseum.org/art/collection/search/314524,True,The Metropolitan Museum of Art Collection API,Ritual,The Michael C. Rockefeller Wing,,,"Gift of Arthur M. Bullowa, 1982",insufficient or ambiguous contextual evidence,Other,Title: Cylindrical Vessel Object type: Vessel Culture: Maya Country: Guatemala Region: Mesoamerica Medium: Ceramic Classification: Ceramics-Containers,150.0,0.25058633,-0.06498248,-0.09190816,0.47875953
314528,Tunic with Diamond Band,Tunic,Inca,,1460,1540,Peru,,,,"Camelid hair, cotton",Textiles-Woven,"Rogers Fund, 1982",,https://images.metmuseum.org/CRDImages/ao/original/DP107698.jpg,https://images.metmuseum.org/CRDImages/ao/web-large/DP107698.jpg,https://www.metmuseum.org/art/collection/search/314528,True,The Metropolitan Museum of Art Collection API,Ritual,The Michael C. Rockefeller Wing,,,"Rogers Fund, 1982",insufficient or ambiguous contextual evidence,Other,"Title: Tunic with Diamond Band Object type: Tunic Culture: Inca Country: Peru Medium: Camelid hair, cotton Classification: Textiles-Woven",1500.0,-0.020847872,-0.15797125,-0.020718466,0.24395463
315668,Tupu (pin),Pin,Inca,,1400,1533,"Ecuador, Peru, Bolivia, Chile, or Argentina",,,,Copper or alloy of copper,Metal-Ornaments,"Bequest of Jane Costello Goldberg, from the Collection of Arnold I. Goldberg, 1986",,https://images.metmuseum.org/CRDImages/ao/original/DP-13440-020.jpg,https://images.metmuseum.org/CRDImages/ao/web-large/DP-13440-020.jpg,https://www.metmuseum.org/art/collection/search/315668,True,The Metropolitan Museum of Art Collection API,Ritual,The Michael C. Rockefeller Wing,,,"Bequest of Jane Costello Goldberg, from the Collection of Arnold I. Goldberg, 1986",insufficient or ambiguous contextual evidence,Other,"Title: Tupu (pin) Object type: Pin Culture: Inca Country: Ecuador, Peru, Bolivia, Chile, or Argentina Medium: Copper or alloy of copper Classification: Metal-Ornaments",1466.5,0.2587944,-0.08390967,-0.20383345,0.38987055
315735,Crucifix,Crucifix,Kongo peoples,,1600,1700,Angola,Northwestern Angola,,,Brass,Metal-Sculpture,"Gift of Ernst Anspach, 1989",Christ; Cross; Crucifixion,https://images.metmuseum.org/CRDImages/ao/original/DP-22132-003.jpg,https://images.metmuseum.org/CRDImages/ao/web-large/DP-22132-003.jpg,https://www.metmuseum.org/art/collection/search/315735,True,The Metropolitan Museum of Art Collection API,Ritual,The Michael C. Rockefeller Wing,,,"Gift of Ernst Anspach, 1989",insufficient or ambiguous contextual evidence,Other,Title: Crucifix Object type: Crucifix Culture: Kongo peoples Country: Angola Region: Northwestern Angola Medium: Brass Classification: Metal-Sculpture Tags: Christ; Cross; Crucifixion,1650.0,0.2454466,0.037135195,-0.11571668,0.16033655
316274,Plate with trumpeter,Plate,Maya,,700,800,Guatemala or Mexico,Mesoamerica,,,"Ceramic, slip",Ceramics-Containers,"Gift of Eugene and Ina Schnell, 1989",Men; Trumpets; Musicians,https://images.metmuseum.org/CRDImages/ao/original/DP-24261-001.jpg,https://images.metmuseum.org/CRDImages/ao/web-large/DP-24261-001.jpg,https://www.metmuseum.org/art/collection/search/316274,True,The Metropolitan Museum of Art Collection API,Ritual,The Michael C. Rockefeller Wing,,,"Gift of Eugene and Ina Schnell, 1989",insufficient or ambiguous contextual evidence,Other,"Title: Plate with trumpeter Object type: Plate Culture: Maya Country: Guatemala or Mexico Region: Mesoamerica Medium: Ceramic, slip Classification: Ceramics-Containers Tags: Men; Trumpets; Musicians",750.0,0.21156159,-0.016996033,-0.10864085,0.32795775
316304,Tripod Plate,Plate,Maya,,800,1000,Mexico,Mesoamerica,,,Ceramic,Ceramics-Containers,"Gift of Arthur M. Bullowa, 1989",,https://images.metmuseum.org/CRDImages/ao/original/DP219258.jpg,https://images.metmuseum.org/CRDImages/ao/web-large/DP219258.jpg,https://www.metmuseum.org/art/collection/search/316304,True,The Metropolitan Museum of Art Collection API,Ritual,The Michael C. Rockefeller Wing,,,"Gift of Arthur M. Bullowa, 1989",insufficient or ambiguous contextual evidence,Other,Title: Tripod Plate Object type: Plate Culture: Maya Country: Mexico Region: Mesoamerica Medium: Ceramic Classification: Ceramics-Containers,900.0,0.32271147,0.026037421,-0.08434997,0.3827929
316415,Ceremonial Textile (Tampan),Ceremonial textile,Lampung,,1800,1900,Indonesia,Sumatra,Piya,,Cotton,Textiles-Woven,"Gift of Anita E. Spertus and Robert J. Holmgren, in honor of Douglas Newton, 1990",Ships,https://images.metmuseum.org/CRDImages/ao/original/DP-23874-001.jpg,https://images.metmuseum.org/CRDImages/ao/web-large/DP-23874-001.jpg,https://www.metmuseum.org/art/collection/search/316415,True,The Metropolitan Museum of Art Collection API,Ritual,The Michael C. Rockefeller Wing,,,"Gift of Anita E. Spertus and Robert J. Holmgren, in honor of Douglas Newton, 1990",insufficient or ambiguous contextual evidence,Other,Title: Ceremonial Textile (Tampan) Object type: Ceremonial textile Culture: Lampung Country: Indonesia Region: Sumatra Medium: Cotton Classification: Textiles-Woven Tags: Ships,1850.0,-0.08398907,-0.22688928,0.06458484,0.13955583
316427,Tumi (knife),Knife,Lambayeque (Sicán),,900,1100,Peru,North Coast,,,"Gold, turquoise",Metal-Implements,"Jan Mitchell and Sons Collection, Gift of Jan Mitchell, 1991",Birds; Faces,https://images.metmuseum.org/CRDImages/ao/original/DP215693.jpg,https://images.metmuseum.org/CRDImages/ao/web-large/DP215693.jpg,https://www.metmuseum.org/art/collection/search/316427,True,The Metropolitan Museum of Art Collection API,Ritual,The Michael C. Rockefeller Wing,,,"Jan Mitchell and Sons Collection, Gift of Jan Mitchell, 1991",insufficient or ambiguous contextual evidence,Other,"Title: Tumi (knife) Object type: Knife Culture: Lambayeque (Sicán) Country: Peru Region: North Coast Medium: Gold, turquoise Classification: Metal-Implements Tags: Birds; Faces",1000.0,0.25671735,-0.032812115,-0.18618634,0.3362216
316436,Earflare with ritual procession,Earflare,Chimú,,1350,1470,Peru,North Coast,,,Gold,Metal-Ornaments,"Jan Mitchell and Sons Collection, Gift of Jan Mitchell, 1991",Fans; Men,https://images.metmuseum.org/CRDImages/ao/original/DP370836.jpg,https://images.metmuseum.org/CRDImages/ao/web-large/DP370836.jpg,https://www.metmuseum.org/art/collection/search/316436,True,The Metropolitan Museum of Art Collection API,Ritual,The Michael C. Rockefeller Wing,,,"Jan Mitchell and Sons Collection, Gift of Jan Mitchell, 1991",insufficient or ambiguous contextual evidence,Other,Title: Earflare with ritual procession Object type: Earflare Culture: Chimú Country: Peru Region: North Coast Medium: Gold Classification: Metal-Ornaments Tags: Fans; Men,1410.0,0.18146811,-0.087974355,-0.009984636,0.2519224
316437,Earflare with ritual procession,Earflare,Chimú,,1350,1470,Peru,North Coast,,,Gold,Metal-Ornaments,"Jan Mitchell and Sons Collection, Gift of Jan Mitchell, 1991",Men,https://images.metmuseum.org/CRDImages/ao/original/DP370837.jpg,https://images.metmuseum.org/CRDImages/ao/web-large/DP370837.jpg,https://www.metmuseum.org/art/collection/search/316437,True,The Metropolitan Museum of Art Collection API,Ritual,The Michael C. Rockefeller Wing,,,"Jan Mitchell and Sons Collection, Gift of Jan Mitchell, 1991",insufficient or ambiguous contextual evidence,Other,Title: Earflare with ritual procession Object type: Earflare Culture: Chimú Country: Peru Region: North Coast Medium: Gold Classification: Metal-Ornaments Tags: Men,1410.0,0.20252292,-0.10817511,-0.0035147588,0.270303
316691,Figure pendant,Pendant,Tairona,,900,1600,Colombia,Sierra Nevada/Caribbean region,,,Gold,Metal-Ornaments,"Jan Mitchell and Sons Collection, Gift of Jan Mitchell, 1991",,https://images.metmuseum.org/CRDImages/ao/original/DP215717.jpg,https://images.metmuseum.org/CRDImages/ao/web-large/DP215717.jpg,https://www.metmuseum.org/art/collection/search/316691,True,The Metropolitan Museum of Art Collection API,Ritual,The Michael C. Rockefeller Wing,,,"Jan Mitchell and Sons Collection, Gift of Jan Mitchell, 1991",insufficient or ambiguous contextual evidence,Other,Title: Figure pendant Object type: Pendant Culture: Tairona Country: Colombia Region: Sierra Nevada/Caribbean region Medium: Gold Classification: Metal-Ornaments,1250.0,0.22866762,0.018853702,-0.10912925,0.29432803
316813,"Jar, Ritual Scenes",Jar,Maya,,700,900,Guatemala,Mesoamerica,,,"Ceramic, slip, pigment",Ceramics-Containers,"Gift of Mr. and Mrs. Charles Diker, 1993",Infants; Men; Women,https://images.metmuseum.org/CRDImages/ao/original/1993.441_a.JPG,https://images.metmuseum.org/CRDImages/ao/web-large/1993.441_a.JPG,https://www.metmuseum.org/art/collection/search/316813,True,The Metropolitan Museum of Art Collection API,Ritual,The Michael C. Rockefeller Wing,,,"Gift of Mr. and Mrs. Charles Diker, 1993",insufficient or ambiguous contextual evidence,Other,"Title: Jar, Ritual Scenes Object type: Jar Culture: Maya Country: Guatemala Region: Mesoamerica Medium: Ceramic, slip, pigment Classification: Ceramics-Containers Tags: Infants; Men; Women",800.0,0.2011662,-0.036757376,-0.03947986,0.30375004
316846,Kero (beaker),Kero,Quechua,,1600,1650,Peru,,,,"Wood, tin, pigment, resin",Wood-Containers,"Bequest of Arthur M. Bullowa, 1993",,https://images.metmuseum.org/CRDImages/ao/original/DP-24246-001.jpg,https://images.metmuseum.org/CRDImages/ao/web-large/DP-24246-001.jpg,https://www.metmuseum.org/art/collection/search/316846,True,The Metropolitan Museum of Art Collection API,Ritual,The Michael C. Rockefeller Wing,,,"Bequest of Arthur M. Bullowa, 1993",insufficient or ambiguous contextual evidence,Other,"Title: Kero (beaker) Object type: Kero Culture: Quechua Country: Peru Medium: Wood, tin, pigment, resin Classification: Wood-Containers",1625.0,0.34919316,-0.046548318,0.013402816,0.32705578
316847,Kero (beaker),Kero,Quechua,,1600,1700,Peru,,,,"Wood, tin, pigment, resin",Wood-Containers,"Bequest of Arthur M. Bullowa, 1993",,https://images.metmuseum.org/CRDImages/ao/original/1994.35.19_a.JPG,https://images.metmuseum.org/CRDImages/ao/web-large/1994.35.19_a.JPG,https://www.metmuseum.org/art/collection/search/316847,True,The Metropolitan Museum of Art Collection API,Ritual,The Michael C. Rockefeller Wing,,,"Bequest of Arthur M. Bullowa, 1993",insufficient or ambiguous contextual evidence,Other,"Title: Kero (beaker) Object type: Kero Culture: Quechua Country: Peru Medium: Wood, tin, pigment, resin Classification: Wood-Containers",1650.0,0.3046873,-0.041648056,0.013402817,0.32705575
316963,Four-Cornered Hat,Hat,Wari,,600,900,Peru,,,,Camelid hair,Textiles-Costumes,"Bequest of Arthur M. Bullowa, 1993",Birds,https://images.metmuseum.org/CRDImages/ao/original/DP-29610-001.jpg,https://images.metmuseum.org/CRDImages/ao/web-large/DP-29610-001.jpg,https://www.metmuseum.org/art/collection/search/316963,True,The Metropolitan Museum of Art Collection API,Ritual,The Michael C. Rockefeller Wing,,,"Bequest of Arthur M. Bullowa, 1993",insufficient or ambiguous contextual evidence,Other,Title: Four-Cornered Hat Object type: Hat Culture: Wari Country: Peru Medium: Camelid hair Classification: Textiles-Costumes Tags: Birds,750.0,0.20468797,0.053064104,-0.1189976,0.2941412
317619,Turkey Vessel,Vessel,Veracruz,,600,1000,Mexico,Mesoamerica,,,"Ceramic, slip, pigment",Ceramics-Containers,"Rogers Fund, 1998",Turkeys,https://images.metmuseum.org/CRDImages/ao/original/hz1998_71.jpg,https://images.metmuseum.org/CRDImages/ao/web-large/hz1998_71.jpg,https://www.metmuseum.org/art/collection/search/317619,True,The Metropolitan Museum of Art Collection API,Ritual,The Michael C. Rockefeller Wing,,,"Rogers Fund, 1998",insufficient or ambiguous contextual evidence,Other,"Title: Turkey Vessel Object type: Vessel Culture: Veracruz Country: Mexico Region: Mesoamerica Medium: Ceramic, slip, pigment Classification: Ceramics-Containers Tags: Turkeys",800.0,0.2946356,0.08161698,-0.19870988,0.33390108
317753,Female figurine,Figure,Inca,,1400,1533,"Ecuador, Peru, Bolivia, Chile, or Argentina",,,,Silver-gold alloy,Sculpture-Sheet metal,"Gift of Louise Reinhardt Smith, 1995",Women,https://images.metmuseum.org/CRDImages/ao/original/DP-13440-036.jpg,https://images.metmuseum.org/CRDImages/ao/web-large/DP-13440-036.jpg,https://www.metmuseum.org/art/collection/search/317753,True,The Metropolitan Museum of Art Collection API,Ritual,The Michael C. Rockefeller Wing,,,"Gift of Louise Reinhardt Smith, 1995",insufficient or ambiguous contextual evidence,Other,"Title: Female figurine Object type: Figure Culture: Inca Country: Ecuador, Peru, Bolivia, Chile, or Argentina Medium: Silver-gold alloy Classification: Sculpture-Sheet metal Tags: Women",1466.5,0.35049352,0.079207264,-0.24114293,0.1374668
317760,Pair of carved ornaments with the Maize God,Earflare frontals,Maya,,400,700,"Southern Mexico, Guatemala, Honduras, or Belize",Mesoamerica,,,Shell,Shell-Ornaments,"Purchase, Arthur M. Bullowa Bequest, 1995",,https://images.metmuseum.org/CRDImages/ao/original/DP-24306-003.jpg,https://images.metmuseum.org/CRDImages/ao/web-large/DP-24306-003.jpg,https://www.metmuseum.org/art/collection/search/317760,True,The Metropolitan Museum of Art Collection API,Ritual,The Michael C. Rockefeller Wing,,,"Purchase, Arthur M. Bullowa Bequest, 1995",insufficient or ambiguous contextual evidence,Other,"Title: Pair of carved ornaments with the Maize God Object type: Earflare frontals Culture: Maya Country: Southern Mexico, Guatemala, Honduras, or Belize Region: Mesoamerica Medium: Shell Classification: Shell-Ornaments",550.0,0.3150698,-0.11751864,-0.044041842,0.39426258
317802,Pestle Finial,Pestle finial,"Highlands, Mt. Hagen region",,-1500,1600,Papua New Guinea,Highlands,,,Stone,Stone-Implements,"Purchase, Discovery Communications Inc. Gift, 1996",Birds,https://images.metmuseum.org/CRDImages/ao/original/DT4055.jpg,https://images.metmuseum.org/CRDImages/ao/web-large/DT4055.jpg,https://www.metmuseum.org/art/collection/search/317802,True,The Metropolitan Museum of Art Collection API,Ritual,The Michael C. Rockefeller Wing,,,"Purchase, Discovery Communications Inc. Gift, 1996",insufficient or ambiguous contextual evidence,Other,"Title: Pestle Finial Object type: Pestle finial Culture: Highlands, Mt. Hagen region Country: Papua New Guinea Region: Highlands Medium: Stone Classification: Stone-Implements Tags: Birds",50.0,0.41201076,0.03991942,-0.121207014,0.28899777
317803,Bird Figure,Figure,Mount Hagen region,,-1505,-1495,Papua New Guinea,,,,Stone,Stone-Sculpture,"Purchase, Discovery Communications Inc. Gift, 1996",Birds,https://images.metmuseum.org/CRDImages/ao/original/DP134539.jpg,https://images.metmuseum.org/CRDImages/ao/web-large/DP134539.jpg,https://www.metmuseum.org/art/collection/search/317803,True,The Metropolitan Museum of Art Collection API,Ritual,The Michael C. Rockefeller Wing,,,"Purchase, Discovery Communications Inc. Gift, 1996",insufficient or ambiguous contextual evidence,Other,Title: Bird Figure Object type: Figure Culture: Mount Hagen region Country: Papua New Guinea Medium: Stone Classification: Stone-Sculpture Tags: Birds,-1500.0,0.34720328,0.09099696,-0.13505158,0.27830723
317804,Club Head,Club head,"Highlands, Mt. Hagen region",,-1500,1600,Papua New Guinea,Highlands,,,Stone,Stone-Sculpture,"Purchase, Discovery Communications Inc. Gift, 1996",,https://images.metmuseum.org/CRDImages/ao/original/vs1996_373_3.jpg,https://images.metmuseum.org/CRDImages/ao/web-large/vs1996_373_3.jpg,https://www.metmuseum.org/art/collection/search/317804,True,The Metropolitan Museum of Art Collection API,Ritual,The Michael C. Rockefeller Wing,,,"Purchase, Discovery Communications Inc. Gift, 1996",insufficient or ambiguous contextual evidence,Other,"Title: Club Head Object type: Club head Culture: Highlands, Mt. Hagen region Country: Papua New Guinea Region: Highlands Medium: Stone Classification: Stone-Sculpture",50.0,0.32040644,0.0004961625,-0.16071807,0.34970084
317877,Processional Cross,Cross,Northern Highlands region,,1300,1500,Ethiopia,Lasta region,,,Brass,Metal-Sculpture,"Purchase, Elaine Rosenberg Gift and funds from various donors, 1998",,https://images.metmuseum.org/CRDImages/ao/original/DP100984.jpg,https://images.metmuseum.org/CRDImages/ao/web-large/DP100984.jpg,https://www.metmuseum.org/art/collection/search/317877,True,The Metropolitan Museum of Art Collection API,Buddha; Buddhist; Bodhisattva; Avalokiteshvara; Guanyin; Tara; Vajra; Mandala; Thangka; Stupa; Sutra; Ritual; Tibet; Nepal; India; China,The Michael C. Rockefeller Wing,,,"Purchase, Elaine Rosenberg Gift and funds from various donors, 1998",insufficient or ambiguous contextual evidence,Other,Title: Processional Cross Object type: Cross Culture: Northern Highlands region Country: Ethiopia Region: Lasta region Medium: Brass Classification: Metal-Sculpture,1400.0,0.2226423,-0.11327429,-0.049451258,0.30652356
318345,Censer with seated king,Censer,Maya,,300,400,Guatemala,,,,"Ceramic, slip",Ceramics-Containers,"Gift of Charles and Valerie Diker, 1999",Kings,https://images.metmuseum.org/CRDImages/ao/original/DT4512.jpg,https://images.metmuseum.org/CRDImages/ao/web-large/DT4512.jpg,https://www.metmuseum.org/art/collection/search/318345,True,The Metropolitan Museum of Art Collection API,Ritual,The Michael C. Rockefeller Wing,,,"Gift of Charles and Valerie Diker, 1999",insufficient or ambiguous contextual evidence,Other,"Title: Censer with seated king Object type: Censer Culture: Maya Country: Guatemala Medium: Ceramic, slip Classification: Ceramics-Containers Tags: Kings",350.0,0.324142,-0.050956577,-0.06926582,0.32799506
318622,Pendant mask of Ìyọ́bà Idià,Pendant mask,Edo peoples,,1500,1600,Nigeria,,Court of Benin,,"Ivory, iron, brass, coal, traces of iron oxides",Bone/Ivory-Sculpture,"The Michael C. Rockefeller Memorial Collection, Gift of Nelson A. Rockefeller, 1972",Portraits; Women,https://images.metmuseum.org/CRDImages/ao/original/DP231460.jpg,https://images.metmuseum.org/CRDImages/ao/web-large/DP231460.jpg,https://www.metmuseum.org/art/collection/search/318622,True,The Metropolitan Museum of Art Collection API,Ritual,The Michael C. Rockefeller Wing,,,"The Michael C. Rockefeller Memorial Collection, Gift of Nelson A. Rockefeller, 1972",insufficient or ambiguous contextual evidence,Other,"Title: Pendant mask of Ìyọ́bà Idià Object type: Pendant mask Culture: Edo peoples Country: Nigeria Medium: Ivory, iron, brass, coal, traces of iron oxides Classification: Bone/Ivory-Sculpture Tags: Portraits; Women",1550.0,0.3304423,0.02592371,-0.121935286,0.17190397
318662,Vessel with throne scene,Vessel,Maya,,600,900,Guatemala,Mesoamerica,Alta Verapaz,,"Ceramic, slip",Ceramics-Containers,"Gift of Charles and Valerie Diker, 1999",Men; Thrones,https://images.metmuseum.org/CRDImages/ao/original/DT4514.jpg,https://images.metmuseum.org/CRDImages/ao/web-large/DT4514.jpg,https://www.metmuseum.org/art/collection/search/318662,True,The Metropolitan Museum of Art Collection API,Ritual,The Michael C. Rockefeller Wing,,,"Gift of Charles and Valerie Diker, 1999",insufficient or ambiguous contextual evidence,Other,"Title: Vessel with throne scene Object type: Vessel Culture: Maya Country: Guatemala Region: Mesoamerica Medium: Ceramic, slip Classification: Ceramics-Containers Tags: Men; Thrones",750.0,0.1887723,-0.039773006,-0.06287796,0.3254679
319633,Cylindrical Vessel,Vessel,Maya,,475,925,Guatemala or Mexico,Mesoamerica,,,Ceramic,Ceramics-Containers,"Anonymous Gift, 2005",,https://images.metmuseum.org/CRDImages/ao/original/DP-13003-003.jpg,https://images.metmuseum.org/CRDImages/ao/web-large/DP-13003-003.jpg,https://www.metmuseum.org/art/collection/search/319633,True,The Metropolitan Museum of Art Collection API,Ritual,The Michael C. Rockefeller Wing,,,"Anonymous Gift, 2005",insufficient or ambiguous contextual evidence,Other,Title: Cylindrical Vessel Object type: Vessel Culture: Maya Country: Guatemala or Mexico Region: Mesoamerica Medium: Ceramic Classification: Ceramics-Containers,700.0,0.1973061,-0.029084064,-0.100040615,0.4871695
319873,Deity face pendant,Pendant,Maya,,0,0,"Southern Mexico, Guatemala, Honduras, or Belize",,,,"Jadeite or omphacite, iron ochre",Stone-Ornaments,"Purchase, Jan and Marica Vilcek Gift, 2007",,https://images.metmuseum.org/CRDImages/ao/original/DP148420.jpg,https://images.metmuseum.org/CRDImages/ao/web-large/DP148420.jpg,https://www.metmuseum.org/art/collection/search/319873,True,The Metropolitan Museum of Art Collection API,Ritual,The Michael C. Rockefeller Wing,,,"Purchase, Jan and Marica Vilcek Gift, 2007",insufficient or ambiguous contextual evidence,Other,"Title: Deity face pendant Object type: Pendant Culture: Maya Country: Southern Mexico, Guatemala, Honduras, or Belize Medium: Jadeite or omphacite, iron ochre Classification: Stone-Ornaments",,0.29965374,-0.10143609,-0.042999852,0.3763648
320054,Miniature tabard,Tunic,Inca and Spanish,,1600,1700,Bolivia or Peru,,,,"Cotton, camelid hair, silk, metal",Textiles-Woven,"Gift of Penny Righthand, in memory of Richard I. Levine, 2007",,https://images.metmuseum.org/CRDImages/ao/original/DP107700.jpg,https://images.metmuseum.org/CRDImages/ao/web-large/DP107700.jpg,https://www.metmuseum.org/art/collection/search/320054,True,The Metropolitan Museum of Art Collection API,Ritual,The Michael C. Rockefeller Wing,,,"Gift of Penny Righthand, in memory of Richard I. Levine, 2007",insufficient or ambiguous contextual evidence,Other,"Title: Miniature tabard Object type: Tunic Culture: Inca and Spanish Country: Bolivia or Peru Medium: Cotton, camelid hair, silk, metal Classification: Textiles-Woven",1650.0,0.025794318,-0.14671268,-0.08152871,0.31738806
320347,Feathered serpent head,Head,Teotihuacan,,100,500,Mexico,,,,"Stone, pigment",Stone-Sculpture,"Museum Purchase, 1900",,https://images.metmuseum.org/CRDImages/ao/original/DP-39201-004.jpg,https://images.metmuseum.org/CRDImages/ao/web-large/DP-39201-004.jpg,https://www.metmuseum.org/art/collection/search/320347,True,The Metropolitan Museum of Art Collection API,Ritual,The Michael C. Rockefeller Wing,,,"Museum Purchase, 1900",insufficient or ambiguous contextual evidence,Other,"Title: Feathered serpent head Object type: Head Culture: Teotihuacan Country: Mexico Medium: Stone, pigment Classification: Stone-Sculpture",300.0,0.3616502,-0.03441644,-0.034195118,0.4004087
320804,Hanging (?) Fragment,Tapestry fragment,Peruvian,,1500,1700,Peru,,,,"Camelid hair, cotton",Textiles-Woven,"Gift of Gloria Granz Gonick, 2011",,https://images.metmuseum.org/CRDImages/ao/original/TR.489.2010_a.jpg,https://images.metmuseum.org/CRDImages/ao/web-large/TR.489.2010_a.jpg,https://www.metmuseum.org/art/collection/search/320804,True,The Metropolitan Museum of Art Collection API,Ritual,The Michael C. Rockefeller Wing,,,"Gift of Gloria Granz Gonick, 2011",insufficient or ambiguous contextual evidence,Other,"Title: Hanging (?) Fragment Object type: Tapestry fragment Culture: Peruvian Country: Peru Medium: Camelid hair, cotton Classification: Textiles-Woven",1600.0,-0.026245322,-0.20468073,-0.11799381,0.28107873
320962,Tälsäm or yä bərana kətab (healing scroll),Scroll,Tigrinya peoples,,1700,1897,Ethiopia,Northern Highlands region,,,"Parchment, ink, pigments, cotton",Parchment,"Purchase, Marie Sussek Gift, 2012",Scrolls; Faces,https://images.metmuseum.org/CRDImages/ao/original/DP326509.jpg,https://images.metmuseum.org/CRDImages/ao/web-large/DP326509.jpg,https://www.metmuseum.org/art/collection/search/320962,True,The Metropolitan Museum of Art Collection API,Ritual,The Michael C. Rockefeller Wing,,,"Purchase, Marie Sussek Gift, 2012",insufficient or ambiguous contextual evidence,Other,"Title: Tälsäm or yä bərana kətab (healing scroll) Object type: Scroll Culture: Tigrinya peoples Country: Ethiopia Region: Northern Highlands region Medium: Parchment, ink, pigments, cotton Classification: Parchment Tags: Scrolls; Faces",1798.5,-0.02469002,-0.23402695,0.277788,0.15398468
322610,Relief panel,Relief,Assyrian,Neo-Assyrian,-883,-859,,Mesopotamia,,,Gypsum alabaster,,"Gift of John D. Rockefeller Jr., 1932",,https://images.metmuseum.org/CRDImages/an/original/DP375419.jpg,https://images.metmuseum.org/CRDImages/an/web-large/DP375419.jpg,https://www.metmuseum.org/art/collection/search/322610,True,The Metropolitan Museum of Art Collection API,Ritual,Ancient West Asian Art,,,"Gift of John D. Rockefeller Jr., 1932",insufficient or ambiguous contextual evidence,Other,Title: Relief panel Object type: Relief Culture: Assyrian Period: Neo-Assyrian Region: Mesopotamia Medium: Gypsum alabaster,-871.0,0.04931962,-0.2630271,0.08904022,0.08302513
322619,Relief panel,Relief,Assyrian,Neo-Assyrian,-883,-859,,Mesopotamia,,,Gypsum alabaster,,"Gift of John D. Rockefeller Jr., 1932",,https://images.metmuseum.org/CRDImages/an/original/DP355701.jpg,https://images.metmuseum.org/CRDImages/an/web-large/DP355701.jpg,https://www.metmuseum.org/art/collection/search/322619,True,The Metropolitan Museum of Art Collection API,Ritual,Ancient West Asian Art,,,"Gift of John D. Rockefeller Jr., 1932",insufficient or ambiguous contextual evidence,Other,Title: Relief panel Object type: Relief Culture: Assyrian Period: Neo-Assyrian Region: Mesopotamia Medium: Gypsum alabaster,-871.0,0.15829608,-0.11834588,0.08904022,0.08302513
322621,Relief panel,Relief,Assyrian,Neo-Assyrian,-883,-859,,Mesopotamia,,,Gypsum alabaster,,"Gift of John D. Rockefeller Jr., 1932",,https://images.metmuseum.org/CRDImages/an/original/DP355694.jpg,https://images.metmuseum.org/CRDImages/an/web-large/DP355694.jpg,https://www.metmuseum.org/art/collection/search/322621,True,The Metropolitan Museum of Art Collection API,Ritual,Ancient West Asian Art,,,"Gift of John D. Rockefeller Jr., 1932",insufficient or ambiguous contextual evidence,Other,Title: Relief panel Object type: Relief Culture: Assyrian Period: Neo-Assyrian Region: Mesopotamia Medium: Gypsum alabaster,-871.0,0.123417504,-0.070066735,0.08904022,0.08302513
322973,Plate with king hunting rams,Plate,Sasanian,Sasanian,459,531,,Iran,,,"Silver, mercury gilding, niello inlay",,"Fletcher Fund, 1934",Kings; Men; Hunting; Horses; Rams,https://images.metmuseum.org/CRDImages/an/original/DP-42233-001.jpg,https://images.metmuseum.org/CRDImages/an/web-large/DP-42233-001.jpg,https://www.metmuseum.org/art/collection/search/322973,True,The Metropolitan Museum of Art Collection API,Ritual; China,Ancient West Asian Art,,,"Fletcher Fund, 1934",insufficient or ambiguous contextual evidence,Other,"Title: Plate with king hunting rams Object type: Plate Culture: Sasanian Period: Sasanian Region: Iran Medium: Silver, mercury gilding, niello inlay Tags: Kings; Men; Hunting; Horses; Rams",495.0,0.1901634,0.021558564,-0.006341304,0.039831474
323479,Drachm,Coin,Parthian,Parthian,-100,-1,,Iran,,,Silver,,"Rogers Fund, 1936",Men; Profiles,https://images.metmuseum.org/CRDImages/an/original/DP-13132-007.jpg,https://images.metmuseum.org/CRDImages/an/web-large/DP-13132-007.jpg,https://www.metmuseum.org/art/collection/search/323479,True,The Metropolitan Museum of Art Collection API,Ritual,Ancient West Asian Art,,,"Rogers Fund, 1936",insufficient or ambiguous contextual evidence,Other,Title: Drachm Object type: Coin Culture: Parthian Period: Parthian Region: Iran Medium: Silver Tags: Men; Profiles,-50.5,0.24944942,-0.004292168,0.12172917,0.082741864
324139,Jar with paired birds in panels,Jar,Iran,,-1600,-1400,,Iran,,,"Ceramic, paint",,"Rogers Fund and Gifts of Lucy W. Drexel, Theodore M. Davis, Helen Miller Gould, Albert Gallatin, Egypt Exploration Fund and Egyptian Research Account, by exchange, 1950",Birds,https://images.metmuseum.org/CRDImages/an/original/hb51_25_25.jpg,https://images.metmuseum.org/CRDImages/an/web-large/hb51_25_25.jpg,https://www.metmuseum.org/art/collection/search/324139,True,The Metropolitan Museum of Art Collection API,Ritual,Ancient West Asian Art,,,"Rogers Fund and Gifts of Lucy W. Drexel, Theodore M. Davis, Helen Miller Gould, Albert Gallatin, Egypt Exploration Fund and Egyptian Research Account, by exchange, 1950",insufficient or ambiguous contextual evidence,Other,"Title: Jar with paired birds in panels Object type: Jar Culture: Iran Region: Iran Medium: Ceramic, paint Tags: Birds",-1500.0,0.199954,-0.036851797,-0.019926807,0.086504735
324324,Handle of a flywhisk or fan,Flywhisk or fan handle,Assyrian,Neo-Assyrian,-800,-600,,Mesopotamia,,,Ivory,,"Rogers Fund, 1954",,https://images.metmuseum.org/CRDImages/an/original/DP-38927-001.jpg,https://images.metmuseum.org/CRDImages/an/web-large/DP-38927-001.jpg,https://www.metmuseum.org/art/collection/search/324324,True,The Metropolitan Museum of Art Collection API,Ritual,Ancient West Asian Art,,,"Rogers Fund, 1954",insufficient or ambiguous contextual evidence,Other,Title: Handle of a flywhisk or fan Object type: Flywhisk or fan handle Culture: Assyrian Period: Neo-Assyrian Region: Mesopotamia Medium: Ivory,-700.0,0.24172258,-0.075141266,0.12258886,0.0021028682
324596,Plaque with tribute bearers,Relief,Assyrian,Neo-Assyrian,-900,-700,,Mesopotamia,,,Ivory,,"Rogers Fund, 1957",Men,https://images.metmuseum.org/CRDImages/an/original/DP110591.jpg,https://images.metmuseum.org/CRDImages/an/web-large/DP110591.jpg,https://www.metmuseum.org/art/collection/search/324596,True,The Metropolitan Museum of Art Collection API,Ritual,Ancient West Asian Art,,,"Rogers Fund, 1957",insufficient or ambiguous contextual evidence,Other,Title: Plaque with tribute bearers Object type: Relief Culture: Assyrian Period: Neo-Assyrian Region: Mesopotamia Medium: Ivory Tags: Men,-800.0,0.10478743,-0.16147365,0.042301815,-0.060066175
324599,Incised furniture plaque with two ibexes flanking a stylized palmette tree,Relief,Assyrian,Neo-Assyrian,-900,-700,,Mesopotamia,,,Ivory,,"Rogers Fund, 1957",Ibex,https://images.metmuseum.org/CRDImages/an/original/DP110594.jpg,https://images.metmuseum.org/CRDImages/an/web-large/DP110594.jpg,https://www.metmuseum.org/art/collection/search/324599,True,The Metropolitan Museum of Art Collection API,Ritual,Ancient West Asian Art,,,"Rogers Fund, 1957",insufficient or ambiguous contextual evidence,Other,Title: Incised furniture plaque with two ibexes flanking a stylized palmette tree Object type: Relief Culture: Assyrian Period: Neo-Assyrian Region: Mesopotamia Medium: Ivory Tags: Ibex,-800.0,0.18158828,-0.22739628,0.04777178,0.028689452
325818,Necklace with the head of the Egyptian god Bes,Necklace,Achaemenid,Achaemenid,-600,-300,,Iran,,,Gold,,"Dodge Fund, 1965",Bes; Horses,https://images.metmuseum.org/CRDImages/an/original/DP-41780-001.jpg,https://images.metmuseum.org/CRDImages/an/web-large/DP-41780-001.jpg,https://www.metmuseum.org/art/collection/search/325818,True,The Metropolitan Museum of Art Collection API,Tara,Ancient West Asian Art,,,"Dodge Fund, 1965",insufficient or ambiguous contextual evidence,Other,Title: Necklace with the head of the Egyptian god Bes Object type: Necklace Culture: Achaemenid Period: Achaemenid Region: Iran Medium: Gold Tags: Bes; Horses,-450.0,0.13837504,-0.11564313,0.017397283,0.051035006
327315,Miniature vessel,Vessel,,,-1600,-1400,,Iran,,,Ceramic,,"Bequest of Charles K. Wilkinson, 1986",Birds,https://images.metmuseum.org/CRDImages/an/original/vs1987_115.jpg,https://images.metmuseum.org/CRDImages/an/web-large/vs1987_115.jpg,https://www.metmuseum.org/art/collection/search/327315,True,The Metropolitan Museum of Art Collection API,Ritual,Ancient West Asian Art,,,"Bequest of Charles K. Wilkinson, 1986",insufficient or ambiguous contextual evidence,Other,Title: Miniature vessel Object type: Vessel Region: Iran Medium: Ceramic Tags: Birds,-1500.0,0.20579197,-0.043301877,-0.139613,0.16333252
327399,Vessel terminating in the forepart of a stag,Vessel,Hittite,Hittite Empire,-1400,-1200,,Central Anatolia,,,"Silver, gold inlay",,"Gift of Norbert Schimmel Trust, 1989",Birds; Men; Deer; Deities; Goddess,https://images.metmuseum.org/CRDImages/an/original/DP-42027-001.jpg,https://images.metmuseum.org/CRDImages/an/web-large/DP-42027-001.jpg,https://www.metmuseum.org/art/collection/search/327399,True,The Metropolitan Museum of Art Collection API,Ritual,Ancient West Asian Art,,,"Gift of Norbert Schimmel Trust, 1989",insufficient or ambiguous contextual evidence,Other,"Title: Vessel terminating in the forepart of a stag Object type: Vessel Culture: Hittite Period: Hittite Empire Region: Central Anatolia Medium: Silver, gold inlay Tags: Birds; Men; Deer; Deities; Goddess",-1300.0,0.28757054,0.037925567,0.031236527,0.17296591
328593,Monstrous male figure,Sculpture,Bactria-Margiana Archaeological Complex,Bronze Age,-2250,-1750,,Bactria-Margiana or eastern Iran,,,"Chlorite, calcite, gold, iron",,"Purchase, 2009 Benefit Fund, Friends of Inanna Gifts, and Mr. and Mrs. Horiuchi Gift, 2010",Men,https://images.metmuseum.org/CRDImages/an/original/dp22227.jpg,https://images.metmuseum.org/CRDImages/an/web-large/dp22227.jpg,https://www.metmuseum.org/art/collection/search/328593,True,The Metropolitan Museum of Art Collection API,Ritual,Ancient West Asian Art,,,"Purchase, 2009 Benefit Fund, Friends of Inanna Gifts, and Mr. and Mrs. Horiuchi Gift, 2010",insufficient or ambiguous contextual evidence,Other,"Title: Monstrous male figure Object type: Sculpture Culture: Bactria-Margiana Archaeological Complex Period: Bronze Age Region: Bactria-Margiana or eastern Iran Medium: Chlorite, calcite, gold, iron Tags: Men",-2000.0,0.25938144,0.0994314,-0.052292597,0.0562687
329077,Head of a ruler,Sculpture,,Early Bronze Age,-2300,-2000,,Mesopotamia,,,Copper alloy,,"Rogers Fund, 1947",Heads; Men,https://images.metmuseum.org/CRDImages/an/original/DP-23662-001.jpg,https://images.metmuseum.org/CRDImages/an/web-large/DP-23662-001.jpg,https://www.metmuseum.org/art/collection/search/329077,True,The Metropolitan Museum of Art Collection API,Buddha; Buddhist; Bodhisattva; Avalokiteshvara; Guanyin; Tara; Vajra; Mandala; Thangka; Stupa; Sutra; Ritual; Tibet; Nepal; India; China,Ancient West Asian Art,,,"Rogers Fund, 1947",insufficient or ambiguous contextual evidence,Other,Title: Head of a ruler Object type: Sculpture Period: Early Bronze Age Region: Mesopotamia Medium: Copper alloy Tags: Heads; Men,-2150.0,0.35099274,0.08770465,-0.042553242,0.041911803
347927,Songs of Innocence: The Divine Image,Print,,,1789,1825,,,,,Relief etching printed in orange-brown ink and hand-colored with watercolor and shell gold,Prints,"Rogers Fund, 1917",Poetry,https://images.metmuseum.org/CRDImages/dp/original/DP816659.jpg,https://images.metmuseum.org/CRDImages/dp/web-large/DP816659.jpg,https://www.metmuseum.org/art/collection/search/347927,True,The Metropolitan Museum of Art Collection API,Buddha; Buddhist; Bodhisattva; Avalokiteshvara; Guanyin; Tara; Vajra; Mandala; Thangka; Stupa; Sutra; Ritual; Tibet; Nepal; India; China,Drawings and Prints,,,"Rogers Fund, 1917",geography or period matched East Asia indicators,East_Asia,Title: Songs of Innocence: The Divine Image Object type: Print Medium: Relief etching printed in orange-brown ink and hand-colored with watercolor and shell gold Classification: Prints Tags: Poetry,1807.0,-0.23609072,-0.023107028,-0.05602693,-0.33032286
383883,Tobias and the Angel (small plate),Print,,,1608,1608,,,,,Engraving; Holl.'s second state of three,Prints,"Harris Brisbane Dick Fund, 1928",Birds; Men; Cows; Dogs; Fish; Frogs; Sheep; Angels,https://images.metmuseum.org/CRDImages/dp/original/DP870096.jpg,https://images.metmuseum.org/CRDImages/dp/web-large/DP870096.jpg,https://www.metmuseum.org/art/collection/search/383883,True,The Metropolitan Museum of Art Collection API,Buddha; Buddhist; Bodhisattva; Avalokiteshvara; Guanyin; Tara; Vajra; Mandala; Thangka; Stupa; Sutra; Ritual; Tibet; Nepal; India; China,Drawings and Prints,,,"Harris Brisbane Dick Fund, 1928",insufficient or ambiguous contextual evidence,Other,Title: Tobias and the Angel (small plate) Object type: Print Medium: Engraving; Holl.'s second state of three Classification: Prints Tags: Birds; Men; Cows; Dogs; Fish; Frogs; Sheep; Angels,1608.0,-0.27454618,0.1990459,-0.21943918,-0.14702158
430812,"The True Issue or ""Thats Whats the Matter""",Print,,,1864,1864,,,,,Lithograph,Prints,"Gift of Georgiana W. Sargent, in memory of John Osborne Sargent, 1924",Satire; American Civil War; Abraham Lincoln; Men; Maps,https://images.metmuseum.org/CRDImages/dp/original/DP831802.jpg,https://images.metmuseum.org/CRDImages/dp/web-large/DP831802.jpg,https://www.metmuseum.org/art/collection/search/430812,True,The Metropolitan Museum of Art Collection API,Buddha; Buddhist; Bodhisattva; Avalokiteshvara; Guanyin; Tara; Vajra; Mandala; Thangka; Stupa; Sutra; Ritual; Tibet; Nepal; India; China,Drawings and Prints,,,"Gift of Georgiana W. Sargent, in memory of John Osborne Sargent, 1924",insufficient or ambiguous contextual evidence,Other,"Title: The True Issue or ""Thats Whats the Matter"" Object type: Print Medium: Lithograph Classification: Prints Tags: Satire; American Civil War; Abraham Lincoln; Men; Maps",1864.0,-0.104870945,0.17466335,-0.19884476,-0.20057689
435621,Joan of Arc,Painting,,,1879,1879,,,,,Oil on canvas,Paintings,"Gift of Erwin Davis, 1889",Gardens; Joan of Arc,https://images.metmuseum.org/CRDImages/ep/original/DP-14201-049.jpg,https://images.metmuseum.org/CRDImages/ep/web-large/DP-14201-049.jpg,https://www.metmuseum.org/art/collection/search/435621,True,The Metropolitan Museum of Art Collection API,Buddha; Buddhist; Bodhisattva; Avalokiteshvara; Guanyin; Tara; Vajra; Mandala; Thangka; Stupa; Sutra; Ritual; Tibet; Nepal; India; China,European Paintings,,,"Gift of Erwin Davis, 1889",insufficient or ambiguous contextual evidence,Other,Title: Joan of Arc Object type: Painting Medium: Oil on canvas Classification: Paintings Tags: Gardens; Joan of Arc,1879.0,-0.276127,0.36185992,-0.44292623,-0.326117
435678,The Temptation of Saint Anthony,Painting,,,1550,1560,,,,,Oil on wood,Paintings,"Bequest of Harry G. Sperling, 1971",Fires; Saint Anthony,https://images.metmuseum.org/CRDImages/ep/original/DP235224.jpg,https://images.metmuseum.org/CRDImages/ep/web-large/DP235224.jpg,https://www.metmuseum.org/art/collection/search/435678,True,The Metropolitan Museum of Art Collection API,Buddha; Buddhist; Bodhisattva; Avalokiteshvara; Guanyin; Tara; Vajra; Mandala; Thangka; Stupa; Sutra; Ritual; Tibet; Nepal; India; China,European Paintings,,,"Bequest of Harry G. Sperling, 1971",insufficient or ambiguous contextual evidence,Other,Title: The Temptation of Saint Anthony Object type: Painting Medium: Oil on wood Classification: Paintings Tags: Fires; Saint Anthony,1555.0,-0.24301481,0.22939175,-0.3718437,-0.29299197
435702,The Horse Fair,Painting,,,1852,1855,,,,,Oil on canvas,Paintings,"Gift of Cornelius Vanderbilt, 1887",Men; Horses; Paris,https://images.metmuseum.org/CRDImages/ep/original/DP-23550-001.jpg,https://images.metmuseum.org/CRDImages/ep/web-large/DP-23550-001.jpg,https://www.metmuseum.org/art/collection/search/435702,True,The Metropolitan Museum of Art Collection API,Buddha; Buddhist; Bodhisattva; Avalokiteshvara; Guanyin; Tara; Vajra; Mandala; Thangka; Stupa; Sutra; Ritual; Tibet; Nepal; India; China,European Paintings,,,"Gift of Cornelius Vanderbilt, 1887",insufficient or ambiguous contextual evidence,Other,Title: The Horse Fair Object type: Painting Medium: Oil on canvas Classification: Paintings Tags: Men; Horses; Paris,1853.5,-0.27847812,0.29904205,-0.39806822,-0.2503883
435762,Virgin and Child,Painting,,,1455,1460,,,,,Oil on wood,Paintings,"Theodore M. Davis Collection, Bequest of Theodore M. Davis, 1915",Madonna and Child,https://images.metmuseum.org/CRDImages/ep/original/DP-20589-001.jpg,https://images.metmuseum.org/CRDImages/ep/web-large/DP-20589-001.jpg,https://www.metmuseum.org/art/collection/search/435762,True,The Metropolitan Museum of Art Collection API,India,European Paintings,,,"Theodore M. Davis Collection, Bequest of Theodore M. Davis, 1915",insufficient or ambiguous contextual evidence,Other,Title: Virgin and Child Object type: Painting Medium: Oil on wood Classification: Paintings Tags: Madonna and Child,1457.5,-0.19396754,0.390478,-0.30427736,-0.32966316
435844,The Musicians,Painting,,,1597,1597,,,,,Oil on canvas,Paintings,"Rogers Fund, 1952",Grapes; Men; Music; Lutes; Violins; Cupid; Musicians,https://images.metmuseum.org/CRDImages/ep/original/DP-687-001.jpg,https://images.metmuseum.org/CRDImages/ep/web-large/DP-687-001.jpg,https://www.metmuseum.org/art/collection/search/435844,True,The Metropolitan Museum of Art Collection API,Buddha; Buddhist; Bodhisattva; Avalokiteshvara; Guanyin; Tara; Vajra; Mandala; Thangka; Stupa; Sutra; Ritual; Tibet; Nepal; India; China,European Paintings,,,"Rogers Fund, 1952",insufficient or ambiguous contextual evidence,Other,Title: The Musicians Object type: Painting Medium: Oil on canvas Classification: Paintings Tags: Grapes; Men; Music; Lutes; Violins; Cupid; Musicians,1597.0,-0.2681972,0.44696504,-0.35413,-0.19366455
435864,A Woman with a Dog,Painting,,,1740,1749,,,,,Oil on canvas,Paintings,"Maria DeWitt Jesup Fund, 1930",Portraits; Women; Dogs,https://images.metmuseum.org/CRDImages/ep/original/DP-29214-001.jpg,https://images.metmuseum.org/CRDImages/ep/web-large/DP-29214-001.jpg,https://www.metmuseum.org/art/collection/search/435864,True,The Metropolitan Museum of Art Collection API,Buddha; Buddhist; Bodhisattva; Avalokiteshvara; Guanyin; Tara; Vajra; Mandala; Thangka; Stupa; Sutra; Ritual; Tibet; Nepal; India; China,European Paintings,,,"Maria DeWitt Jesup Fund, 1930",insufficient or ambiguous contextual evidence,Other,Title: A Woman with a Dog Object type: Painting Medium: Oil on canvas Classification: Paintings Tags: Portraits; Women; Dogs,1744.5,-0.12976009,0.41970885,-0.3946042,-0.3112108
435868,The Card Players,Painting,,,1890,1892,,,,,Oil on canvas,Paintings,"Bequest of Stephen C. Clark, 1960",Men; Playing Cards; Smoking; Games; Pipes,https://images.metmuseum.org/CRDImages/ep/original/DP231550.jpg,https://images.metmuseum.org/CRDImages/ep/web-large/DP231550.jpg,https://www.metmuseum.org/art/collection/search/435868,True,The Metropolitan Museum of Art Collection API,Ritual,European Paintings,,,"Bequest of Stephen C. Clark, 1960",insufficient or ambiguous contextual evidence,Other,Title: The Card Players Object type: Painting Medium: Oil on canvas Classification: Paintings Tags: Men; Playing Cards; Smoking; Games; Pipes,1891.0,-0.25080726,0.28438425,-0.3136519,-0.24124727
435897,Head of Christ (Ecce Homo),Painting,,,1440,1450,,,,,"Oil on parchment, laid down on wood",Paintings,"Bequest of Lillian S. Timken, 1959",Christ,https://images.metmuseum.org/CRDImages/ep/original/DT229079.jpg,https://images.metmuseum.org/CRDImages/ep/web-large/DT229079.jpg,https://www.metmuseum.org/art/collection/search/435897,True,The Metropolitan Museum of Art Collection API,Buddha; Buddhist; Bodhisattva; Avalokiteshvara; Guanyin; Tara; Vajra; Mandala; Thangka; Stupa; Sutra; Ritual; Tibet; Nepal; India; China,European Paintings,,,"Bequest of Lillian S. Timken, 1959",insufficient or ambiguous contextual evidence,Other,"Title: Head of Christ (Ecce Homo) Object type: Painting Medium: Oil on parchment, laid down on wood Classification: Paintings Tags: Christ",1445.0,-0.20384327,0.32839233,-0.25839078,-0.33052507
435991,A Woman Reading,Painting,,,1869,1870,,,,,Oil on canvas,Paintings,"Gift of Louise Senff Cameron, in memory of her uncle, Charles H. Senff, 1928",Books; Women; Reading,https://images.metmuseum.org/CRDImages/ep/original/DP-16589-001.jpg,https://images.metmuseum.org/CRDImages/ep/web-large/DP-16589-001.jpg,https://www.metmuseum.org/art/collection/search/435991,True,The Metropolitan Museum of Art Collection API,Buddha; Buddhist; Bodhisattva; Avalokiteshvara; Guanyin; Tara; Vajra; Mandala; Thangka; Stupa; Sutra; Ritual; Tibet; Nepal; India; China,European Paintings,,,"Gift of Louise Senff Cameron, in memory of her uncle, Charles H. Senff, 1928",insufficient or ambiguous contextual evidence,Other,Title: A Woman Reading Object type: Painting Medium: Oil on canvas Classification: Paintings Tags: Books; Women; Reading,1869.5,-0.26286843,0.430008,-0.32495412,-0.35204628
435997,The Storm,Painting,,,1880,1880,,,,,Oil on canvas,Paintings,"Catharine Lorillard Wolfe Collection, Bequest of Catharine Lorillard Wolfe, 1887",Men; Women,https://images.metmuseum.org/CRDImages/ep/original/DT11964.jpg,https://images.metmuseum.org/CRDImages/ep/web-large/DT11964.jpg,https://www.metmuseum.org/art/collection/search/435997,True,The Metropolitan Museum of Art Collection API,Buddha; Buddhist; Bodhisattva; Avalokiteshvara; Guanyin; Tara; Vajra; Mandala; Thangka; Stupa; Sutra; Ritual; Tibet; Nepal; India; China,European Paintings,,,"Catharine Lorillard Wolfe Collection, Bequest of Catharine Lorillard Wolfe, 1887",insufficient or ambiguous contextual evidence,Other,Title: The Storm Object type: Painting Medium: Oil on canvas Classification: Paintings Tags: Men; Women,1880.0,-0.27403024,0.3732058,-0.36603954,-0.32908356
436098,The Crucifixion,Painting,,,1495,1500,,,,,Oil on wood,Paintings,"Rogers Fund, 1909",Christ; Mary Magdalene; Saint Jerome; Saint John the Evangelist; Virgin Mary; Crucifixion,https://images.metmuseum.org/CRDImages/ep/original/DP-17230-001.jpg,https://images.metmuseum.org/CRDImages/ep/web-large/DP-17230-001.jpg,https://www.metmuseum.org/art/collection/search/436098,True,The Metropolitan Museum of Art Collection API,Buddha; Buddhist; Bodhisattva; Avalokiteshvara; Guanyin; Tara; Vajra; Mandala; Thangka; Stupa; Sutra; Ritual; Tibet; Nepal; India; China,European Paintings,,,"Rogers Fund, 1909",insufficient or ambiguous contextual evidence,Other,Title: The Crucifixion Object type: Painting Medium: Oil on wood Classification: Paintings Tags: Christ; Mary Magdalene; Saint Jerome; Saint John the Evangelist; Virgin Mary; Crucifixion,1497.5,-0.26541823,0.40858054,-0.29479897,-0.3304302
436099,The Nativity with Donors and Saints Jerome and Leonard,Painting,,,1510,1515,,,,,"Oil on canvas, transferred from wood",Paintings,"The Jules Bache Collection, 1949",Cows; Donkeys; Lions; Angels; Saint Jerome; Saint Leonard; Virgin Mary; Nativity,https://images.metmuseum.org/CRDImages/ep/original/DT1476.jpg,https://images.metmuseum.org/CRDImages/ep/web-large/DT1476.jpg,https://www.metmuseum.org/art/collection/search/436099,True,The Metropolitan Museum of Art Collection API,Buddha; Buddhist; Bodhisattva; Avalokiteshvara; Guanyin; Tara; Vajra; Mandala; Thangka; Stupa; Sutra; Ritual; Tibet; Nepal; India; China,European Paintings,,,"The Jules Bache Collection, 1949",insufficient or ambiguous contextual evidence,Other,"Title: The Nativity with Donors and Saints Jerome and Leonard Object type: Painting Medium: Oil on canvas, transferred from wood Classification: Paintings Tags: Cows; Donkeys; Lions; Angels; Saint Jerome; Saint Leonard; Virgin Mary; Nativity",1512.5,-0.3890169,0.36105323,-0.2912816,-0.25822365
436102,Virgin and Child with Four Angels,Painting,,,1510,1515,,,,,Oil on wood,Paintings,"Gift of Mr. and Mrs. Charles Wrightsman, 1977",Musical Instruments; Harps; Angels; Madonna and Child,https://images.metmuseum.org/CRDImages/ep/original/DP-1410-001.jpg,https://images.metmuseum.org/CRDImages/ep/web-large/DP-1410-001.jpg,https://www.metmuseum.org/art/collection/search/436102,True,The Metropolitan Museum of Art Collection API,Buddha; Buddhist; Bodhisattva; Avalokiteshvara; Guanyin; Tara; Vajra; Mandala; Thangka; Stupa; Sutra; Ritual; Tibet; Nepal; India; China,European Paintings,,,"Gift of Mr. and Mrs. Charles Wrightsman, 1977",insufficient or ambiguous contextual evidence,Other,Title: Virgin and Child with Four Angels Object type: Painting Medium: Oil on wood Classification: Paintings Tags: Musical Instruments; Harps; Angels; Madonna and Child,1512.5,-0.30816647,0.43921334,-0.23506647,-0.23685785
436180,The Natchez,Painting,,,1823,1835,,,,,Oil on canvas,Paintings,"Purchase, Gifts of George N. and Helen M. Richard and Mr. and Mrs. Charles S. McVeigh and Bequest of Emma A. Sheafer, by exchange, 1989",Infants; Fathers; Mothers; Family,https://images.metmuseum.org/CRDImages/ep/original/DP-14345-001.jpg,https://images.metmuseum.org/CRDImages/ep/web-large/DP-14345-001.jpg,https://www.metmuseum.org/art/collection/search/436180,True,The Metropolitan Museum of Art Collection API,India,European Paintings,,,"Purchase, Gifts of George N. and Helen M. Richard and Mr. and Mrs. Charles S. McVeigh and Bequest of Emma A. Sheafer, by exchange, 1989",insufficient or ambiguous contextual evidence,Other,Title: The Natchez Object type: Painting Medium: Oil on canvas Classification: Paintings Tags: Infants; Fathers; Mothers; Family,1829.0,-0.22133197,0.46018016,-0.31988525,-0.24325523
436482,Prayer in the Mosque,Painting,,,1870,1874,,,,,Oil on canvas,Paintings,"Catharine Lorillard Wolfe Collection, Bequest of Catharine Lorillard Wolfe, 1887",Arches; Columns; Interiors; Mosques; Men; Orientalist,https://images.metmuseum.org/CRDImages/ep/original/DT1971.jpg,https://images.metmuseum.org/CRDImages/ep/web-large/DT1971.jpg,https://www.metmuseum.org/art/collection/search/436482,True,The Metropolitan Museum of Art Collection API,Ritual,European Paintings,,,"Catharine Lorillard Wolfe Collection, Bequest of Catharine Lorillard Wolfe, 1887",insufficient or ambiguous contextual evidence,Other,Title: Prayer in the Mosque Object type: Painting Medium: Oil on canvas Classification: Paintings Tags: Arches; Columns; Interiors; Mosques; Men; Orientalist,1872.0,-0.2830451,0.22416998,-0.002940673,-0.25042397
436485,Vanitas Still Life,Painting,,,1603,1603,,,,,Oil on wood,Paintings,"Charles B. Curtis, Marquand, Victor Wilbour Memorial, and The Alfred N. Punnett Endowment Funds, 1974",Skulls; Flowers; Still Life; Money; Vases,https://images.metmuseum.org/CRDImages/ep/original/DP143209.jpg,https://images.metmuseum.org/CRDImages/ep/web-large/DP143209.jpg,https://www.metmuseum.org/art/collection/search/436485,True,The Metropolitan Museum of Art Collection API,India,European Paintings,,,"Charles B. Curtis, Marquand, Victor Wilbour Memorial, and The Alfred N. Punnett Endowment Funds, 1974",insufficient or ambiguous contextual evidence,Other,Title: Vanitas Still Life Object type: Painting Medium: Oil on wood Classification: Paintings Tags: Skulls; Flowers; Still Life; Money; Vases,1603.0,-0.16278069,0.3133998,-0.2497233,-0.18008342
436513,The Presentation of Christ in the Temple,"Painting, predella panel",,,1430,1440,,,,,Tempera and gold on wood,Paintings,"Gift of George Blumenthal, 1941",Temples; Men; Women; Virgin Mary; Jesus; Saints; Joseph,https://images.metmuseum.org/CRDImages/ep/original/DP-26503-001.jpg,https://images.metmuseum.org/CRDImages/ep/web-large/DP-26503-001.jpg,https://www.metmuseum.org/art/collection/search/436513,True,The Metropolitan Museum of Art Collection API,Ritual,European Paintings,,,"Gift of George Blumenthal, 1941",insufficient or ambiguous contextual evidence,Other,"Title: The Presentation of Christ in the Temple Object type: Painting, predella panel Medium: Tempera and gold on wood Classification: Paintings Tags: Temples; Men; Women; Virgin Mary; Jesus; Saints; Joseph",1435.0,-0.3732091,0.24243608,-0.15102407,-0.31145236
436607,An Allegory,Painting,,,1710,1720,,,,,Oil on canvas,Paintings,"Purchase, R. A. Farnsworth Gift, Gwynne Andrews, Charles B. Curtis, Rogers, Marquand, The Alfred N. Punnett Endowment, and Victor Wilbour Memorial Funds, 1970",Birds; Books; Skulls; Girls; Women; Cats; Dogs; Allegory,https://images.metmuseum.org/CRDImages/ep/original/EP542.jpg,https://images.metmuseum.org/CRDImages/ep/web-large/EP542.jpg,https://www.metmuseum.org/art/collection/search/436607,True,The Metropolitan Museum of Art Collection API,Buddha; Buddhist; Bodhisattva; Avalokiteshvara; Guanyin; Tara; Vajra; Mandala; Thangka; Stupa; Sutra; Ritual; Tibet; Nepal; India; China,European Paintings,,,"Purchase, R. A. Farnsworth Gift, Gwynne Andrews, Charles B. Curtis, Rogers, Marquand, The Alfred N. Punnett Endowment, and Victor Wilbour Memorial Funds, 1970",insufficient or ambiguous contextual evidence,Other,Title: An Allegory Object type: Painting Medium: Oil on canvas Classification: Paintings Tags: Birds; Books; Skulls; Girls; Women; Cats; Dogs; Allegory,1715.0,-0.30455792,0.39602846,-0.38678613,-0.2324057
436658,Hermann von Wedigh III (died 1560),Painting,,,1532,1532,,,,,Oil and gold on oak,Paintings,"Bequest of Edward S. Harkness, 1940",Men; Portraits; Latin,https://images.metmuseum.org/CRDImages/ep/original/DP164836.jpg,https://images.metmuseum.org/CRDImages/ep/web-large/DP164836.jpg,https://www.metmuseum.org/art/collection/search/436658,True,The Metropolitan Museum of Art Collection API,Buddha; Buddhist; Bodhisattva; Avalokiteshvara; Guanyin; Tara; Vajra; Mandala; Thangka; Stupa; Sutra; Ritual; Tibet; Nepal; India; China,European Paintings,,,"Bequest of Edward S. Harkness, 1940",insufficient or ambiguous contextual evidence,Other,Title: Hermann von Wedigh III (died 1560) Object type: Painting Medium: Oil and gold on oak Classification: Paintings Tags: Men; Portraits; Latin,1532.0,-0.17842172,0.3700251,-0.27742344,-0.30208737
436803,The Adoration of the Magi,Painting,,,1472,1474,,,,,Distemper on canvas,Paintings,"Bequest of George Blumenthal, 1941",Men; Dogs; Virgin Mary; Jesus; Adoration of the Magi; Joseph,https://images.metmuseum.org/CRDImages/ep/original/DP-16339-001.jpg,https://images.metmuseum.org/CRDImages/ep/web-large/DP-16339-001.jpg,https://www.metmuseum.org/art/collection/search/436803,True,The Metropolitan Museum of Art Collection API,Buddha; Buddhist; Bodhisattva; Avalokiteshvara; Guanyin; Tara; Vajra; Mandala; Thangka; Stupa; Sutra; Ritual; Tibet; Nepal; India; China,European Paintings,,,"Bequest of George Blumenthal, 1941",insufficient or ambiguous contextual evidence,Other,Title: The Adoration of the Magi Object type: Painting Medium: Distemper on canvas Classification: Paintings Tags: Men; Dogs; Virgin Mary; Jesus; Adoration of the Magi; Joseph,1473.0,-0.32276708,0.3887376,-0.20379539,-0.30937812
436838,The Fortune-Teller,Painting,,,1630,1639,,,,,Oil on canvas,Paintings,"Rogers Fund, 1960",Men; Women,https://images.metmuseum.org/CRDImages/ep/original/DP-14286-015.jpg,https://images.metmuseum.org/CRDImages/ep/web-large/DP-14286-015.jpg,https://www.metmuseum.org/art/collection/search/436838,True,The Metropolitan Museum of Art Collection API,Buddha; Buddhist; Bodhisattva; Avalokiteshvara; Guanyin; Tara; Vajra; Mandala; Thangka; Stupa; Sutra; Ritual; Tibet; Nepal; India; China,European Paintings,,,"Rogers Fund, 1960",insufficient or ambiguous contextual evidence,Other,Title: The Fortune-Teller Object type: Painting Medium: Oil on canvas Classification: Paintings Tags: Men; Women,1634.5,-0.27417052,0.41530016,-0.37329355,-0.32184058
436884,The Chess Players,"Painting, cassone panel",,,1470,1480,,,,,Tempera on wood,Paintings,"Maitland F. Griggs Collection, Bequest of Maitland F. Griggs, 1943",Men; Women; Chess,https://images.metmuseum.org/CRDImages/ep/original/DT226950.jpg,https://images.metmuseum.org/CRDImages/ep/web-large/DT226950.jpg,https://www.metmuseum.org/art/collection/search/436884,True,The Metropolitan Museum of Art Collection API,Buddha; Buddhist; Bodhisattva; Avalokiteshvara; Guanyin; Tara; Vajra; Mandala; Thangka; Stupa; Sutra; Ritual; Tibet; Nepal; India; China,European Paintings,,,"Maitland F. Griggs Collection, Bequest of Maitland F. Griggs, 1943",insufficient or ambiguous contextual evidence,Other,"Title: The Chess Players Object type: Painting, cassone panel Medium: Tempera on wood Classification: Paintings Tags: Men; Women; Chess",1475.0,-0.35064426,0.38163766,-0.26471415,-0.16733405
436885,Scene from a Novella,"Painting, cassone panel",,,1467,1476,,,,,Tempera on wood,Paintings,"Gwynne Andrews Fund, 1986",Men; Women,https://images.metmuseum.org/CRDImages/ep/original/DT8310.jpg,https://images.metmuseum.org/CRDImages/ep/web-large/DT8310.jpg,https://www.metmuseum.org/art/collection/search/436885,True,The Metropolitan Museum of Art Collection API,Buddha; Buddhist; Bodhisattva; Avalokiteshvara; Guanyin; Tara; Vajra; Mandala; Thangka; Stupa; Sutra; Ritual; Tibet; Nepal; India; China,European Paintings,,,"Gwynne Andrews Fund, 1986",insufficient or ambiguous contextual evidence,Other,"Title: Scene from a Novella Object type: Painting, cassone panel Medium: Tempera on wood Classification: Paintings Tags: Men; Women",1471.5,-0.33559808,0.39209372,-0.2739945,-0.29591787
436896,Portrait of a Woman with a Man at a Casement,Painting,,,1435,1445,,,,,Tempera on wood,Paintings,"Marquand Collection, Gift of Henry G. Marquand, 1889",Men; Portraits; Profiles; Women,https://images.metmuseum.org/CRDImages/ep/original/DP159891.jpg,https://images.metmuseum.org/CRDImages/ep/web-large/DP159891.jpg,https://www.metmuseum.org/art/collection/search/436896,True,The Metropolitan Museum of Art Collection API,Buddhist; China,European Paintings,,,"Marquand Collection, Gift of Henry G. Marquand, 1889",insufficient or ambiguous contextual evidence,Other,Title: Portrait of a Woman with a Man at a Casement Object type: Painting Medium: Tempera on wood Classification: Paintings Tags: Men; Portraits; Profiles; Women,1440.0,-0.24341117,0.34947148,-0.3282444,-0.324983
437059,Young Woman with a Pink,Painting,,,1485,1490,,,,,Oil on wood,Paintings,"The Jules Bache Collection, 1949",Portraits; Women,https://images.metmuseum.org/CRDImages/ep/original/DP-45396-001.jpg,https://images.metmuseum.org/CRDImages/ep/web-large/DP-45396-001.jpg,https://www.metmuseum.org/art/collection/search/437059,True,The Metropolitan Museum of Art Collection API,Buddha; Buddhist; Bodhisattva; Avalokiteshvara; Guanyin; Tara; Vajra; Mandala; Thangka; Stupa; Sutra; Ritual; Tibet; Nepal; India; China,European Paintings,,,"The Jules Bache Collection, 1949",insufficient or ambiguous contextual evidence,Other,Title: Young Woman with a Pink Object type: Painting Medium: Oil on wood Classification: Paintings Tags: Portraits; Women,1487.5,-0.18937649,0.37051836,-0.30998102,-0.29487804
437061,Salvator Mundi,Painting,,,1480,1485,,,,,Oil on wood,Paintings,"The Friedsam Collection, Bequest of Michael Friedsam, 1931",Christ; Cross,https://images.metmuseum.org/CRDImages/ep/original/DP-19586-001.jpg,https://images.metmuseum.org/CRDImages/ep/web-large/DP-19586-001.jpg,https://www.metmuseum.org/art/collection/search/437061,True,The Metropolitan Museum of Art Collection API,Buddha; Buddhist; Bodhisattva; Avalokiteshvara; Guanyin; Tara; Vajra; Mandala; Thangka; Stupa; Sutra; Ritual; Tibet; Nepal; India; China,European Paintings,,,"The Friedsam Collection, Bequest of Michael Friedsam, 1931",insufficient or ambiguous contextual evidence,Other,Title: Salvator Mundi Object type: Painting Medium: Oil on wood Classification: Paintings Tags: Christ; Cross,1482.5,-0.16677788,0.36361828,-0.27622366,-0.29822516
437159,Young Woman Knitting,Painting,,,1878,1888,,,,,Oil on canvas,Paintings,"Bequest of Miss Adelaide Milton de Groot (1876-1967), 1967",Women; Knitting,https://images.metmuseum.org/CRDImages/ep/original/DT1928.jpg,https://images.metmuseum.org/CRDImages/ep/web-large/DT1928.jpg,https://www.metmuseum.org/art/collection/search/437159,True,The Metropolitan Museum of Art Collection API,Buddha; Buddhist; Bodhisattva; Avalokiteshvara; Guanyin; Tara; Vajra; Mandala; Thangka; Stupa; Sutra; Ritual; Tibet; Nepal; India; China,European Paintings,,,"Bequest of Miss Adelaide Milton de Groot (1876-1967), 1967",insufficient or ambiguous contextual evidence,Other,Title: Young Woman Knitting Object type: Painting Medium: Oil on canvas Classification: Paintings Tags: Women; Knitting,1883.0,-0.29081827,0.22678071,-0.31962776,-0.27286196
437173,Don Andrés de Andrade y la Cal,Painting,,,1665,1672,,,,,Oil on canvas,Paintings,"Bequest of Collis P. Huntington, by exchange, 1927",Men; Portraits; Dogs,https://images.metmuseum.org/CRDImages/ep/original/DP-16333-001.jpg,https://images.metmuseum.org/CRDImages/ep/web-large/DP-16333-001.jpg,https://www.metmuseum.org/art/collection/search/437173,True,The Metropolitan Museum of Art Collection API,Buddha; Buddhist; Bodhisattva; Avalokiteshvara; Guanyin; Tara; Vajra; Mandala; Thangka; Stupa; Sutra; Ritual; Tibet; Nepal; India; China,European Paintings,,,"Bequest of Collis P. Huntington, by exchange, 1927",insufficient or ambiguous contextual evidence,Other,Title: Don Andrés de Andrade y la Cal Object type: Painting Medium: Oil on canvas Classification: Paintings Tags: Men; Portraits; Dogs,1668.5,-0.15401706,0.4523854,-0.3694575,-0.26105377
437202,Christ Bearing the Cross,Painting,,,1465,1475,,,,,Oil on wood,Paintings,"Bequest of George D. Pratt, 1935",Towns; Horses; Christ; Bearing the Cross; Crowd,https://images.metmuseum.org/CRDImages/ep/original/DP-20751-001.jpg,https://images.metmuseum.org/CRDImages/ep/web-large/DP-20751-001.jpg,https://www.metmuseum.org/art/collection/search/437202,True,The Metropolitan Museum of Art Collection API,Buddha; Buddhist; Bodhisattva; Avalokiteshvara; Guanyin; Tara; Vajra; Mandala; Thangka; Stupa; Sutra; Ritual; Tibet; Nepal; India; China,European Paintings,,,"Bequest of George D. Pratt, 1935",insufficient or ambiguous contextual evidence,Other,Title: Christ Bearing the Cross Object type: Painting Medium: Oil on wood Classification: Paintings Tags: Towns; Horses; Christ; Bearing the Cross; Crowd,1470.0,-0.3300068,0.24557637,-0.27407256,-0.29005682
437261,The Penitence of Saint Jerome,"Painting, triptych",,,1510,1520,,,,,Oil on wood,Paintings,"Fletcher Fund, 1936",Landscapes; Saint Jerome; Saint John the Baptist; Jesus; Baptism of Christ,https://images.metmuseum.org/CRDImages/ep/original/DT5549.jpg,https://images.metmuseum.org/CRDImages/ep/web-large/DT5549.jpg,https://www.metmuseum.org/art/collection/search/437261,True,The Metropolitan Museum of Art Collection API,Buddha; Buddhist; Bodhisattva; Avalokiteshvara; Guanyin; Tara; Vajra; Mandala; Thangka; Stupa; Sutra; Ritual; Tibet; Nepal; India; China,European Paintings,,,"Fletcher Fund, 1936",insufficient or ambiguous contextual evidence,Other,"Title: The Penitence of Saint Jerome Object type: Painting, triptych Medium: Oil on wood Classification: Paintings Tags: Landscapes; Saint Jerome; Saint John the Baptist; Jesus; Baptism of Christ",1515.0,-0.33564568,0.3216444,-0.35548466,-0.26112124
437368,Holy Family with an Angel,Painting,,,1485,1495,,,,,"Tempera on canvas, transferred from wood",Paintings,"Bequest of Benjamin Altman, 1913",Angels; Madonna and Child; Saint Joseph,https://images.metmuseum.org/CRDImages/ep/original/DP-15089-001.jpg,https://images.metmuseum.org/CRDImages/ep/web-large/DP-15089-001.jpg,https://www.metmuseum.org/art/collection/search/437368,True,The Metropolitan Museum of Art Collection API,Buddha; Buddhist; Bodhisattva; Avalokiteshvara; Guanyin; Tara; Vajra; Mandala; Thangka; Stupa; Sutra; Ritual; Tibet; Nepal; India; China,European Paintings,,,"Bequest of Benjamin Altman, 1913",insufficient or ambiguous contextual evidence,Other,"Title: Holy Family with an Angel Object type: Painting Medium: Tempera on canvas, transferred from wood Classification: Paintings Tags: Angels; Madonna and Child; Saint Joseph",1490.0,-0.27528813,0.44679675,-0.18440944,-0.30329865
437422,Charity,Painting,,,1625,1635,,,,,Oil on canvas,Paintings,"Gift of Mr. and Mrs. Charles Wrightsman, 1974",Children; Women; Allegory; Nursing,https://images.metmuseum.org/CRDImages/ep/original/DT10776.jpg,https://images.metmuseum.org/CRDImages/ep/web-large/DT10776.jpg,https://www.metmuseum.org/art/collection/search/437422,True,The Metropolitan Museum of Art Collection API,Buddha; Buddhist; Bodhisattva; Avalokiteshvara; Guanyin; Tara; Vajra; Mandala; Thangka; Stupa; Sutra; Ritual; Tibet; Nepal; India; China,European Paintings,,,"Gift of Mr. and Mrs. Charles Wrightsman, 1974",insufficient or ambiguous contextual evidence,Other,Title: Charity Object type: Painting Medium: Oil on canvas Classification: Paintings Tags: Children; Women; Allegory; Nursing,1630.0,-0.25515512,0.48567128,-0.4178867,-0.29303455
437508,Self-Portrait,Painting,,,1642,1652,,,,,Oil on canvas,Paintings,"Bequest of Mary L. Harrison, 1921",Skulls; Men; Self-portraits; Writing,https://images.metmuseum.org/CRDImages/ep/original/DP323414.jpg,https://images.metmuseum.org/CRDImages/ep/web-large/DP323414.jpg,https://www.metmuseum.org/art/collection/search/437508,True,The Metropolitan Museum of Art Collection API,Buddha; Buddhist; Bodhisattva; Avalokiteshvara; Guanyin; Tara; Vajra; Mandala; Thangka; Stupa; Sutra; Ritual; Tibet; Nepal; India; China,European Paintings,,,"Bequest of Mary L. Harrison, 1921",insufficient or ambiguous contextual evidence,Other,Title: Self-Portrait Object type: Painting Medium: Oil on canvas Classification: Paintings Tags: Skulls; Men; Self-portraits; Writing,1647.0,-0.18874927,0.46853304,-0.3820168,-0.31440648
437654,Circus Sideshow (Parade de cirque),Painting,,,1887,1888,,,,,Oil on canvas,Paintings,"Bequest of Stephen C. Clark, 1960",Musical Instruments; Men; Women; Circus; Musicians,https://images.metmuseum.org/CRDImages/ep/original/DP375450_cropped.jpg,https://images.metmuseum.org/CRDImages/ep/web-large/DP375450_cropped.jpg,https://www.metmuseum.org/art/collection/search/437654,True,The Metropolitan Museum of Art Collection API,Ritual,European Paintings,,,"Bequest of Stephen C. Clark, 1960",insufficient or ambiguous contextual evidence,Other,Title: Circus Sideshow (Parade de cirque) Object type: Painting Medium: Oil on canvas Classification: Paintings Tags: Musical Instruments; Men; Women; Circus; Musicians,1887.5,-0.18171042,0.030130377,-0.2827158,-0.18202165
437769,Clothing the Naked,Painting,,,1656,1666,,,,,Oil on canvas,Paintings,"Gift of Mr. and Mrs. Charles Wrightsman, 1984",Men,https://images.metmuseum.org/CRDImages/ep/original/DP-15762-001.jpg,https://images.metmuseum.org/CRDImages/ep/web-large/DP-15762-001.jpg,https://www.metmuseum.org/art/collection/search/437769,True,The Metropolitan Museum of Art Collection API,India,European Paintings,,,"Gift of Mr. and Mrs. Charles Wrightsman, 1984",insufficient or ambiguous contextual evidence,Other,Title: Clothing the Naked Object type: Painting Medium: Oil on canvas Classification: Paintings Tags: Men,1661.0,-0.20863618,0.5217187,-0.35314783,-0.3132802
437868,"Don Gaspar de Guzmán (1587–1645), Count-Duke of Olivares",Painting,,,1631,1660,,,,,Oil on canvas,Paintings,"Fletcher Fund, 1952",Men; Portraits; Horses,https://images.metmuseum.org/CRDImages/ep/original/DP-14936-011.jpg,https://images.metmuseum.org/CRDImages/ep/web-large/DP-14936-011.jpg,https://www.metmuseum.org/art/collection/search/437868,True,The Metropolitan Museum of Art Collection API,Buddha; Buddhist; Bodhisattva; Avalokiteshvara; Guanyin; Tara; Vajra; Mandala; Thangka; Stupa; Sutra; Ritual; Tibet; Nepal; India; China,European Paintings,,,"Fletcher Fund, 1952",insufficient or ambiguous contextual evidence,Other,"Title: Don Gaspar de Guzmán (1587–1645), Count-Duke of Olivares Object type: Painting Medium: Oil on canvas Classification: Paintings Tags: Men; Portraits; Horses",1645.5,-0.17337567,0.3088392,-0.28142482,-0.19898488
437873,"Philip IV (1605–1665), King of Spain",Painting,,,1624,1624,,,,,Oil on canvas,Paintings,"Bequest of Benjamin Altman, 1913",Kings; Philip IV; Men; Portraits,https://images.metmuseum.org/CRDImages/ep/original/DP239023.jpg,https://images.metmuseum.org/CRDImages/ep/web-large/DP239023.jpg,https://www.metmuseum.org/art/collection/search/437873,True,The Metropolitan Museum of Art Collection API,Buddha; Buddhist; Bodhisattva; Avalokiteshvara; Guanyin; Tara; Vajra; Mandala; Thangka; Stupa; Sutra; Ritual; Tibet; Nepal; India; China,European Paintings,,,"Bequest of Benjamin Altman, 1913",insufficient or ambiguous contextual evidence,Other,"Title: Philip IV (1605–1665), King of Spain Object type: Painting Medium: Oil on canvas Classification: Paintings Tags: Kings; Philip IV; Men; Portraits",1624.0,-0.20895939,0.31007546,-0.30569977,-0.23221624
437878,A Maid Asleep,Painting,,,1656,1657,,,,,Oil on canvas,Paintings,"Bequest of Benjamin Altman, 1913",Interiors; Fruit; Sleeping; Women; Servants,https://images.metmuseum.org/CRDImages/ep/original/DP355525.jpg,https://images.metmuseum.org/CRDImages/ep/web-large/DP355525.jpg,https://www.metmuseum.org/art/collection/search/437878,True,The Metropolitan Museum of Art Collection API,Buddha; Buddhist; Bodhisattva; Avalokiteshvara; Guanyin; Tara; Vajra; Mandala; Thangka; Stupa; Sutra; Ritual; Tibet; Nepal; India; China,European Paintings,,,"Bequest of Benjamin Altman, 1913",insufficient or ambiguous contextual evidence,Other,Title: A Maid Asleep Object type: Painting Medium: Oil on canvas Classification: Paintings Tags: Interiors; Fruit; Sleeping; Women; Servants,1656.5,-0.21283342,0.23027728,-0.32678315,-0.28032863
437898,"Madame Grand (Noël Catherine Vorlée, 1761–1835)",Painting,,,1783,1783,,,,,Oil on canvas,Paintings,"Bequest of Edward S. Harkness, 1940",Portraits; Women,https://images.metmuseum.org/CRDImages/ep/original/DP320094.jpg,https://images.metmuseum.org/CRDImages/ep/web-large/DP320094.jpg,https://www.metmuseum.org/art/collection/search/437898,True,The Metropolitan Museum of Art Collection API,India,European Paintings,,,"Bequest of Edward S. Harkness, 1940",insufficient or ambiguous contextual evidence,Other,"Title: Madame Grand (Noël Catherine Vorlée, 1761–1835) Object type: Painting Medium: Oil on canvas Classification: Paintings Tags: Portraits; Women",1783.0,-0.18336521,0.45180684,-0.3381815,-0.3215821
437936,Ariadne,Painting,,,1894,1894,,,,,Oil on canvas,Paintings,"Rogers Fund, 1905",Animals; Ariadne; Satyrs; Panthers,https://images.metmuseum.org/CRDImages/ep/original/DP169627.jpg,https://images.metmuseum.org/CRDImages/ep/web-large/DP169627.jpg,https://www.metmuseum.org/art/collection/search/437936,True,The Metropolitan Museum of Art Collection API,Buddha; Buddhist; Bodhisattva; Avalokiteshvara; Guanyin; Tara; Vajra; Mandala; Thangka; Stupa; Sutra; Ritual; Tibet; Nepal; India; China,European Paintings,,,"Rogers Fund, 1905",insufficient or ambiguous contextual evidence,Other,Title: Ariadne Object type: Painting Medium: Oil on canvas Classification: Paintings Tags: Animals; Ariadne; Satyrs; Panthers,1894.0,-0.23322433,0.41988513,-0.3324612,-0.14380398
438779,A Peasant Family,Painting,,,1640,1648,,,,,Oil on copper,Paintings,"Gift of Michel David-Weill, 2023",Boys; Girls; Men; Cats; Family,https://images.metmuseum.org/CRDImages/ep/original/DP131218.jpg,https://images.metmuseum.org/CRDImages/ep/web-large/DP131218.jpg,https://www.metmuseum.org/art/collection/search/438779,True,The Metropolitan Museum of Art Collection API,Buddha; Buddhist; Bodhisattva; Avalokiteshvara; Guanyin; Tara; Vajra; Mandala; Thangka; Stupa; Sutra; Ritual; Tibet; Nepal; India; China,European Paintings,,,"Gift of Michel David-Weill, 2023",insufficient or ambiguous contextual evidence,Other,Title: A Peasant Family Object type: Painting Medium: Oil on copper Classification: Paintings Tags: Boys; Girls; Men; Cats; Family,1644.0,-0.25170666,0.43332398,-0.35168302,-0.1324398
438821,Ia Orana Maria (Hail Mary),Painting,,,1891,1891,,,,,Oil on canvas,Paintings,"Bequest of Sam A. Lewisohn, 1951",Women; Landscapes; Angels; Virgin Mary; Jesus,https://images.metmuseum.org/CRDImages/ep/original/DT1025.jpg,https://images.metmuseum.org/CRDImages/ep/web-large/DT1025.jpg,https://www.metmuseum.org/art/collection/search/438821,True,The Metropolitan Museum of Art Collection API,Buddha; Buddhist; Bodhisattva; Avalokiteshvara; Guanyin; Tara; Vajra; Mandala; Thangka; Stupa; Sutra; Ritual; Tibet; Nepal; India; China,European Paintings,,,"Bequest of Sam A. Lewisohn, 1951",insufficient or ambiguous contextual evidence,Other,Title: Ia Orana Maria (Hail Mary) Object type: Painting Medium: Oil on canvas Classification: Paintings Tags: Women; Landscapes; Angels; Virgin Mary; Jesus,1891.0,-0.25869823,0.1383403,-0.28140095,-0.2939399
439327,Christ Blessing,Painting,,,1500,1505,,,,,Oil on wood,Paintings,"Purchase, The Cloisters Collection, Hester Diamond and Kowitz Family Foundation Gifts, Dodge Fund, and Malcolm Hewitt Wiener Foundation Gift, 2009",Christ,https://images.metmuseum.org/CRDImages/ep/original/DP218061.jpg,https://images.metmuseum.org/CRDImages/ep/web-large/DP218061.jpg,https://www.metmuseum.org/art/collection/search/439327,True,The Metropolitan Museum of Art Collection API,Buddha; Buddhist; Bodhisattva; Avalokiteshvara; Guanyin; Tara; Vajra; Mandala; Thangka; Stupa; Sutra; Ritual; Tibet; Nepal; India; China,European Paintings,,,"Purchase, The Cloisters Collection, Hester Diamond and Kowitz Family Foundation Gifts, Dodge Fund, and Malcolm Hewitt Wiener Foundation Gift, 2009",insufficient or ambiguous contextual evidence,Other,Title: Christ Blessing Object type: Painting Medium: Oil on wood Classification: Paintings Tags: Christ,1502.5,-0.13869394,0.31920984,-0.3047797,-0.36678854
444859,Coin,Coin,,,1618,1620,India,,Agra,Made in,Gold,Coins,"Bequest of Joseph H. Durkee, 1898",Fish,https://images.metmuseum.org/CRDImages/is/original/DP25.jpg,https://images.metmuseum.org/CRDImages/is/web-large/DP25.jpg,https://www.metmuseum.org/art/collection/search/444859,True,The Metropolitan Museum of Art Collection API,India,Islamic Art,,,"Bequest of Joseph H. Durkee, 1898",geography matched South Asia indicators,South_Asia,Title: Coin Object type: Coin Country: India Medium: Gold Classification: Coins Tags: Fish,1619.0,0.1618119,-0.08375403,-0.04986009,0.05158345
444863,Coin with Sign of Libra,Coin,,,1624,1626,India,,Agra,Attributed to,Gold,Coins,"Bequest of Joseph H. Durkee, 1898",Scales,https://images.metmuseum.org/CRDImages/is/original/DP27.jpg,https://images.metmuseum.org/CRDImages/is/web-large/DP27.jpg,https://www.metmuseum.org/art/collection/search/444863,True,The Metropolitan Museum of Art Collection API,India,Islamic Art,,,"Bequest of Joseph H. Durkee, 1898",geography matched South Asia indicators,South_Asia,Title: Coin with Sign of Libra Object type: Coin Country: India Medium: Gold Classification: Coins Tags: Scales,1625.0,0.14997973,-0.114551485,-0.00069861964,0.013426518
444865,Coin,Coin,,,1621,1622,India,,Agra,Made in,Gold,Coins,"Bequest of Joseph H. Durkee, 1898",Persian; Zodiac,https://images.metmuseum.org/CRDImages/is/original/DP29.jpg,https://images.metmuseum.org/CRDImages/is/web-large/DP29.jpg,https://www.metmuseum.org/art/collection/search/444865,True,The Metropolitan Museum of Art Collection API,India,Islamic Art,,,"Bequest of Joseph H. Durkee, 1898",geography matched South Asia indicators,South_Asia,Title: Coin Object type: Coin Country: India Medium: Gold Classification: Coins Tags: Persian; Zodiac,1621.5,0.18720378,-0.1051461,0.07325717,0.029956287
444866,Coin,Coin,,,1618,1620,India,,Agra,Made in,Gold,Coins,"Bequest of Joseph H. Durkee, 1898",Bulls; Zodiac,https://images.metmuseum.org/CRDImages/is/original/DP31.jpg,https://images.metmuseum.org/CRDImages/is/web-large/DP31.jpg,https://www.metmuseum.org/art/collection/search/444866,True,The Metropolitan Museum of Art Collection API,India,Islamic Art,,,"Bequest of Joseph H. Durkee, 1898",geography matched South Asia indicators,South_Asia,Title: Coin Object type: Coin Country: India Medium: Gold Classification: Coins Tags: Bulls; Zodiac,1619.0,0.17429689,-0.08082084,-0.0052649514,0.037501823
446273,Seal Ring with Inscription,Ring,,,1475,1525,Iran or Central Asia,,,Attributed to,"Gold, cast and chased; nephrite, carved",Jewelry,"Rogers Fund, 1912",Arabic,https://images.metmuseum.org/CRDImages/is/original/DP236373.jpg,https://images.metmuseum.org/CRDImages/is/web-large/DP236373.jpg,https://www.metmuseum.org/art/collection/search/446273,True,The Metropolitan Museum of Art Collection API,Ritual,Islamic Art,,,"Rogers Fund, 1912",insufficient or ambiguous contextual evidence,Other,"Title: Seal Ring with Inscription Object type: Ring Country: Iran or Central Asia Medium: Gold, cast and chased; nephrite, carved Classification: Jewelry Tags: Arabic",1500.0,0.2020891,-0.04607902,0.09075494,0.056687523
446561,"""Alexander is Lowered into the Sea"", Folio from a Khamsa (Quintet) of Amir Khusrau Dihlavi",Folio from an illustrated manuscript,,,1572,1623,India,,,Attributed to,"Main support: Ink, watercolor, gold on paper
Margins: Gold on dyed paper",Codices,"Gift of Alexander Smith Cochran, 1913",Alexander The Great; Men; Boats,https://images.metmuseum.org/CRDImages/is/original/DP120802.jpg,https://images.metmuseum.org/CRDImages/is/web-large/DP120802.jpg,https://www.metmuseum.org/art/collection/search/446561,True,The Metropolitan Museum of Art Collection API,India; China,Islamic Art,,,"Gift of Alexander Smith Cochran, 1913",geography matched South Asia indicators,South_Asia,"Title: ""Alexander is Lowered into the Sea"", Folio from a Khamsa (Quintet) of Amir Khusrau Dihlavi Object type: Folio from an illustrated manuscript Country: India Medium: Main support: Ink, watercolor, gold on paper
Margins: Gold on dyed paper Classification: Codices Tags: Alexander The Great; Men; Boats",1597.5,-0.40557775,-0.073348254,0.046826392,-0.21065874
446563,"""A Muslim Pilgrim Learns a Lesson in Piety from a Brahman"", Folio from a Khamsa (Quintet) of Amir Khusrau Dihlavi",Folio from an illustrated manuscript,,,1572,1623,India,,,Attributed to,"Image: Ink, opaque watercolor, and gold on paper
Margins: Gold on dyed paper",Codices,"Gift of Alexander Smith Cochran, 1913",Animals; Men; Landscapes,https://images.metmuseum.org/CRDImages/is/original/DP159383.jpg,https://images.metmuseum.org/CRDImages/is/web-large/DP159383.jpg,https://www.metmuseum.org/art/collection/search/446563,True,The Metropolitan Museum of Art Collection API,India,Islamic Art,,,"Gift of Alexander Smith Cochran, 1913",geography matched South Asia indicators,South_Asia,"Title: ""A Muslim Pilgrim Learns a Lesson in Piety from a Brahman"", Folio from a Khamsa (Quintet) of Amir Khusrau Dihlavi Object type: Folio from an illustrated manuscript Country: India Medium: Image: Ink, opaque watercolor, and gold on paper
Margins: Gold on dyed paper Classification: Codices Tags: Animals; Men; Landscapes",1597.5,-0.4278192,-0.08446038,0.19311637,-0.17914006
447298,"""Kai Kavus Attempts to Fly to Heaven"", Folio from a Shahnama (Book of Kings)",Folio from an illustrated manuscript,,,1425,1475,India,,,Attributed to,"Image: Ink, opaque watercolor, and gold on paper
Margins: Ink and gold on dyed paper",Codices,"The Grinnell Collection, Bequest of William Milne Grinnell, 1920",Birds; Men,https://images.metmuseum.org/CRDImages/is/original/DP234079.jpg,https://images.metmuseum.org/CRDImages/is/web-large/DP234079.jpg,https://www.metmuseum.org/art/collection/search/447298,True,The Metropolitan Museum of Art Collection API,India,Islamic Art,,,"The Grinnell Collection, Bequest of William Milne Grinnell, 1920",geography matched South Asia indicators,South_Asia,"Title: ""Kai Kavus Attempts to Fly to Heaven"", Folio from a Shahnama (Book of Kings) Object type: Folio from an illustrated manuscript Country: India Medium: Image: Ink, opaque watercolor, and gold on paper
Margins: Ink and gold on dyed paper Classification: Codices Tags: Birds; Men",1450.0,-0.30225945,-0.19106328,0.16112886,-0.20304543
447752,"""Misbah the Grocer Brings the Spy Parran to his House"", Folio from a Hamzanama (The Adventures of Hamza)",Folio from an illustrated manuscript,,,1545,1595,India,,,Attributed to,"Ink, opaque watercolor, and gold on cloth; mounted on paper",Codices,"Rogers Fund, 1924",Historical Figures; Men; Women,https://images.metmuseum.org/CRDImages/is/original/DT4836.jpg,https://images.metmuseum.org/CRDImages/is/web-large/DT4836.jpg,https://www.metmuseum.org/art/collection/search/447752,True,The Metropolitan Museum of Art Collection API,India,Islamic Art,,,"Rogers Fund, 1924",geography matched South Asia indicators,South_Asia,"Title: ""Misbah the Grocer Brings the Spy Parran to his House"", Folio from a Hamzanama (The Adventures of Hamza) Object type: Folio from an illustrated manuscript Country: India Medium: Ink, opaque watercolor, and gold on cloth; mounted on paper Classification: Codices Tags: Historical Figures; Men; Women",1570.0,-0.36337695,-0.1704314,0.08456054,-0.088807754
447804,Composite Camel with Attendant,Illustrated single work,,,1550,1575,Iran,Khurasan,,Attributed to,Opaque watercolor and ink on paper,Codices,"Gift of George D. Pratt, 1925",Men; Camels,https://images.metmuseum.org/CRDImages/is/original/DP240653.jpg,https://images.metmuseum.org/CRDImages/is/web-large/DP240653.jpg,https://www.metmuseum.org/art/collection/search/447804,True,The Metropolitan Museum of Art Collection API,Buddhist; India,Islamic Art,,,"Gift of George D. Pratt, 1925",insufficient or ambiguous contextual evidence,Other,Title: Composite Camel with Attendant Object type: Illustrated single work Country: Iran Region: Khurasan Medium: Opaque watercolor and ink on paper Classification: Codices Tags: Men; Camels,1562.5,-0.35305023,-0.09088054,-0.06346279,-0.040144417
448183,"""Krishna Holds Up Mount Govardhan to Shelter the Villagers of Braj"", Folio from a Harivamsa (The Legend of Hari (Krishna))",Folio from an illustrated manuscript,,,1565,1620,present-day Pakistan,,probably Lahore,Made in,"Ink, opaque watercolor, and gold on paper",Codices,"Purchase, Edward C. Moore Jr. Gift, 1928",Animals; Men; Mountains; Krishna,https://images.metmuseum.org/CRDImages/is/original/DP231327.jpg,https://images.metmuseum.org/CRDImages/is/web-large/DP231327.jpg,https://www.metmuseum.org/art/collection/search/448183,True,The Metropolitan Museum of Art Collection API,India,Islamic Art,,,"Purchase, Edward C. Moore Jr. Gift, 1928",geography matched South Asia indicators,South_Asia,"Title: ""Krishna Holds Up Mount Govardhan to Shelter the Villagers of Braj"", Folio from a Harivamsa (The Legend of Hari (Krishna)) Object type: Folio from an illustrated manuscript Country: present-day Pakistan Medium: Ink, opaque watercolor, and gold on paper Classification: Codices Tags: Animals; Men; Mountains; Krishna",1592.5,-0.4114473,-0.1376952,0.24446705,-0.09168171
448280,"""Bizhan Slaughters the Wild Boars of Irman"", Folio from a Shahnama (Book of Kings)",Folio from an illustrated manuscript,,,1340,1342,Iran,,Shiraz,Made in,"Ink, opaque watercolor, and gold on paper",Codices,"H. O. Havemeyer Collection, Gift of Horace Havemeyer, 1929",Hunting; Boars; Horses,https://images.metmuseum.org/CRDImages/is/original/DT214817.jpg,https://images.metmuseum.org/CRDImages/is/web-large/DT214817.jpg,https://www.metmuseum.org/art/collection/search/448280,True,The Metropolitan Museum of Art Collection API,Buddha; Buddhist; Bodhisattva; Avalokiteshvara; Guanyin; Tara; Vajra; Mandala; Thangka; Stupa; Sutra; Ritual; Tibet; Nepal; India; China,Islamic Art,,,"H. O. Havemeyer Collection, Gift of Horace Havemeyer, 1929",insufficient or ambiguous contextual evidence,Other,"Title: ""Bizhan Slaughters the Wild Boars of Irman"", Folio from a Shahnama (Book of Kings) Object type: Folio from an illustrated manuscript Country: Iran Medium: Ink, opaque watercolor, and gold on paper Classification: Codices Tags: Hunting; Boars; Horses",1341.0,-0.31591636,-0.19264467,0.02513714,-0.08896875
448587,Panel from a Tent Lining (Qanat),Panel,,,1600,1699,India,Deccan,,Attributed to,"Cotton; plain weave, mordant dyed and painted, resist-dyed",Textiles-Painted and/or Printed,"Rogers Fund, 1931",Flowers; Plants; Leaves,https://images.metmuseum.org/CRDImages/is/original/DP212659.jpg,https://images.metmuseum.org/CRDImages/is/web-large/DP212659.jpg,https://www.metmuseum.org/art/collection/search/448587,True,The Metropolitan Museum of Art Collection API,India,Islamic Art,,,"Rogers Fund, 1931",geography matched South Asia indicators,South_Asia,"Title: Panel from a Tent Lining (Qanat) Object type: Panel Country: India Region: Deccan Medium: Cotton; plain weave, mordant dyed and painted, resist-dyed Classification: Textiles-Painted and/or Printed Tags: Flowers; Plants; Leaves",1649.5,-0.25511724,-0.10851278,0.0008098441,0.053531416
448938,"""The Funeral of Isfandiyar,"" Folio from a Shahnama (Book of Kings)",Folio from an illustrated manuscriptf,,,1305,1355,Iran,,Tabriz,Attributed to,"Ink, opaque watercolor, and gold on paper",Faience-Cylinder Seals,"Purchase, Joseph Pulitzer Bequest, 1933",Men; Horses; Funerals,https://images.metmuseum.org/CRDImages/is/original/DP238058.jpg,https://images.metmuseum.org/CRDImages/is/web-large/DP238058.jpg,https://www.metmuseum.org/art/collection/search/448938,True,The Metropolitan Museum of Art Collection API,Buddhist,Islamic Art,,,"Purchase, Joseph Pulitzer Bequest, 1933",insufficient or ambiguous contextual evidence,Other,"Title: ""The Funeral of Isfandiyar,"" Folio from a Shahnama (Book of Kings) Object type: Folio from an illustrated manuscriptf Country: Iran Medium: Ink, opaque watercolor, and gold on paper Classification: Faience-Cylinder Seals Tags: Men; Horses; Funerals",1330.0,-0.3796482,-0.1506629,0.027845228,-0.11956253
448959,Head from a Figure with a Beaded Headdress,Head of a figure,,,1100,1225,Iran,,,Attributed to,"Fossiliferous limestone; carved, drilled",Stone,"Rogers Fund, 1933",Heads,https://images.metmuseum.org/CRDImages/is/original/DP170373.jpg,https://images.metmuseum.org/CRDImages/is/web-large/DP170373.jpg,https://www.metmuseum.org/art/collection/search/448959,True,The Metropolitan Museum of Art Collection API,Buddha; Buddhist; Bodhisattva; Avalokiteshvara; Guanyin; Tara; Vajra; Mandala; Thangka; Stupa; Sutra; Ritual; Tibet; Nepal; India; China,Islamic Art,,,"Rogers Fund, 1933",insufficient or ambiguous contextual evidence,Other,"Title: Head from a Figure with a Beaded Headdress Object type: Head of a figure Country: Iran Medium: Fossiliferous limestone; carved, drilled Classification: Stone Tags: Heads",1162.5,0.34709617,0.13465008,-0.14670433,0.117500104
450483,Head of a Central Asian Figure in a Pointed Cap,Head of a figure,,,1100,1225,Iran,,,From,"Gypsum plaster; modeled, carved",Stucco-Sculpture,"Gift of Abby Aldrich Rockefeller, 1942",Hats; Heads,https://images.metmuseum.org/CRDImages/is/original/DP262928.jpg,https://images.metmuseum.org/CRDImages/is/web-large/DP262928.jpg,https://www.metmuseum.org/art/collection/search/450483,True,The Metropolitan Museum of Art Collection API,Ritual,Islamic Art,,,"Gift of Abby Aldrich Rockefeller, 1942",insufficient or ambiguous contextual evidence,Other,"Title: Head of a Central Asian Figure in a Pointed Cap Object type: Head of a figure Country: Iran Medium: Gypsum plaster; modeled, carved Classification: Stucco-Sculpture Tags: Hats; Heads",1162.5,0.3737391,0.08123857,0.0019031392,0.07367069
450761,Mold Fragment with Musicians,Mold fragment and modern cast,,,1075,1125,Iran,,Nishapur,Excavated in,Earthenware; carved,Ceramics,"Rogers Fund, 1948",Musicians,https://images.metmuseum.org/CRDImages/is/original/DP367585.jpg,https://images.metmuseum.org/CRDImages/is/web-large/DP367585.jpg,https://www.metmuseum.org/art/collection/search/450761,True,The Metropolitan Museum of Art Collection API,Buddha; Buddhist; Bodhisattva; Avalokiteshvara; Guanyin; Tara; Vajra; Mandala; Thangka; Stupa; Sutra; Ritual; Tibet; Nepal; India; China,Islamic Art,,,"Rogers Fund, 1948",insufficient or ambiguous contextual evidence,Other,Title: Mold Fragment with Musicians Object type: Mold fragment and modern cast Country: Iran Medium: Earthenware; carved Classification: Ceramics Tags: Musicians,1100.0,0.29766127,-0.017675957,-0.14978674,0.07747548
451262,"""Great Hornbill"", Folio from the Shah Jahan Album",Album leaf,,,1515,1645,India,,,Attributed to,"Ink, opaque watercolor, and gold on paper",Codices,"Purchase, Rogers Fund and The Kevorkian Foundation Gift, 1955",Birds,https://images.metmuseum.org/CRDImages/is/original/DP246533.jpg,https://images.metmuseum.org/CRDImages/is/web-large/DP246533.jpg,https://www.metmuseum.org/art/collection/search/451262,True,The Metropolitan Museum of Art Collection API,India,Islamic Art,,,"Purchase, Rogers Fund and The Kevorkian Foundation Gift, 1955",geography matched South Asia indicators,South_Asia,"Title: ""Great Hornbill"", Folio from the Shah Jahan Album Object type: Album leaf Country: India Medium: Ink, opaque watercolor, and gold on paper Classification: Codices Tags: Birds",1580.0,-0.26245734,-0.089797616,0.0845514,-0.08028907
451264,"""Jahangir and his Father, Akbar"", Folio from the Shah Jahan Album",Album leaf,,,1515,1655,India,,,Attributed to,"Ink, opaque watercolor, and gold on paper",Codices,"Purchase, Rogers Fund and The Kevorkian Foundation Gift, 1955",Birds; Men,https://images.metmuseum.org/CRDImages/is/original/DP240813.jpg,https://images.metmuseum.org/CRDImages/is/web-large/DP240813.jpg,https://www.metmuseum.org/art/collection/search/451264,True,The Metropolitan Museum of Art Collection API,India,Islamic Art,,,"Purchase, Rogers Fund and The Kevorkian Foundation Gift, 1955",geography matched South Asia indicators,South_Asia,"Title: ""Jahangir and his Father, Akbar"", Folio from the Shah Jahan Album Object type: Album leaf Country: India Medium: Ink, opaque watercolor, and gold on paper Classification: Codices Tags: Birds; Men",1585.0,-0.39860365,0.050143596,0.16751969,-0.196942
451270,"""Shah Jahan on a Terrace, Holding a Pendant Set With His Portrait"", Folio from the Shah Jahan Album",Album leaf,,,1515,1628,India,,,Attributed to,"Ink, opaque watercolor, and gold on paper",Codices,"Purchase, Rogers Fund and The Kevorkian Foundation Gift, 1955",Men; Portraits,https://images.metmuseum.org/CRDImages/is/original/DP246547.jpg,https://images.metmuseum.org/CRDImages/is/web-large/DP246547.jpg,https://www.metmuseum.org/art/collection/search/451270,True,The Metropolitan Museum of Art Collection API,India,Islamic Art,,,"Purchase, Rogers Fund and The Kevorkian Foundation Gift, 1955",geography matched South Asia indicators,South_Asia,"Title: ""Shah Jahan on a Terrace, Holding a Pendant Set With His Portrait"", Folio from the Shah Jahan Album Object type: Album leaf Country: India Medium: Ink, opaque watercolor, and gold on paper Classification: Codices Tags: Men; Portraits",1571.5,-0.32833526,0.042942688,0.099026024,-0.26749215
451286,"""Rosette Bearing the Names and Titles of Shah Jahan"", Folio from the Shah Jahan Album",Album leaf,,,1605,1670,India,,,Made in,"Ink, opaque watercolor, and gold on paper",Codices,"Purchase, Rogers Fund and The Kevorkian Foundation Gift, 1955",Calligraphy,https://images.metmuseum.org/CRDImages/is/original/DP240657.jpg,https://images.metmuseum.org/CRDImages/is/web-large/DP240657.jpg,https://www.metmuseum.org/art/collection/search/451286,True,The Metropolitan Museum of Art Collection API,India,Islamic Art,,,"Purchase, Rogers Fund and The Kevorkian Foundation Gift, 1955",geography matched South Asia indicators,South_Asia,"Title: ""Rosette Bearing the Names and Titles of Shah Jahan"", Folio from the Shah Jahan Album Object type: Album leaf Country: India Medium: Ink, opaque watercolor, and gold on paper Classification: Codices Tags: Calligraphy",1637.5,-0.26375428,-0.18058705,0.15716694,-0.20784321
451287,"""Page of Calligraphy Illuminated with Animals and Plants in a Field of Flowers"", Folio from the Shah Jahan Album",Album leaf,,,1510,1640,India,,,Made in,"Ink, opaque watercolor, and gold on paper",Codices,"Purchase, Rogers Fund and The Kevorkian Foundation Gift, 1955",Persian; Deer; Flowers; Calligraphy,https://images.metmuseum.org/CRDImages/is/original/DP231356.jpg,https://images.metmuseum.org/CRDImages/is/web-large/DP231356.jpg,https://www.metmuseum.org/art/collection/search/451287,True,The Metropolitan Museum of Art Collection API,Buddha; Buddhist; Bodhisattva; Avalokiteshvara; Guanyin; Tara; Vajra; Mandala; Thangka; Stupa; Sutra; Ritual; Tibet; Nepal; India; China,Islamic Art,,,"Purchase, Rogers Fund and The Kevorkian Foundation Gift, 1955",geography matched South Asia indicators,South_Asia,"Title: ""Page of Calligraphy Illuminated with Animals and Plants in a Field of Flowers"", Folio from the Shah Jahan Album Object type: Album leaf Country: India Medium: Ink, opaque watercolor, and gold on paper Classification: Codices Tags: Persian; Deer; Flowers; Calligraphy",1575.0,-0.21831755,-0.28517258,0.13358968,-0.139498
451302,"""Design for the Water Clock of the Peacocks"", from the Kitab fi ma'rifat al-hiyal al-handasiyya (Book of the Knowledge of Ingenious Mechanical Devices) by Badi' al-Zaman b. al Razzaz al-Jazari",Folio from an illustrated manuscript,,,1314,1316,probably Syria or Iraq,,,Attributed to,"Ink, opaque watercolor, and gold on paper",Codices,"Rogers Fund, 1955",Arabic; Peacocks; Clocks,https://images.metmuseum.org/CRDImages/is/original/DP369551.jpg,https://images.metmuseum.org/CRDImages/is/web-large/DP369551.jpg,https://www.metmuseum.org/art/collection/search/451302,True,The Metropolitan Museum of Art Collection API,Ritual,Islamic Art,,,"Rogers Fund, 1955",insufficient or ambiguous contextual evidence,Other,"Title: ""Design for the Water Clock of the Peacocks"", from the Kitab fi ma'rifat al-hiyal al-handasiyya (Book of the Knowledge of Ingenious Mechanical Devices) by Badi' al-Zaman b. al Razzaz al-Jazari Object type: Folio from an illustrated manuscript Country: probably Syria or Iraq Medium: Ink, opaque watercolor, and gold on paper Classification: Codices Tags: Arabic; Peacocks; Clocks",1315.0,-0.2379749,-0.09335721,0.036441933,-0.045296796
451308,Woman  Applying Henna,Illustrated album leaf,,,1575,1599,Iran,,,Attributed to,"Ink, opaque watercolor, and gold on paper",Codices,"Rogers Fund, 1955",Women,https://images.metmuseum.org/CRDImages/is/original/DP240659.jpg,https://images.metmuseum.org/CRDImages/is/web-large/DP240659.jpg,https://www.metmuseum.org/art/collection/search/451308,True,The Metropolitan Museum of Art Collection API,Ritual; India,Islamic Art,,,"Rogers Fund, 1955",insufficient or ambiguous contextual evidence,Other,"Title: Woman  Applying Henna Object type: Illustrated album leaf Country: Iran Medium: Ink, opaque watercolor, and gold on paper Classification: Codices Tags: Women",1587.0,-0.4494819,-0.13112806,-0.11664547,-0.10995093
451725,"""The Concourse of the Birds"", Folio 11r from a Mantiq al-Tayr (Language of the Birds)",Folio from an illustrated manuscript,,,1575,1625,Iran,,Isfahan,Attributed to,"Ink, opaque watercolor, gold, and silver on paper",Codices,"Fletcher Fund, 1963",Cranes; Ducks; Poetry; Men; Persian; Peacocks; Roosters,https://images.metmuseum.org/CRDImages/is/original/DP234083.jpg,https://images.metmuseum.org/CRDImages/is/web-large/DP234083.jpg,https://www.metmuseum.org/art/collection/search/451725,True,The Metropolitan Museum of Art Collection API,Buddha; Buddhist; Bodhisattva; Avalokiteshvara; Guanyin; Tara; Vajra; Mandala; Thangka; Stupa; Sutra; Ritual; Tibet; Nepal; India; China,Islamic Art,,,"Fletcher Fund, 1963",insufficient or ambiguous contextual evidence,Other,"Title: ""The Concourse of the Birds"", Folio 11r from a Mantiq al-Tayr (Language of the Birds) Object type: Folio from an illustrated manuscript Country: Iran Medium: Ink, opaque watercolor, gold, and silver on paper Classification: Codices Tags: Cranes; Ducks; Poetry; Men; Persian; Peacocks; Roosters",1600.0,-0.38107735,-0.19177908,0.049137134,-0.0098235225
451909,Standing Figure with Jeweled Headdress,Figure,,,1100,1225,Iran,,,Attributed to,"Gypsum plaster; modeled, carved, polychrome-painted, gilded",Sculpture,"Gift of Mr. and Mrs. Lester Wolfe, 1967",Men,https://images.metmuseum.org/CRDImages/is/original/DP235240.jpg,https://images.metmuseum.org/CRDImages/is/web-large/DP235240.jpg,https://www.metmuseum.org/art/collection/search/451909,True,The Metropolitan Museum of Art Collection API,Ritual,Islamic Art,,,"Gift of Mr. and Mrs. Lester Wolfe, 1967",insufficient or ambiguous contextual evidence,Other,"Title: Standing Figure with Jeweled Headdress Object type: Figure Country: Iran Medium: Gypsum plaster; modeled, carved, polychrome-painted, gilded Classification: Sculpture Tags: Men",1162.5,0.21354897,0.0047509186,-0.09582724,-0.0027065407
452032,Pierced Bowl Signed by Hasan al-Qashani,Bowl,,,1075,1125,Iran,,,Made in,"Stonepaste; molded and pierced, monochrome decoration under transparent glaze",Ceramics,"Gift of Mr. and Mrs. Lester Wolfe, 1968",Arabic,https://images.metmuseum.org/CRDImages/is/original/DP123181.jpg,https://images.metmuseum.org/CRDImages/is/web-large/DP123181.jpg,https://www.metmuseum.org/art/collection/search/452032,True,The Metropolitan Museum of Art Collection API,Buddha; Buddhist; Bodhisattva; Avalokiteshvara; Guanyin; Tara; Vajra; Mandala; Thangka; Stupa; Sutra; Ritual; Tibet; Nepal; India; China,Islamic Art,,,"Gift of Mr. and Mrs. Lester Wolfe, 1968",insufficient or ambiguous contextual evidence,Other,"Title: Pierced Bowl Signed by Hasan al-Qashani Object type: Bowl Country: Iran Medium: Stonepaste; molded and pierced, monochrome decoration under transparent glaze Classification: Ceramics Tags: Arabic",1100.0,0.2775323,-0.044561543,0.011361207,-0.045271136
452102,Damascus Room,Period room,,,1706,1708,Syria,,Damascus,From,"Wood (poplar) with gesso relief, gold and tin leaf, glazes and paint; wood (cypress, poplar, and mulberry), mother-of-pearl, marble and other stones, stucco with glass, plaster ceramic tiles, iron, brass",Wood,"Gift of The Hagop Kevorkian Fund, 1970",,https://images.metmuseum.org/CRDImages/is/original/DP240367.jpg,https://images.metmuseum.org/CRDImages/is/web-large/DP240367.jpg,https://www.metmuseum.org/art/collection/search/452102,True,The Metropolitan Museum of Art Collection API,Buddha; Buddhist; Bodhisattva; Avalokiteshvara; Guanyin; Tara; Vajra; Mandala; Thangka; Stupa; Sutra; Ritual; Tibet; Nepal; India; China,Islamic Art,,,"Gift of The Hagop Kevorkian Fund, 1970",insufficient or ambiguous contextual evidence,Other,"Title: Damascus Room Object type: Period room Country: Syria Medium: Wood (poplar) with gesso relief, gold and tin leaf, glazes and paint; wood (cypress, poplar, and mulberry), mother-of-pearl, marble and other stones, stucco with glass, plaster ceramic tiles, iron, brass Classification: Wood",1707.0,-0.12239411,-0.020109322,-0.035072003,-0.010858755
452188,Carpet Fragment,Carpet fragment,,,1600,1799,Iran,,,Attributed to,"Cotton (warp and weft), silk (weft), wool (pile); asymmetrically knotted pile",Textiles-Rugs,"Gift of Joseph V. McMullan, 1970",,https://images.metmuseum.org/CRDImages/is/original/DP328877.jpg,https://images.metmuseum.org/CRDImages/is/web-large/DP328877.jpg,https://www.metmuseum.org/art/collection/search/452188,True,The Metropolitan Museum of Art Collection API,India,Islamic Art,,,"Gift of Joseph V. McMullan, 1970",insufficient or ambiguous contextual evidence,Other,"Title: Carpet Fragment Object type: Carpet fragment Country: Iran Medium: Cotton (warp and weft), silk (weft), wool (pile); asymmetrically knotted pile Classification: Textiles-Rugs",1699.5,-0.07016683,-0.14594474,-0.09621038,0.086310916
452211,Pyxis Depicting Standing Saints or Ecclesiastics and the Entry into Jerusalem with Christ Riding a Donkey,Box,,,1250,1299,Syria,,,Attributed to,"Brass; hammered, engraved, inlaid with silver",Metal,"Rogers Fund, 1971",Men; Donkeys; Christ,https://images.metmuseum.org/CRDImages/is/original/DP214312.jpg,https://images.metmuseum.org/CRDImages/is/web-large/DP214312.jpg,https://www.metmuseum.org/art/collection/search/452211,True,The Metropolitan Museum of Art Collection API,Ritual,Islamic Art,,,"Rogers Fund, 1971",insufficient or ambiguous contextual evidence,Other,"Title: Pyxis Depicting Standing Saints or Ecclesiastics and the Entry into Jerusalem with Christ Riding a Donkey Object type: Box Country: Syria Medium: Brass; hammered, engraved, inlaid with silver Classification: Metal Tags: Men; Donkeys; Christ",1274.5,0.16720226,-0.027481953,-0.043870304,-0.16488583
452364,Mirror with Split-Leaf Palmette Design Inlaid with Gold,Mirror,,,1500,1525,Turkey,,probably Bursa or Istanbul,Attributed to,"Iron, inlaid with gold; ivory",Metal,"Fletcher Fund, 1972",,https://images.metmuseum.org/CRDImages/is/original/DP170394.jpg,https://images.metmuseum.org/CRDImages/is/web-large/DP170394.jpg,https://www.metmuseum.org/art/collection/search/452364,True,The Metropolitan Museum of Art Collection API,Buddha; Buddhist; Bodhisattva; Avalokiteshvara; Guanyin; Tara; Vajra; Mandala; Thangka; Stupa; Sutra; Ritual; Tibet; Nepal; India; China,Islamic Art,,,"Fletcher Fund, 1972",insufficient or ambiguous contextual evidence,Other,"Title: Mirror with Split-Leaf Palmette Design Inlaid with Gold Object type: Mirror Country: Turkey Medium: Iron, inlaid with gold; ivory Classification: Metal",1512.5,0.10826167,-0.08547396,-0.20756674,0.014331683
452651,"""Isfandiyar's Third Course: He Slays a Dragon"", Folio from a Shahnama (Book of Kings)",Folio from an illustrated manuscript,,,1305,1365,Iran,,probably Isfahan,Attributed to,"Ink, opaque watercolor, gold, and silver on paper",Codices,"Bequest of Monroe C. Gutman, 1974",Bow and Arrow; Men; Dragons; Horses,https://images.metmuseum.org/CRDImages/is/original/DP108574.jpg,https://images.metmuseum.org/CRDImages/is/web-large/DP108574.jpg,https://www.metmuseum.org/art/collection/search/452651,True,The Metropolitan Museum of Art Collection API,Buddha; Buddhist; Bodhisattva; Avalokiteshvara; Guanyin; Tara; Vajra; Mandala; Thangka; Stupa; Sutra; Ritual; Tibet; Nepal; India; China,Islamic Art,,,"Bequest of Monroe C. Gutman, 1974",insufficient or ambiguous contextual evidence,Other,"Title: ""Isfandiyar's Third Course: He Slays a Dragon"", Folio from a Shahnama (Book of Kings) Object type: Folio from an illustrated manuscript Country: Iran Medium: Ink, opaque watercolor, gold, and silver on paper Classification: Codices Tags: Bow and Arrow; Men; Dragons; Horses",1335.0,-0.3229479,-0.20523736,0.12457512,-0.08295689
452740,Seal Stone,Seal,,,900,1099,Iran,,probably Nishapur,Attributed to,Hematite; incised with gold fittings,Seals,"Fletcher Fund, 1975",,https://images.metmuseum.org/CRDImages/is/original/sf1975-118a.jpg,https://images.metmuseum.org/CRDImages/is/web-large/sf1975-118a.jpg,https://www.metmuseum.org/art/collection/search/452740,True,The Metropolitan Museum of Art Collection API,Buddha; Buddhist; Bodhisattva; Avalokiteshvara; Guanyin; Tara; Vajra; Mandala; Thangka; Stupa; Sutra; Ritual; Tibet; Nepal; India; China,Islamic Art,,,"Fletcher Fund, 1975",insufficient or ambiguous contextual evidence,Other,Title: Seal Stone Object type: Seal Country: Iran Medium: Hematite; incised with gold fittings Classification: Seals,999.5,0.10581927,-0.16773106,-0.14975849,0.14027691
453193,"""Kai Khusrau Crosses the Sea"", Folio from a Shahnama (Book of Kings) of Firdausi",Folio from an illustrated manuscript,,,1585,1635,India,Deccan,Bijapur,Attributed to,"Ink, opaque watercolor, and gold on paper",Codices,"Gift of Wendy Findlay, 1982",Men; Fish; Ships,https://images.metmuseum.org/CRDImages/is/original/DP215857.jpg,https://images.metmuseum.org/CRDImages/is/web-large/DP215857.jpg,https://www.metmuseum.org/art/collection/search/453193,True,The Metropolitan Museum of Art Collection API,India,Islamic Art,,,"Gift of Wendy Findlay, 1982",geography matched South Asia indicators,South_Asia,"Title: ""Kai Khusrau Crosses the Sea"", Folio from a Shahnama (Book of Kings) of Firdausi Object type: Folio from an illustrated manuscript Country: India Region: Deccan Medium: Ink, opaque watercolor, and gold on paper Classification: Codices Tags: Men; Fish; Ships",1610.0,-0.35688534,-0.16511905,0.15058674,-0.121170394
453212,"""Rescue of Bizhan by Piran"", Folio from a Shahnama (Book of Kings) of Firdausi",Folio from an illustrated manuscript,,,1585,1635,India,Deccan,Bijapur,Attributed to,"Ink, opaque watercolor, and gold on paper",Codices,"Gift of Wendy Findlay, 1983",Men; Horses,https://images.metmuseum.org/CRDImages/is/original/DP215858.jpg,https://images.metmuseum.org/CRDImages/is/web-large/DP215858.jpg,https://www.metmuseum.org/art/collection/search/453212,True,The Metropolitan Museum of Art Collection API,India,Islamic Art,,,"Gift of Wendy Findlay, 1983",geography matched South Asia indicators,South_Asia,"Title: ""Rescue of Bizhan by Piran"", Folio from a Shahnama (Book of Kings) of Firdausi Object type: Folio from an illustrated manuscript Country: India Region: Deccan Medium: Ink, opaque watercolor, and gold on paper Classification: Codices Tags: Men; Horses",1610.0,-0.4095528,-0.069436245,0.09044393,-0.12989947
453267,"""Death of Farud"", Folio from a Shahnama (Book of Kings) of Firdausi",Folio from an illustrated manuscript,,,1585,1635,India,Deccan,Bijapur,Attributed to,"Ink, opaque watercolor, and gold on paper",Codices,"Gift of Steven Kossak, The Kronos Collections, 1985",Poetry; Men; Death,https://images.metmuseum.org/CRDImages/is/original/DP215851.jpg,https://images.metmuseum.org/CRDImages/is/web-large/DP215851.jpg,https://www.metmuseum.org/art/collection/search/453267,True,The Metropolitan Museum of Art Collection API,India,Islamic Art,,,"Gift of Steven Kossak, The Kronos Collections, 1985",geography matched South Asia indicators,South_Asia,"Title: ""Death of Farud"", Folio from a Shahnama (Book of Kings) of Firdausi Object type: Folio from an illustrated manuscript Country: India Region: Deccan Medium: Ink, opaque watercolor, and gold on paper Classification: Codices Tags: Poetry; Men; Death",1610.0,-0.4063618,-0.16005458,0.11595926,-0.18693201
453312,Jewelry Elements,Necklace,,,1375,1599,Iran or Central Asia,,,Attributed to,"Gold sheet; worked, chased, and set  with turquoise, gray chalcedony, and glass",Jewelry,"Purchase, Rogers Fund and Habib Anavian Gift, 1989",,https://images.metmuseum.org/CRDImages/is/original/DP236378.jpg,https://images.metmuseum.org/CRDImages/is/web-large/DP236378.jpg,https://www.metmuseum.org/art/collection/search/453312,True,The Metropolitan Museum of Art Collection API,India,Islamic Art,,,"Purchase, Rogers Fund and Habib Anavian Gift, 1989",insufficient or ambiguous contextual evidence,Other,"Title: Jewelry Elements Object type: Necklace Country: Iran or Central Asia Medium: Gold sheet; worked, chased, and set  with turquoise, gray chalcedony, and glass Classification: Jewelry",1487.0,0.1623405,0.0024467441,-0.004155455,0.13919432
453317,Confronted Animal Rug,Carpet,,,1300,1399,Turkey,,,Attributed to,"Wool (warp, weft, and pile); symmetrically knotted pile",Textiles-Rugs,"Purchase, Harris Brisbane Dick Fund, Joseph Pulitzer Bequest, Louis V. Bell Fund and Fletcher, Pfeiffer and Rogers Funds, 1990",Animals,https://images.metmuseum.org/CRDImages/is/original/DP229999.jpg,https://images.metmuseum.org/CRDImages/is/web-large/DP229999.jpg,https://www.metmuseum.org/art/collection/search/453317,True,The Metropolitan Museum of Art Collection API,Tibet,Islamic Art,,,"Purchase, Harris Brisbane Dick Fund, Joseph Pulitzer Bequest, Louis V. Bell Fund and Fletcher, Pfeiffer and Rogers Funds, 1990",insufficient or ambiguous contextual evidence,Other,"Title: Confronted Animal Rug Object type: Carpet Country: Turkey Medium: Wool (warp, weft, and pile); symmetrically knotted pile Classification: Textiles-Rugs Tags: Animals",1349.5,-0.08597306,-0.19431715,-0.16178375,0.0631751
453354,A Syce (Groom) Holding Two Carriage Horses,Illustrated single work,,,1820,1870,India,,Calcutta,Made in,Opaque watercolor on paper,Codices,"Louis E. and Theresa S. Seley Purchase Fund for Islamic Art and Rogers Fund, 1994",Men; Horses,https://images.metmuseum.org/CRDImages/is/original/DP240649.jpg,https://images.metmuseum.org/CRDImages/is/web-large/DP240649.jpg,https://www.metmuseum.org/art/collection/search/453354,True,The Metropolitan Museum of Art Collection API,India,Islamic Art,,,"Louis E. and Theresa S. Seley Purchase Fund for Islamic Art and Rogers Fund, 1994",geography matched South Asia indicators,South_Asia,Title: A Syce (Groom) Holding Two Carriage Horses Object type: Illustrated single work Country: India Medium: Opaque watercolor on paper Classification: Codices Tags: Men; Horses,1845.0,-0.20721163,0.06906671,-0.11865693,-0.10963189
453975,Chand Bibi Hawking with Attendants in a Landscape,Illustrated single work,,,1675,1725,India,Deccan,,Attributed to,"Opaque watercolor, gold, and silver on card-weight paper",Codices,"Louis E. and Theresa S. Seley Purchase Fund for Islamic Art, 1999",Birds; Hawks; Queens; Men; Women; Horses; Landscapes,https://images.metmuseum.org/CRDImages/is/original/DT4503.jpg,https://images.metmuseum.org/CRDImages/is/web-large/DT4503.jpg,https://www.metmuseum.org/art/collection/search/453975,True,The Metropolitan Museum of Art Collection API,India,Islamic Art,,,"Louis E. and Theresa S. Seley Purchase Fund for Islamic Art, 1999",geography matched South Asia indicators,South_Asia,"Title: Chand Bibi Hawking with Attendants in a Landscape Object type: Illustrated single work Country: India Region: Deccan Medium: Opaque watercolor, gold, and silver on card-weight paper Classification: Codices Tags: Birds; Hawks; Queens; Men; Women; Horses; Landscapes",1700.0,-0.40148395,-0.054039594,-0.015000512,-0.062833734
454344,"""Rama Receives Sugriva and Jambavat, the Monkey and Bear Kings"", Folio from a Ramayana",Folio from an illustrated manuscript,,,1580,1630,India,,,Attributed to,"Ink, opaque watercolor, and gold on paper",Codices,"Cynthia Hazen Polsky and Leon B. Polsky Fund, 2002",Bears; Princes; Men; Monkeys,https://images.metmuseum.org/CRDImages/is/original/DP103079.jpg,https://images.metmuseum.org/CRDImages/is/web-large/DP103079.jpg,https://www.metmuseum.org/art/collection/search/454344,True,The Metropolitan Museum of Art Collection API,Tibet; Nepal; India,Islamic Art,,,"Cynthia Hazen Polsky and Leon B. Polsky Fund, 2002",geography matched South Asia indicators,South_Asia,"Title: ""Rama Receives Sugriva and Jambavat, the Monkey and Bear Kings"", Folio from a Ramayana Object type: Folio from an illustrated manuscript Country: India Medium: Ink, opaque watercolor, and gold on paper Classification: Codices Tags: Bears; Princes; Men; Monkeys",1605.0,-0.42986172,-0.04601996,0.16700222,-0.105894275
454353,Lacquered Pen Box  (Qalamdan),Pen box,,,1675,1725,,Deccan or Northern India,,Possibly made in,"Papier-maché; painted, gilded, and lacquered",Lacquer,"Cynthia Hazen Polsky and Leon B. Polsky Fund, 2002",Men; Women; Deer,https://images.metmuseum.org/CRDImages/is/original/DP236049.jpg,https://images.metmuseum.org/CRDImages/is/web-large/DP236049.jpg,https://www.metmuseum.org/art/collection/search/454353,True,The Metropolitan Museum of Art Collection API,India,Islamic Art,,,"Cynthia Hazen Polsky and Leon B. Polsky Fund, 2002",geography matched South Asia indicators,South_Asia,"Title: Lacquered Pen Box  (Qalamdan) Object type: Pen box Region: Deccan or Northern India Medium: Papier-maché; painted, gilded, and lacquered Classification: Lacquer Tags: Men; Women; Deer",1700.0,0.02160533,-0.21574411,-0.036715157,0.07485404
454357,"""The Awakening of Kumbhakarna in the Golden City of Lanka"", Folio from a Ramayana",Folio from an illustrated manuscript,,,1580,1630,India,,,Made in,Opaque watercolor and gold on paper,Codices,"Cynthia Hazen Polsky and Leon B. Polsky Fund, 2002",Sleeping; Men; Demons,https://images.metmuseum.org/CRDImages/is/original/DP107191.JPG,https://images.metmuseum.org/CRDImages/is/web-large/DP107191.JPG,https://www.metmuseum.org/art/collection/search/454357,True,The Metropolitan Museum of Art Collection API,Tibet; Nepal; India,Islamic Art,,,"Cynthia Hazen Polsky and Leon B. Polsky Fund, 2002",geography matched South Asia indicators,South_Asia,"Title: ""The Awakening of Kumbhakarna in the Golden City of Lanka"", Folio from a Ramayana Object type: Folio from an illustrated manuscript Country: India Medium: Opaque watercolor and gold on paper Classification: Codices Tags: Sleeping; Men; Demons",1605.0,-0.4264268,-0.0431406,0.196552,-0.122993074
454359,"""The Death of King Dasharatha, the Father of Rama"", Folio from a Ramayana",Folio from an illustrated manuscript,,,1580,1630,India,,,Attributed to,Opaque watercolor and gold on paper,Codices,"Cynthia Hazen Polsky and Leon B. Polsky Fund, 2002",Men; Women; Death,https://images.metmuseum.org/CRDImages/is/original/DP107193.jpg,https://images.metmuseum.org/CRDImages/is/web-large/DP107193.jpg,https://www.metmuseum.org/art/collection/search/454359,True,The Metropolitan Museum of Art Collection API,Tibet; Nepal; India,Islamic Art,,,"Cynthia Hazen Polsky and Leon B. Polsky Fund, 2002",geography matched South Asia indicators,South_Asia,"Title: ""The Death of King Dasharatha, the Father of Rama"", Folio from a Ramayana Object type: Folio from an illustrated manuscript Country: India Medium: Opaque watercolor and gold on paper Classification: Codices Tags: Men; Women; Death",1605.0,-0.3705887,-0.1783259,0.12679349,-0.1957985
454738,Goa Stone and Gold Case,Goa stone and container,,,1675,1725,India,Goa,,Probably made in,"Container: gold; pierced, repoussé, with cast legs and finials
Goa stone: compound of organic and inorganic materials",Metal,"Rogers Fund, 2004",Animals; Griffins; Peacocks; Dogs; Monkeys; Flowers,https://images.metmuseum.org/CRDImages/is/original/DP116018.jpg,https://images.metmuseum.org/CRDImages/is/web-large/DP116018.jpg,https://www.metmuseum.org/art/collection/search/454738,True,The Metropolitan Museum of Art Collection API,India,Islamic Art,,,"Rogers Fund, 2004",geography matched South Asia indicators,South_Asia,"Title: Goa Stone and Gold Case Object type: Goa stone and container Country: India Region: Goa Medium: Container: gold; pierced, repoussé, with cast legs and finials
Goa stone: compound of organic and inorganic materials Classification: Metal Tags: Animals; Griffins; Peacocks; Dogs; Monkeys; Flowers",1700.0,0.15916955,-0.0053058355,-0.057154913,0.19302183
456342,Futuh al-Haramayn (Description of the Holy Cities),Illustrated manuscript,,,1677,1679,India,Deccan,Kharepatan,Attributed to,"Ink, opaque watercolor, and gold on paper",Codices,"Purchase, Funds from various donors, Elizabeth S. Ettinghausen Gift, in memory of Richard Ettinghausen, and Louis E. and Theresa S. Seley Purchase Fund for Islamic Art, 2008",Calligraphy,https://images.metmuseum.org/CRDImages/is/original/DP238325.jpg,https://images.metmuseum.org/CRDImages/is/web-large/DP238325.jpg,https://www.metmuseum.org/art/collection/search/456342,True,The Metropolitan Museum of Art Collection API,Ritual; India,Islamic Art,,,"Purchase, Funds from various donors, Elizabeth S. Ettinghausen Gift, in memory of Richard Ettinghausen, and Louis E. and Theresa S. Seley Purchase Fund for Islamic Art, 2008",geography matched South Asia indicators,South_Asia,"Title: Futuh al-Haramayn (Description of the Holy Cities) Object type: Illustrated manuscript Country: India Region: Deccan Medium: Ink, opaque watercolor, and gold on paper Classification: Codices Tags: Calligraphy",1678.0,-0.34118614,-0.18799144,0.121037796,-0.16983391
503651,Pipa (琵琶 ),Pipa,Chinese,Ming dynasty (1368-1644),1590,1640,China,,,,"Wood, ivory, bone, silk",Chordophone-Lute-plucked-fretted,"Bequest of Mary Stillman Harkness, 1950",Animals; Birds; Men; Flowers,https://images.metmuseum.org/CRDImages/mi/original/DP319739.jpg,https://images.metmuseum.org/CRDImages/mi/web-large/DP319739.jpg,https://www.metmuseum.org/art/collection/search/503651,True,The Metropolitan Museum of Art Collection API,Buddhist; China,Musical Instruments,,,"Bequest of Mary Stillman Harkness, 1950",geography or period matched East Asia indicators,East_Asia,"Title: Pipa (琵琶 ) Object type: Pipa Culture: Chinese Period: Ming dynasty (1368-1644) Country: China Medium: Wood, ivory, bone, silk Classification: Chordophone-Lute-plucked-fretted Tags: Animals; Birds; Men; Flowers",1615.0,0.24216838,-0.040190224,0.12692763,0.116228096
678610,Set of Sacrificial Weapons,Set of Sacrifical Weapons,"Indian, Bengal (?) or Nepalese",,1801,1900,Nepal,,,Possibly from,"Steel, wood, brass",Shafted Weapons,"Bequest of George C. Stone, 1935",,https://images.metmuseum.org/CRDImages/aa/original/36.25.1284_018AA2015.jpg,https://images.metmuseum.org/CRDImages/aa/web-large/36.25.1284_018AA2015.jpg,https://www.metmuseum.org/art/collection/search/678610,True,The Metropolitan Museum of Art Collection API,Nepal; India,Arms and Armor,,,"Bequest of George C. Stone, 1935",geography matched Himalayan indicators,Himalayan,"Title: Set of Sacrificial Weapons Object type: Set of Sacrifical Weapons Culture: Indian, Bengal (?) or Nepalese Country: Nepal Medium: Steel, wood, brass Classification: Shafted Weapons",1850.5,0.21306099,-0.08741282,-0.072699904,0.13048628
752005,"Welcoming Descent of Amida, the Buddha of Infinite Light, and His Holy Retinue",Hanging scroll,Japan,Kamakura (1185–1333)–Nanbokuchō (1336–92) period,1333,1392,,,,,"Hanging scroll; ink, color, gold, and cut gold leaf (kirikane) on silk",Paintings,"Gift of Sue Cassidy Clark, in honor of Barbara Brennan Ford, 2023",,https://images.metmuseum.org/CRDImages/as/original/DP-16218-019.jpg,https://images.metmuseum.org/CRDImages/as/web-large/DP-16218-019.jpg,https://www.metmuseum.org/art/collection/search/752005,True,The Metropolitan Museum of Art Collection API,Buddha; Buddhist; Bodhisattva,Asian Art,,,"Gift of Sue Cassidy Clark, in honor of Barbara Brennan Ford, 2023",geography or period matched East Asia indicators,East_Asia,"Title: Welcoming Descent of Amida, the Buddha of Infinite Light, and His Holy Retinue Object type: Hanging scroll Culture: Japan Period: Kamakura (1185–1333)–Nanbokuchō (1336–92) period Medium: Hanging scroll; ink, color, gold, and cut gold leaf (kirikane) on silk Classification: Paintings",1362.5,-0.27231893,-0.16530757,0.48489296,-0.21901242
752008,Dreaming Cat,Hanging scroll,Japan,Edo period (1615–1868),1634,1666,,,,,Hanging scroll; ink on paper,Paintings,"Gift of Sue Cassidy Clark, in honor of John T. Carpenter, 2019",Cats,https://images.metmuseum.org/CRDImages/as/original/DP-16218-026.jpg,https://images.metmuseum.org/CRDImages/as/web-large/DP-16218-026.jpg,https://www.metmuseum.org/art/collection/search/752008,True,The Metropolitan Museum of Art Collection API,Buddhist,Asian Art,,,"Gift of Sue Cassidy Clark, in honor of John T. Carpenter, 2019",geography or period matched East Asia indicators,East_Asia,Title: Dreaming Cat Object type: Hanging scroll Culture: Japan Period: Edo period (1615–1868) Medium: Hanging scroll; ink on paper Classification: Paintings Tags: Cats,1650.0,-0.15746076,-0.25781268,0.32610345,-0.097969465
