object_1,object_2,visual_similarity,semantic_similarity,context_1,context_2,same_context,alignment_difference,multimodal_similarity
24316,39134,0.4333533048629761,0.6881929636001587,Himalayan,Other,False,0.2548396587371826,0.5607731342315674
24316,454738,0.3910490870475769,0.6670290231704712,Himalayan,South_Asia,False,0.2759799361228943,0.5290391445159912
24318,39134,0.4342333674430847,0.7072137594223022,Himalayan,Other,False,0.27298039197921753,0.5707235932350159
36033,57249,0.6384958028793335,0.4343411326408386,Other,Other,True,0.20415467023849487,0.5364184379577637
36033,60437,0.7319941520690918,0.490587055683136,Other,Other,True,0.2414070963859558,0.6112906336784363
36033,752005,0.644324541091919,0.5021533370018005,Other,East_Asia,False,0.1421712040901184,0.5732389688491821
36033,752008,0.6394459009170532,0.48817867040634155,Other,East_Asia,False,0.15126723051071167,0.5638123154640198
36069,68308,0.3647870123386383,0.6715718507766724,Other,Other,True,0.30678483843803406,0.5181794762611389
36069,68310,0.4144463837146759,0.6716075539588928,Other,Other,True,0.2571611702442169,0.5430269837379456
36069,451725,0.6337602138519287,0.49212580919265747,Other,Other,True,0.14163440465927124,0.5629430413246155
36131,61658,0.4383527338504791,0.6929925084114075,Other,Other,True,0.25463977456092834,0.5656726956367493
36437,41865,0.4191012382507324,0.713513970375061,Other,Other,True,0.2944127321243286,0.5663076639175415
36437,503651,0.3396502137184143,0.6666951179504395,Other,East_Asia,False,0.32704490423202515,0.5031726360321045
37804,38950,0.43697479367256165,0.7308079600334167,Other,Other,True,0.2938331663608551,0.5838913917541504
37804,39092,0.44272536039352417,0.7016428709030151,Other,Other,True,0.25891751050949097,0.5721840858459473
37804,453317,0.6903706789016724,0.44037020206451416,Other,Other,True,0.2500004768371582,0.5653704404830933
37807,320804,0.7004361152648926,0.4797661602497101,Other,Other,True,0.2206699550151825,0.5901011228561401
37807,436482,0.42405515909194946,0.68067467212677,Other,Other,True,0.25661951303482056,0.5523648858070374
37807,451308,0.6633471846580505,0.48465830087661743,Other,Other,True,0.1786888837814331,0.5740026831626892
37807,451725,0.714505672454834,0.506892204284668,Other,Other,True,0.20761346817016602,0.6106988787651062
37807,453317,0.6577805876731873,0.47341030836105347,Other,Other,True,0.1843702793121338,0.5655953884124756
37857,38634,0.4208754301071167,0.6568105220794678,Other,Other,True,0.23593509197235107,0.538843035697937
37857,40282,0.646766185760498,0.4662547707557678,Other,Other,True,0.18051141500473022,0.5565105080604553
37857,53237,0.648677408695221,0.4853624105453491,Other,Other,True,0.16331499814987183,0.5670199394226074
37857,451302,0.6448185443878174,0.45244985818862915,Other,Other,True,0.19236868619918823,0.5486342310905457
37857,752005,0.6894129514694214,0.47475531697273254,Other,East_Asia,False,0.21465763449668884,0.5820841789245605
37878,38970,0.40607213973999023,0.6657701730728149,Other,Other,True,0.2596980333328247,0.5359212160110474
37878,45449,0.39839428663253784,0.6640738248825073,Other,Other,True,0.2656795382499695,0.5312341451644897
37878,60437,0.6314501762390137,0.49921393394470215,Other,Other,True,0.13223624229431152,0.5653321743011475
37878,437769,0.3492075204849243,0.691265344619751,Other,Other,True,0.34205782413482666,0.5202364921569824
37878,451302,0.6585642099380493,0.49370962381362915,Other,Other,True,0.16485458612442017,0.5761370062828064
37900,38634,0.42961585521698,0.725527822971344,Other,Other,True,0.295911967754364,0.5775719285011292
37900,451302,0.6790339946746826,0.49542054533958435,Other,Other,True,0.18361344933509827,0.5872273445129395
37904,38634,0.42708560824394226,0.6894820332527161,Other,Other,True,0.2623964250087738,0.5582838654518127
37904,451302,0.6197162866592407,0.3963284194469452,Other,Other,True,0.22338786721229553,0.5080223679542542
38006,68308,0.38308411836624146,0.6930527687072754,Other,Other,True,0.30996865034103394,0.5380684733390808
38006,68310,0.42153072357177734,0.7106550931930542,Other,Other,True,0.28912436962127686,0.566092848777771
38006,325818,0.3637691140174866,0.6819830536842346,Other,Other,True,0.31821393966674805,0.5228761434555054
38006,436482,0.4351672828197479,0.7239134311676025,Other,Other,True,0.2887461483478546,0.5795403718948364
38006,453317,0.6551010608673096,0.46252721548080444,Other,Other,True,0.19257384538650513,0.5588141679763794
38057,436180,0.3928924798965454,0.6824356317520142,Other,Other,True,0.28954315185546875,0.5376640558242798
38057,436482,0.4046851694583893,0.6775189638137817,Other,Other,True,0.27283379435539246,0.5411020517349243
38057,436607,0.3909519910812378,0.6716257929801941,Other,Other,True,0.2806738018989563,0.5312888622283936
38057,437508,0.3949340581893921,0.6562319993972778,Other,Other,True,0.26129794120788574,0.5255830883979797
38057,437878,0.43723347783088684,0.6550347208976746,Other,Other,True,0.21780124306678772,0.5461341142654419
38057,437936,0.43182605504989624,0.681693434715271,Other,Other,True,0.24986737966537476,0.556759774684906
38057,438779,0.3762739598751068,0.7026641964912415,Other,Other,True,0.32639023661613464,0.5394691228866577
38057,451302,0.638821005821228,0.4817991256713867,Other,Other,True,0.1570218801498413,0.5603100657463074
38122,203915,0.6555992364883423,0.4971100091934204,Other,Other,True,0.15848922729492188,0.5763546228408813
38122,308565,0.6273735761642456,0.4863569736480713,Other,Other,True,0.14101660251617432,0.5568652749061584
38122,310542,0.7022284269332886,0.4732195734977722,Other,Other,True,0.22900885343551636,0.5877240896224976
38122,312336,0.7289097309112549,0.42170947790145874,Other,Other,True,0.30720025300979614,0.5753096342086792
38122,313256,0.640608549118042,0.43857014179229736,Other,Other,True,0.20203840732574463,0.5395894050598145
38122,318622,0.6232331395149231,0.36721423268318176,Other,Other,True,0.25601890683174133,0.4952237010002136
38122,436482,0.36665648221969604,0.6606383323669434,Other,Other,True,0.2939818501472473,0.5136474370956421
38159,310681,0.6197778582572937,0.47249799966812134,Other,Other,True,0.14727985858917236,0.5461380481719971
38317,192770,0.6323814988136292,0.4603566825389862,Other,Other,True,0.17202481627464294,0.5463691353797913
38317,307598,0.6525270938873291,0.4293542206287384,Other,Other,True,0.2231728732585907,0.5409406423568726
38317,307599,0.627155065536499,0.40812787413597107,Other,Other,True,0.21902719140052795,0.5176414847373962
38317,310542,0.6412129402160645,0.4925196170806885,Other,Other,True,0.14869332313537598,0.5668662786483765
38317,324324,0.6753527522087097,0.5073185563087463,Other,Other,True,0.16803419589996338,0.591335654258728
38317,436482,0.38245582580566406,0.6588769555091858,Other,Other,True,0.27642112970352173,0.5206664800643921
38440,310513,0.42256152629852295,0.6573230028152466,Other,Other,True,0.23476147651672363,0.5399422645568848
38440,437061,0.40462708473205566,0.6601320505142212,Other,Other,True,0.2555049657821655,0.5323795676231384
38452,192770,0.7532626390457153,0.49579712748527527,Other,Other,True,0.25746551156044006,0.6245299577713013
38452,266450,0.6739349365234375,0.4666930139064789,Other,Other,True,0.20724192261695862,0.5703139901161194
38452,307598,0.6899442076683044,0.4432331919670105,Other,Other,True,0.24671101570129395,0.5665886998176575
38452,307599,0.6942627429962158,0.4296532869338989,Other,Other,True,0.2646094560623169,0.5619580149650574
38452,307634,0.7211239337921143,0.4585188627243042,Other,Other,True,0.26260507106781006,0.589821457862854
38452,308565,0.6409468054771423,0.48931342363357544,Other,Other,True,0.1516333818435669,0.5651301145553589
38452,309519,0.6691223978996277,0.39756956696510315,Other,Other,True,0.27155283093452454,0.5333459973335266
38452,310472,0.7024695873260498,0.4487111568450928,Other,Other,True,0.25375843048095703,0.5755903720855713
38452,310480,0.6420882940292358,0.4870705008506775,Other,Other,True,0.15501779317855835,0.5645793080329895
38452,310542,0.7033904194831848,0.3826378285884857,Other,Other,True,0.3207525908946991,0.5430141687393188
38452,310599,0.6695824861526489,0.43726006150245667,Other,Other,True,0.23232242465019226,0.5534213185310364
38452,312336,0.6693791151046753,0.3904866874217987,Other,Other,True,0.2788924276828766,0.529932975769043
38452,312581,0.6852145791053772,0.38031476736068726,Other,Other,True,0.30489981174468994,0.5327646732330322
38452,312807,0.630191445350647,0.5033867955207825,Other,Other,True,0.1268046498298645,0.5667891502380371
38452,313262,0.7267932891845703,0.47777259349823,Other,Other,True,0.24902069568634033,0.6022830009460449
38452,314217,0.6292283535003662,0.39446353912353516,Other,Other,True,0.23476481437683105,0.5118459463119507
38452,316304,0.6537291407585144,0.41419026255607605,Other,Other,True,0.23953887820243835,0.5339597463607788
38452,318345,0.6330165863037109,0.4846935272216797,Other,Other,True,0.14832305908203125,0.5588549971580505
38452,318662,0.6393688321113586,0.4648856520652771,Other,Other,True,0.17448318004608154,0.5521272420883179
38452,320347,0.6682612299919128,0.4563673138618469,Other,Other,True,0.21189391613006592,0.5623142719268799
38452,322973,0.6653441190719604,0.4701945185661316,Other,Other,True,0.19514960050582886,0.5677693486213684
38452,324599,0.7051265835762024,0.4965250790119171,Other,Other,True,0.20860150456428528,0.600825846195221
38452,450761,0.742729902267456,0.45609116554260254,Other,Other,True,0.2866387367248535,0.5994105935096741
38634,40513,0.41556352376937866,0.6647787094116211,Other,Other,True,0.24921518564224243,0.5401711463928223
38634,53180,0.43630173802375793,0.6812886595726013,Other,Other,True,0.24498692154884338,0.5587952136993408
38634,53187,0.36194461584091187,0.7027919888496399,Other,Other,True,0.340847373008728,0.5323683023452759
38634,78145,0.38430947065353394,0.7433634996414185,Other,Other,True,0.3590540289878845,0.5638365149497986
38634,78257,0.37044382095336914,0.7346195578575134,Other,Other,True,0.3641757369041443,0.5525317192077637
38634,78260,0.3721233606338501,0.6847167015075684,Other,Other,True,0.31259334087371826,0.528420090675354
38634,309519,0.6920942068099976,0.4670965075492859,Other,Other,True,0.22499769926071167,0.5795954465866089
38634,310552,0.6640687584877014,0.49496015906333923,Other,Other,True,0.16910859942436218,0.5795145034790039
38634,310681,0.6476403474807739,0.503082275390625,Other,Other,True,0.14455807209014893,0.5753613710403442
38634,313256,0.6759402751922607,0.49991822242736816,Other,Other,True,0.17602205276489258,0.5879292488098145
38634,317802,0.6548103094100952,0.4713916480541229,Other,Other,True,0.1834186613559723,0.5631009936332703
38634,322619,0.6468050479888916,0.5037372708320618,Other,Other,True,0.14306777715682983,0.5752711892127991
38634,446563,0.37642812728881836,0.7217504978179932,Other,South_Asia,False,0.3453223705291748,0.5490893125534058
38634,451286,0.34479057788848877,0.6741803884506226,Other,South_Asia,False,0.3293898105621338,0.5094854831695557
38634,451287,0.3910961151123047,0.6558458209037781,Other,South_Asia,False,0.2647497057914734,0.5234709978103638
38634,453267,0.3808087110519409,0.6633029580116272,Other,South_Asia,False,0.2824942469596863,0.5220558643341064
38634,454357,0.402834951877594,0.6870720982551575,Other,South_Asia,False,0.2842371463775635,0.5449535846710205
38634,456342,0.4192395806312561,0.6714923977851868,Other,South_Asia,False,0.25225281715393066,0.5453660488128662
38634,678610,0.3335607945919037,0.6603010296821594,Other,Himalayan,False,0.32674023509025574,0.49693095684051514
38777,78257,0.36366814374923706,0.6825681924819946,Other,Other,True,0.31890004873275757,0.5231181383132935
38777,309519,0.6256405115127563,0.4879576563835144,Other,Other,True,0.13768285512924194,0.5567991137504578
38777,436482,0.35149717330932617,0.7222568988800049,Other,Other,True,0.3707597255706787,0.5368770360946655
38777,446563,0.38754573464393616,0.6655938625335693,Other,South_Asia,False,0.2780481278896332,0.5265698432922363
38945,53180,0.43177711963653564,0.6718316078186035,Other,Other,True,0.24005448818206787,0.5518044233322144
38945,53660,0.4428305923938751,0.6653485298156738,Other,Other,True,0.2225179374217987,0.5540895462036133
38945,78257,0.43004852533340454,0.7055075168609619,Other,Other,True,0.2754589915275574,0.5677779912948608
38945,78260,0.389415979385376,0.6718199253082275,Other,Other,True,0.28240394592285156,0.5306179523468018
38945,310498,0.6264520287513733,0.4982662796974182,Other,Other,True,0.12818574905395508,0.5623592138290405
38945,310542,0.6261088848114014,0.48748499155044556,Other,Other,True,0.1386238932609558,0.5567969083786011
38945,313256,0.6312160491943359,0.4931049346923828,Other,Other,True,0.13811111450195312,0.5621605515480042
38950,39482,0.43144625425338745,0.7326799631118774,Other,Other,True,0.30123370885849,0.5820631384849548
38950,53180,0.38413113355636597,0.6562521457672119,Other,Other,True,0.27212101221084595,0.5201916694641113
38950,53187,0.40011635422706604,0.6573954820632935,Other,Other,True,0.2572791278362274,0.5287559628486633
38950,78145,0.3492940068244934,0.6779873371124268,Other,Other,True,0.32869333028793335,0.5136406421661377
38950,78257,0.3733227849006653,0.662888765335083,Other,Other,True,0.2895659804344177,0.5181057453155518
38950,197461,0.43254053592681885,0.6700555086135864,Other,Other,True,0.23751497268676758,0.5512980818748474
38950,309227,0.4012148976325989,0.6868373155593872,Other,Other,True,0.28562241792678833,0.5440261363983154
38950,309389,0.39655178785324097,0.6569523811340332,Other,Other,True,0.26040059328079224,0.5267521142959595
38950,310364,0.40117329359054565,0.6778700947761536,Other,Other,True,0.2766968011856079,0.5395217537879944
38950,310513,0.39577415585517883,0.6620738506317139,Other,Other,True,0.26629969477653503,0.5289240479469299
38950,316691,0.3830491900444031,0.6662468314170837,Other,Other,True,0.28319764137268066,0.5246479511260986
38950,325818,0.3694961965084076,0.6578612327575684,Other,Other,True,0.28836503624916077,0.5136787295341492
38950,453312,0.3166729211807251,0.701189398765564,Other,Other,True,0.38451647758483887,0.5089311599731445
38950,454738,0.3672274053096771,0.7038494348526001,Other,South_Asia,False,0.336622029542923,0.5355384349822998
38970,207157,0.6655634045600891,0.4808061420917511,Other,Other,True,0.184757262468338,0.5731847286224365
38970,237451,0.6655634045600891,0.4808061420917511,Other,Other,True,0.184757262468338,0.5731847286224365
38970,309519,0.6746305227279663,0.48511213064193726,Other,Other,True,0.18951839208602905,0.5798713564872742
38970,310542,0.7269316911697388,0.5081087350845337,Other,Other,True,0.21882295608520508,0.617520272731781
38970,310681,0.6358727216720581,0.4851393699645996,Other,Other,True,0.1507333517074585,0.5605061054229736
38970,313256,0.7632394433021545,0.49605515599250793,Other,Other,True,0.2671842873096466,0.6296473145484924
38970,316846,0.6529206037521362,0.46150022745132446,Other,Other,True,0.19142037630081177,0.5572104454040527
38970,317802,0.6321152448654175,0.47845569252967834,Other,Other,True,0.15365955233573914,0.5552855134010315
38970,436482,0.36201587319374084,0.6625260710716248,Other,Other,True,0.3005101978778839,0.512270987033844
38970,446563,0.43249207735061646,0.6847224235534668,Other,South_Asia,False,0.25223034620285034,0.5586072206497192
38970,453267,0.4262969195842743,0.6581038236618042,Other,South_Asia,False,0.2318069040775299,0.5422003865242004
38970,454357,0.4229122996330261,0.661191463470459,Other,South_Asia,False,0.23827916383743286,0.5420519113540649
38970,456342,0.42778152227401733,0.692585289478302,Other,South_Asia,False,0.26480376720428467,0.5601835250854492
38970,678610,0.4277084767818451,0.6598823070526123,Other,Himalayan,False,0.2321738302707672,0.5437954664230347
39046,53427,0.3897162079811096,0.6567062139511108,Other,Other,True,0.2669900059700012,0.5232112407684326
39046,310498,0.6206841468811035,0.48414719104766846,Other,Other,True,0.13653695583343506,0.552415668964386
39046,312581,0.6281032562255859,0.46698030829429626,Other,Other,True,0.16112294793128967,0.5475417971611023
39046,318622,0.6281304359436035,0.5025854110717773,Other,Other,True,0.12554502487182617,0.5653579831123352
39046,436482,0.3202572464942932,0.6859579086303711,Other,Other,True,0.3657006621360779,0.5031076073646545
39047,310498,0.6204848289489746,0.49740901589393616,Other,Other,True,0.12307581305503845,0.558946967124939
39047,312336,0.7302390336990356,0.5083313584327698,Other,Other,True,0.22190767526626587,0.6192852258682251
39047,436482,0.3226672410964966,0.6819462180137634,Other,Other,True,0.35927897691726685,0.5023067593574524
39047,446563,0.42151400446891785,0.6793617010116577,Other,South_Asia,False,0.25784769654273987,0.5504378080368042
39048,53194,0.4143768548965454,0.6738736629486084,Other,Other,True,0.259496808052063,0.5441253185272217
39048,68308,0.4290131628513336,0.6871166825294495,Other,Other,True,0.25810351967811584,0.5580649375915527
39048,266450,0.6856138706207275,0.504391074180603,Other,Other,True,0.1812227964401245,0.5950025320053101
39048,307634,0.6814202666282654,0.4986671805381775,Other,Other,True,0.1827530860900879,0.5900437831878662
39048,310498,0.6484972238540649,0.46577125787734985,Other,Other,True,0.1827259659767151,0.5571342706680298
39048,312336,0.7047977447509766,0.4967459440231323,Other,Other,True,0.20805180072784424,0.6007718443870544
39048,436482,0.3054927587509155,0.6854438185691833,Other,Other,True,0.3799510598182678,0.4954683184623718
39054,53194,0.40751513838768005,0.6628535985946655,Other,Other,True,0.2553384602069855,0.535184383392334
39054,68308,0.4376036524772644,0.6619102954864502,Other,Other,True,0.2243066430091858,0.5497570037841797
39054,310498,0.6374738216400146,0.49959611892700195,Other,Other,True,0.1378777027130127,0.5685349702835083
39054,313256,0.6872435212135315,0.5082024335861206,Other,Other,True,0.1790410876274109,0.5977230072021484
39054,436482,0.30491209030151367,0.6956339478492737,Other,Other,True,0.39072185754776,0.5002730488777161
39054,436513,0.27779853343963623,0.6593143939971924,Other,Other,True,0.38151586055755615,0.4685564637184143
39092,39482,0.41530680656433105,0.664883553981781,Other,Other,True,0.24957674741744995,0.5400952100753784
39092,40513,0.3357127010822296,0.6692276000976562,Other,Other,True,0.33351489901542664,0.5024701356887817
39092,53180,0.40956825017929077,0.6603264212608337,Other,Other,True,0.25075817108154297,0.534947395324707
39092,309227,0.424969881772995,0.6892495155334473,Other,Other,True,0.26427963376045227,0.5571097135543823
39092,325818,0.3878152072429657,0.6867613196372986,Other,Other,True,0.2989461123943329,0.537288248538971
39134,197460,0.6381434202194214,0.43743324279785156,Other,Other,True,0.20071017742156982,0.5377883911132812
39134,201718,0.623536229133606,0.48911526799201965,Other,Other,True,0.1344209611415863,0.5563257932662964
39134,203915,0.7353986501693726,0.4883943498134613,Other,Other,True,0.24700430035591125,0.6118965148925781
39134,207157,0.6581991910934448,0.48250219225883484,Other,Other,True,0.17569699883460999,0.5703507661819458
39134,236643,0.666561484336853,0.5032225847244263,Other,Other,True,0.16333889961242676,0.5848920941352844
39134,237451,0.6581991910934448,0.48250219225883484,Other,Other,True,0.17569699883460999,0.5703507661819458
39134,312694,0.6290620565414429,0.4074006676673889,Other,Other,True,0.22166138887405396,0.5182313919067383
39134,313658,0.74803227186203,0.4796144962310791,Other,Other,True,0.2684177756309509,0.6138234734535217
39134,315735,0.6825190782546997,0.43787217140197754,Other,Other,True,0.24464690685272217,0.5601956844329834
39134,317802,0.6789271831512451,0.46299809217453003,Other,Other,True,0.2159290909767151,0.57096266746521
39134,317803,0.6253077983856201,0.49457794427871704,Other,Other,True,0.13072985410690308,0.5599429607391357
39134,452211,0.6528617143630981,0.45426422357559204,Other,Other,True,0.1985974907875061,0.5535629987716675
39482,68308,0.3436968922615051,0.7404624819755554,Other,Other,True,0.3967655897140503,0.5420796871185303
39482,68310,0.40048748254776,0.7587476968765259,Other,Other,True,0.35826021432876587,0.5796176195144653
39482,78257,0.4389275312423706,0.6717149615287781,Other,Other,True,0.23278743028640747,0.555321216583252
39482,320962,0.420728862285614,0.6804314851760864,Other,Other,True,0.2597026228904724,0.5505802035331726
39482,451725,0.625748336315155,0.4405823349952698,Other,Other,True,0.18516600131988525,0.5331653356552124
39569,41865,0.36050155758857727,0.6625831723213196,East_Asia,Other,False,0.3020816147327423,0.5115423798561096
39569,53167,0.4362339973449707,0.6745848655700684,East_Asia,Other,False,0.23835086822509766,0.5554094314575195
39569,68308,0.3859368562698364,0.65787273645401,East_Asia,Other,False,0.2719358801841736,0.5219048261642456
39569,68310,0.37003064155578613,0.6633369326591492,East_Asia,Other,False,0.29330629110336304,0.51668381690979
39569,453975,0.6709953546524048,0.4422120153903961,East_Asia,South_Asia,False,0.22878333926200867,0.556603729724884
39569,454357,0.7079406976699829,0.49025800824165344,East_Asia,South_Asia,False,0.21768268942832947,0.5990993976593018
39569,454359,0.6721152067184448,0.48444244265556335,East_Asia,South_Asia,False,0.18767276406288147,0.5782787799835205
39569,503651,0.3271324038505554,0.698411762714386,East_Asia,East_Asia,True,0.37127935886383057,0.5127720832824707
39742,53650,0.3338896632194519,0.6716429591178894,Other,Other,True,0.3377532958984375,0.5027663707733154
39742,503651,0.40933096408843994,0.6712881326675415,Other,East_Asia,False,0.26195716857910156,0.5403095483779907
39895,41865,0.4191465377807617,0.7441065311431885,Other,Other,True,0.32495999336242676,0.5816265344619751
39895,53167,0.4062185287475586,0.6590879559516907,Other,Other,True,0.2528694272041321,0.532653272151947
39895,68308,0.3752800226211548,0.6727052330970764,Other,Other,True,0.29742521047592163,0.523992657661438
39895,68310,0.38303107023239136,0.7113230228424072,Other,Other,True,0.32829195261001587,0.5471770763397217
39895,309540,0.4062359929084778,0.6607320308685303,Other,Other,True,0.2544960379600525,0.5334840416908264
39895,313289,0.39549610018730164,0.6573362946510315,Other,Other,True,0.26184019446372986,0.5264161825180054
39895,323479,0.3672184944152832,0.6698809862136841,Other,Other,True,0.3026624917984009,0.5185497999191284
39895,503651,0.33901429176330566,0.7414122819900513,Other,East_Asia,False,0.4023979902267456,0.5402133464813232
39901,313289,0.43753498792648315,0.6570417881011963,Other,Other,True,0.21950680017471313,0.5472882986068726
39901,503651,0.4177234172821045,0.7030419111251831,Other,East_Asia,False,0.2853184938430786,0.5603826642036438
39931,41865,0.4070233702659607,0.7367929220199585,Other,Other,True,0.3297695517539978,0.571908175945282
39931,435844,0.4337843060493469,0.6609349846839905,Other,Other,True,0.22715067863464355,0.5473597049713135
39931,448183,0.6360490322113037,0.507651150226593,Other,South_Asia,False,0.1283978819847107,0.5718501806259155
39931,451725,0.643815279006958,0.5035878419876099,Other,Other,True,0.14022743701934814,0.5737015604972839
39931,503651,0.3382128179073334,0.6627439856529236,Other,East_Asia,False,0.3245311677455902,0.5004783868789673
39959,41865,0.44174546003341675,0.726920485496521,Other,Other,True,0.28517502546310425,0.5843329429626465
39959,53176,0.4368746280670166,0.6568002700805664,Other,Other,True,0.2199256420135498,0.5468374490737915
39959,68308,0.42635124921798706,0.6612036228179932,Other,Other,True,0.2348523736000061,0.5437774658203125
39959,68310,0.42135897278785706,0.6822176575660706,Other,Other,True,0.2608586847782135,0.551788330078125
39959,503651,0.3054700195789337,0.6623483896255493,Other,East_Asia,False,0.3568783700466156,0.4839091897010803
40080,451287,0.6477332711219788,0.47551751136779785,Other,South_Asia,False,0.1722157597541809,0.5616253614425659
40080,451725,0.6213405132293701,0.4450952410697937,Other,Other,True,0.17624527215957642,0.5332179069519043
40080,454353,0.6306954622268677,0.42405664920806885,Other,South_Asia,False,0.20663881301879883,0.527376115322113
40282,68308,0.31492695212364197,0.6633861064910889,Other,Other,True,0.3484591543674469,0.4891565442085266
40282,68310,0.3719247579574585,0.6713635921478271,Other,Other,True,0.29943883419036865,0.521644115447998
40282,436896,0.6461893320083618,0.38377952575683594,Other,Other,True,0.2624098062515259,0.5149843692779541
40282,451308,0.7349938154220581,0.4312898814678192,Other,Other,True,0.3037039339542389,0.5831418633460999
40513,53167,0.4337898790836334,0.6778457164764404,Other,Other,True,0.244055837392807,0.555817723274231
40513,53625,0.3675559163093567,0.6566218733787537,Other,Other,True,0.289065957069397,0.5120888948440552
40513,68308,0.38254261016845703,0.6790581941604614,Other,Other,True,0.2965155839920044,0.530800461769104
40513,68310,0.4024093747138977,0.7360948324203491,Other,Other,True,0.3336854577064514,0.5692521333694458
40513,313289,0.3804479241371155,0.6576693654060364,Other,Other,True,0.2772214412689209,0.5190585851669312
40513,323479,0.3879375457763672,0.665104866027832,Other,Other,True,0.27716732025146484,0.5265212059020996
40513,503651,0.3147578835487366,0.6992095112800598,Other,East_Asia,False,0.38445162773132324,0.5069836974143982
41865,44759,0.40203720331192017,0.7274730205535889,Other,Other,True,0.3254358172416687,0.5647551417350769
41865,53194,0.36242759227752686,0.6660329103469849,Other,Other,True,0.303605318069458,0.5142302513122559
41865,53427,0.3450905680656433,0.6550204753875732,Other,Other,True,0.30992990732192993,0.5000554919242859
41865,53660,0.38193270564079285,0.6671285629272461,Other,Other,True,0.28519585728645325,0.5245305895805359
41865,60435,0.3998209834098816,0.6844334602355957,Other,Other,True,0.2846124768257141,0.542127251625061
41865,60451,0.41051220893859863,0.675104558467865,Other,Other,True,0.26459234952926636,0.5428084135055542
41865,60470,0.42377424240112305,0.7031092643737793,Other,Other,True,0.27933502197265625,0.5634417533874512
41865,193451,0.6356140375137329,0.42166653275489807,Other,Other,True,0.21394750475883484,0.5286402702331543
41865,266450,0.6470897197723389,0.42004483938217163,Other,Other,True,0.22704488039016724,0.5335672497749329
42188,68310,0.3834560215473175,0.670303225517273,Other,Other,True,0.28684720396995544,0.5268796682357788
42188,200840,0.6357831954956055,0.3931776285171509,Other,Other,True,0.2426055669784546,0.514480471611023
42188,309519,0.6213257312774658,0.41721111536026,Other,Other,True,0.2041146159172058,0.5192685127258301
42188,312336,0.623593270778656,0.45361602306365967,Other,Other,True,0.16997724771499634,0.5386046767234802
42188,503651,0.42874860763549805,0.6640795469284058,Other,East_Asia,False,0.23533093929290771,0.5464140772819519
42733,68308,0.3418915271759033,0.6801305413246155,Other,Other,True,0.33823901414871216,0.511011004447937
42733,68310,0.40133535861968994,0.713363766670227,Other,Other,True,0.3120284080505371,0.5573495626449585
42733,310542,0.649825394153595,0.4979163706302643,Other,Other,True,0.1519090235233307,0.5738708972930908
42733,312336,0.7569034695625305,0.4671992361545563,Other,Other,True,0.28970423340797424,0.6120513677597046
42733,315735,0.6388031244277954,0.3866093158721924,Other,Other,True,0.252193808555603,0.5127062201499939
42733,318622,0.6459023952484131,0.4634498059749603,Other,Other,True,0.18245258927345276,0.5546761155128479
42733,446563,0.437412828207016,0.6671339273452759,Other,South_Asia,False,0.2297210991382599,0.5522733926773071
44759,53167,0.4169365167617798,0.6665934324264526,Other,Other,True,0.24965691566467285,0.5417649745941162
44759,451270,0.4364212155342102,0.6609069108963013,Other,South_Asia,False,0.22448569536209106,0.5486640930175781
44759,503651,0.37821120023727417,0.6879845261573792,Other,East_Asia,False,0.309773325920105,0.5330978631973267
45449,53190,0.6299992203712463,0.49387577176094055,Other,Other,True,0.1361234486103058,0.5619376301765442
45449,308565,0.6438604593276978,0.5063874125480652,Other,Other,True,0.13747304677963257,0.5751240253448486
45449,309519,0.6263058185577393,0.45756611227989197,Other,Other,True,0.1687397062778473,0.5419360399246216
45449,310542,0.6589726209640503,0.45615023374557495,Other,Other,True,0.20282238721847534,0.557561457157135
45449,312336,0.7655172348022461,0.4866671562194824,Other,Other,True,0.27885007858276367,0.6260923147201538
45449,313256,0.6774271726608276,0.48235997557640076,Other,Other,True,0.19506719708442688,0.5798936486244202
45449,313658,0.7062839269638062,0.49964022636413574,Other,Other,True,0.2066437005996704,0.6029622554779053
49068,68308,0.44124147295951843,0.6836517453193665,Other,Other,True,0.24241027235984802,0.5624465942382812
49068,68310,0.42041653394699097,0.6986693739891052,Other,Other,True,0.27825284004211426,0.5595429539680481
49068,451725,0.6246364712715149,0.4403350055217743,Other,Other,True,0.1843014657497406,0.5324857831001282
53013,228990,0.6389445066452026,0.49566447734832764,Other,Other,True,0.143280029296875,0.5673044323921204
53013,454353,0.6310075521469116,0.4880217909812927,Other,South_Asia,False,0.1429857611656189,0.5595146417617798
53158,53226,0.41107624769210815,0.6664023399353027,Other,Other,True,0.2553260922431946,0.5387393236160278
53158,53427,0.4316953420639038,0.6719132661819458,Other,Other,True,0.240217924118042,0.5518043637275696
53158,68310,0.4378690719604492,0.6715313196182251,Other,Other,True,0.23366224765777588,0.5547001957893372
53158,78145,0.442488431930542,0.7065532207489014,Other,Other,True,0.2640647888183594,0.5745208263397217
53158,192770,0.6814395785331726,0.5066301822662354,Other,Other,True,0.17480939626693726,0.5940349102020264
53158,307598,0.6684895753860474,0.4922615587711334,Other,Other,True,0.17622801661491394,0.580375611782074
53158,307599,0.6716768741607666,0.4716901481151581,Other,Other,True,0.19998672604560852,0.5716835260391235
53158,307634,0.6624642014503479,0.5055493116378784,Other,Other,True,0.15691488981246948,0.5840067863464355
53158,312336,0.6412997245788574,0.43290936946868896,Other,Other,True,0.20839035511016846,0.537104606628418
53158,436482,0.3718479573726654,0.6770579218864441,Other,Other,True,0.3052099645137787,0.5244529247283936
53158,450761,0.6600533723831177,0.490712970495224,Other,Other,True,0.16934040188789368,0.5753832459449768
53162,53427,0.405534029006958,0.7184791564941406,Other,Other,True,0.3129451274871826,0.5620065927505493
53162,53892,0.39552682638168335,0.7058749198913574,Other,Other,True,0.3103480935096741,0.5507009029388428
53162,68308,0.37037721276283264,0.6571811437606812,Other,Other,True,0.2868039309978485,0.5137791633605957
53162,68310,0.4080406129360199,0.6966828107833862,Other,Other,True,0.28864219784736633,0.5523617267608643
53162,307599,0.6408464312553406,0.5052608251571655,Other,Other,True,0.13558560609817505,0.5730535984039307
53162,309519,0.7129505276679993,0.46260887384414673,Other,Other,True,0.25034165382385254,0.5877797603607178
53162,310480,0.742478609085083,0.5060726404190063,Other,Other,True,0.23640596866607666,0.6242756247520447
53162,313325,0.6752541065216064,0.5058241486549377,Other,Other,True,0.1694299578666687,0.5905391573905945
53162,313398,0.6721721887588501,0.45220857858657837,Other,Other,True,0.21996361017227173,0.5621904134750366
53162,315735,0.6352304816246033,0.45933979749679565,Other,Other,True,0.17589068412780762,0.5472851991653442
53162,316274,0.650165319442749,0.4718196988105774,Other,Other,True,0.17834562063217163,0.5609925389289856
53162,317802,0.6704878807067871,0.3475777208805084,Other,Other,True,0.3229101598262787,0.5090328454971313
53162,317877,0.6198052167892456,0.4186398386955261,Other,Other,True,0.20116537809371948,0.5192224979400635
53162,318622,0.7398539185523987,0.4752073884010315,Other,Other,True,0.2646465301513672,0.6075305938720703
53162,322619,0.6502625942230225,0.45509862899780273,Other,Other,True,0.19516396522521973,0.5526806712150574
53162,322973,0.6199454665184021,0.4938594102859497,Other,Other,True,0.1260860562324524,0.5569024085998535
53165,53427,0.42939507961273193,0.6941065788269043,Other,Other,True,0.26471149921417236,0.5617508888244629
53165,68308,0.33547693490982056,0.707543671131134,Other,Other,True,0.3720667362213135,0.5215103030204773
53165,68310,0.3906221389770508,0.7145580649375916,Other,Other,True,0.32393592596054077,0.5525901317596436
53165,307598,0.6261930465698242,0.4267193377017975,Other,Other,True,0.19947370886802673,0.5264562368392944
53165,307599,0.6239424347877502,0.4163546562194824,Other,Other,True,0.20758777856826782,0.5201486349105835
53165,307634,0.7099051475524902,0.4679422378540039,Other,Other,True,0.24196290969848633,0.5889236927032471
53165,308565,0.6499999761581421,0.46186527609825134,Other,Other,True,0.18813470005989075,0.5559326410293579
53165,309519,0.710098385810852,0.4127289056777954,Other,Other,True,0.29736948013305664,0.5614136457443237
53165,310480,0.7386536598205566,0.41347625851631165,Other,Other,True,0.325177401304245,0.5760648846626282
53165,310498,0.7196382284164429,0.45372939109802246,Other,Other,True,0.2659088373184204,0.5866838693618774
53165,310542,0.6856698393821716,0.4482589364051819,Other,Other,True,0.23741090297698975,0.5669643878936768
53165,310552,0.6846128702163696,0.4358840584754944,Other,Other,True,0.24872881174087524,0.5602484941482544
53165,310681,0.7301535606384277,0.41498324275016785,Other,Other,True,0.3151703178882599,0.5725684762001038
53165,312336,0.7984609603881836,0.4659753441810608,Other,Other,True,0.3324856162071228,0.6322182416915894
53165,312581,0.6817561984062195,0.42036744952201843,Other,Other,True,0.26138874888420105,0.5510618686676025
53165,312807,0.715921938419342,0.4908902049064636,Other,Other,True,0.22503173351287842,0.6034060716629028
53165,313256,0.7823363542556763,0.47894051671028137,Other,Other,True,0.3033958375453949,0.6306384801864624
53165,313262,0.7380138635635376,0.48194921016693115,Other,Other,True,0.25606465339660645,0.6099815368652344
53165,314217,0.6303784847259521,0.48470404744148254,Other,Other,True,0.1456744372844696,0.5575413107872009
53165,314518,0.6589680910110474,0.40290510654449463,Other,Other,True,0.25606298446655273,0.530936598777771
53165,316304,0.636763334274292,0.4361347258090973,Other,Other,True,0.2006286084651947,0.5364490747451782
53165,316846,0.6914006471633911,0.49372851848602295,Other,Other,True,0.19767212867736816,0.592564582824707
53165,317802,0.6759981513023376,0.36016178131103516,Other,Other,True,0.3158363699913025,0.5180799961090088
53165,318345,0.740931510925293,0.49238723516464233,Other,Other,True,0.24854427576065063,0.61665940284729
53165,318622,0.7087700366973877,0.4239048957824707,Other,Other,True,0.284865140914917,0.5663374662399292
53165,320347,0.6937944293022156,0.46376222372055054,Other,Other,True,0.23003220558166504,0.5787783265113831
53165,448959,0.7164146304130554,0.48443788290023804,Other,Other,True,0.23197674751281738,0.6004262566566467
53167,53194,0.43958979845046997,0.7461861371994019,Other,Other,True,0.3065963387489319,0.5928879976272583
53167,53427,0.3773694634437561,0.7420419454574585,Other,Other,True,0.3646724820137024,0.5597057342529297
53167,53650,0.41734910011291504,0.6847542524337769,Other,Other,True,0.2674051523208618,0.551051676273346
53167,53660,0.43790876865386963,0.7585562467575073,Other,Other,True,0.3206474781036377,0.5982325077056885
53167,53892,0.4141439199447632,0.7348138093948364,Other,Other,True,0.32066988945007324,0.5744788646697998
53167,60435,0.38420236110687256,0.7039890885353088,Other,Other,True,0.3197867274284363,0.5440957546234131
53167,60437,0.43508175015449524,0.6723931431770325,Other,Other,True,0.23731139302253723,0.5537374019622803
53167,60451,0.4401215612888336,0.7447596192359924,Other,Other,True,0.3046380579471588,0.5924406051635742
53167,60470,0.4148637652397156,0.7230294346809387,Other,Other,True,0.30816566944122314,0.5689465999603271
53167,68308,0.39307528734207153,0.6644631624221802,Other,Other,True,0.27138787508010864,0.5287692546844482
53167,73540,0.372206449508667,0.7078473567962646,Other,Other,True,0.33564090728759766,0.5400269627571106
53167,453193,0.3903017044067383,0.6587951183319092,Other,South_Asia,False,0.2684934139251709,0.5245484709739685
53176,53194,0.4370036721229553,0.6979928016662598,Other,Other,True,0.26098912954330444,0.5674982070922852
53176,53427,0.40396732091903687,0.7025735378265381,Other,Other,True,0.2986062169075012,0.5532704591751099
53176,53429,0.4048469662666321,0.6849963665008545,Other,Other,True,0.2801494002342224,0.5449216365814209
53176,53892,0.3775917887687683,0.7015978693962097,Other,Other,True,0.3240060806274414,0.5395948886871338
53176,60435,0.4399986267089844,0.6556974649429321,Other,Other,True,0.21569883823394775,0.5478480458259583
53176,68310,0.3773399293422699,0.6876821517944336,Other,Other,True,0.3103422224521637,0.5325110554695129
53176,308565,0.6200277209281921,0.5004491806030273,Other,Other,True,0.1195785403251648,0.5602384805679321
53176,310480,0.6473610997200012,0.5066596269607544,Other,Other,True,0.14070147275924683,0.5770103931427002
53176,312336,0.7257614135742188,0.4334050416946411,Other,Other,True,0.29235637187957764,0.5795832276344299
53176,313256,0.6976686716079712,0.5064743757247925,Other,Other,True,0.1911942958831787,0.6020715236663818
53176,446563,0.4163667559623718,0.6637626886367798,Other,South_Asia,False,0.24739593267440796,0.5400646924972534
53176,447298,0.4291686415672302,0.6601541638374329,Other,South_Asia,False,0.23098552227020264,0.5446614027023315
53180,53625,0.40046221017837524,0.6562538146972656,Other,Other,True,0.2557916045188904,0.5283580422401428
53180,68308,0.4078183174133301,0.7765339016914368,Other,Other,True,0.3687155842781067,0.592176079750061
53180,68310,0.4279889464378357,0.7850099205970764,Other,Other,True,0.3570209741592407,0.606499433517456
53187,446561,0.6695250272750854,0.4975297451019287,Other,South_Asia,False,0.17199528217315674,0.5835273265838623
53187,447752,0.6929716467857361,0.5043463706970215,Other,South_Asia,False,0.1886252760887146,0.5986590385437012
53187,448938,0.6465706825256348,0.5039461255073547,Other,Other,True,0.14262455701828003,0.5752584934234619
53187,451308,0.6753580570220947,0.4817928969860077,Other,Other,True,0.19356516003608704,0.5785754919052124
53187,451725,0.7058795690536499,0.4857417643070221,Other,Other,True,0.2201378047466278,0.5958107113838196
53189,53625,0.43593940138816833,0.6631025075912476,Other,Other,True,0.22716310620307922,0.5495209693908691
53189,347927,0.6577001810073853,0.46347177028656006,Other,East_Asia,False,0.1942284107208252,0.5605859756469727
53189,437654,0.6198544502258301,0.5060007572174072,Other,Other,True,0.11385369300842285,0.5629276037216187
53189,448280,0.679160475730896,0.5061005353927612,Other,Other,True,0.17305994033813477,0.5926303863525391
53189,451302,0.6386460065841675,0.484282910823822,Other,Other,True,0.15436309576034546,0.5614644885063171
53189,451725,0.7506411671638489,0.4755110740661621,Other,Other,True,0.27513009309768677,0.6130760908126831
53189,453317,0.6510142683982849,0.4022441506385803,Other,Other,True,0.2487701177597046,0.5266292095184326
53190,53237,0.4109078049659729,0.7107789516448975,Other,Other,True,0.29987114667892456,0.5608434677124023
53190,53429,0.4293971657752991,0.6570972204208374,Other,Other,True,0.22770005464553833,0.5432472229003906
53190,53892,0.3771743178367615,0.7105340957641602,Other,Other,True,0.3333597779273987,0.5438542366027832
53190,207157,0.6283317804336548,0.450340211391449,Other,Other,True,0.1779915690422058,0.539336085319519
53190,236643,0.6237155795097351,0.48617374897003174,Other,Other,True,0.13754183053970337,0.554944634437561
53190,237451,0.6283317804336548,0.450340211391449,Other,Other,True,0.1779915690422058,0.539336085319519
53190,266450,0.6240928769111633,0.5024397373199463,Other,Other,True,0.12165313959121704,0.5632663369178772
53190,310480,0.6406399011611938,0.4619532823562622,Other,Other,True,0.17868661880493164,0.5512965321540833
53190,310542,0.7137534022331238,0.5053472518920898,Other,Other,True,0.20840615034103394,0.6095503568649292
53190,313262,0.6382498741149902,0.4870254397392273,Other,Other,True,0.15122443437576294,0.5626376867294312
53190,320347,0.6802657842636108,0.48118364810943604,Other,Other,True,0.1990821361541748,0.5807247161865234
53190,448959,0.6355642676353455,0.44715219736099243,Other,Other,True,0.18841207027435303,0.5413581728935242
53205,451725,0.670169472694397,0.48738861083984375,Other,Other,True,0.18278086185455322,0.5787790417671204
53205,453317,0.72708660364151,0.4169127643108368,Other,Other,True,0.3101738393306732,0.571999728679657
53226,68310,0.4364408254623413,0.6922394633293152,Other,Other,True,0.2557986378669739,0.5643402338027954
53226,451308,0.6666332483291626,0.5084967613220215,Other,Other,True,0.1581364870071411,0.5875650644302368
53237,68310,0.35723167657852173,0.6797360181808472,Other,Other,True,0.32250434160232544,0.5184838771820068
53237,448587,0.64197838306427,0.46481844782829285,Other,South_Asia,False,0.17715993523597717,0.5533984303474426
53238,451308,0.6572262048721313,0.47779279947280884,Other,Other,True,0.1794334053993225,0.5675095915794373
53241,61658,0.4232436418533325,0.69362473487854,Other,Other,True,0.2703810930252075,0.558434247970581
53241,451725,0.6384265422821045,0.4579817056655884,Other,Other,True,0.1804448366165161,0.5482041835784912
53242,454353,0.6285759210586548,0.4874298572540283,Other,South_Asia,False,0.14114606380462646,0.5580029487609863
53408,451725,0.6799256801605225,0.46348217129707336,Other,Other,True,0.2164435088634491,0.5717039704322815
53408,454353,0.6362624168395996,0.4542902112007141,Other,South_Asia,False,0.1819722056388855,0.5452763438224792
53427,53625,0.3297848403453827,0.683304488658905,Other,Other,True,0.35351964831352234,0.5065447092056274
53427,61658,0.4183696508407593,0.7035903930664062,Other,Other,True,0.285220742225647,0.5609800815582275
53427,68308,0.294377863407135,0.6845139861106873,Other,Other,True,0.39013612270355225,0.4894459843635559
53427,68310,0.2971799969673157,0.7045086622238159,Other,Other,True,0.40732866525650024,0.5008443593978882
53427,76084,0.43901580572128296,0.7525745630264282,Other,Other,True,0.31355875730514526,0.595795214176178
53427,309540,0.3394348919391632,0.6921553015708923,Other,Other,True,0.3527204096317291,0.515795111656189
53427,310364,0.39369654655456543,0.6592930555343628,Other,Other,True,0.26559650897979736,0.5264948010444641
53427,313289,0.30006563663482666,0.7097200751304626,Other,Other,True,0.409654438495636,0.5048928260803223
53427,313511,0.37182238698005676,0.6569599509239197,Other,Other,True,0.2851375639438629,0.5143911838531494
53427,451725,0.683281421661377,0.47978755831718445,Other,Other,True,0.2034938633441925,0.5815345048904419
53427,453312,0.3031338155269623,0.6627663373947144,Other,Other,True,0.3596325218677521,0.4829500615596771
53428,451725,0.6286728382110596,0.42371129989624023,Other,Other,True,0.20496153831481934,0.5261920690536499
53438,266450,0.6400734782218933,0.49898242950439453,Other,Other,True,0.14109104871749878,0.5695279836654663
53438,310542,0.6313188076019287,0.5068129897117615,Other,Other,True,0.12450581789016724,0.5690659284591675
53438,436896,0.6236494183540344,0.48956719040870667,Other,Other,True,0.13408222794532776,0.5566083192825317
53455,68310,0.43464815616607666,0.6784130334854126,Other,Other,True,0.24376487731933594,0.5565305948257446
53455,451308,0.6504441499710083,0.48435866832733154,Other,Other,True,0.16608548164367676,0.5674014091491699
53455,451725,0.6444051861763,0.42736461758613586,Other,Other,True,0.21704056859016418,0.5358849167823792
53625,53660,0.38717037439346313,0.6866108775138855,Other,Other,True,0.29944050312042236,0.5368906259536743
53625,60451,0.43477821350097656,0.6652287244796753,Other,Other,True,0.23045051097869873,0.5500034689903259
53625,73540,0.3238140344619751,0.6614428758621216,Other,Other,True,0.3376288414001465,0.49262845516204834
53625,307598,0.6265275478363037,0.4039512574672699,Other,Other,True,0.2225762903690338,0.5152394771575928
53625,307599,0.6368006467819214,0.3935732841491699,Other,Other,True,0.24322736263275146,0.5151869654655457
53625,310681,0.6399936079978943,0.4781852960586548,Other,Other,True,0.1618083119392395,0.5590895414352417
53625,313325,0.7406812906265259,0.4967072010040283,Other,Other,True,0.24397408962249756,0.6186942458152771
53625,315735,0.6414746046066284,0.4054139256477356,Other,Other,True,0.23606067895889282,0.5234442353248596
53625,317760,0.6526893377304077,0.4890478253364563,Other,Other,True,0.16364151239395142,0.5708685517311096
53625,317802,0.8258246779441833,0.4835522472858429,Other,Other,True,0.34227243065834045,0.6546884775161743
53625,320347,0.6698623299598694,0.5063033103942871,Other,Other,True,0.16355901956558228,0.5880827903747559
53625,322619,0.6261105537414551,0.4041944146156311,Other,Other,True,0.22191613912582397,0.5151524543762207
53625,324599,0.6414263248443604,0.4872737228870392,Other,Other,True,0.15415260195732117,0.5643500685691833
53650,313511,0.6646738052368164,0.4879681468009949,Other,Other,True,0.17670565843582153,0.576321005821228
53660,68308,0.37839943170547485,0.7327461242675781,Other,Other,True,0.35434669256210327,0.5555728077888489
53660,68310,0.3577316999435425,0.7440460920333862,Other,Other,True,0.38631439208984375,0.5508889555931091
53660,313289,0.3899390697479248,0.6769345998764038,Other,Other,True,0.286995530128479,0.5334367752075195
53892,76084,0.42661112546920776,0.7216012477874756,Other,Other,True,0.2949901223182678,0.5741062164306641
53892,316813,0.3489285111427307,0.6801673173904419,Other,Other,True,0.3312388062477112,0.5145479440689087
57249,68308,0.4165354371070862,0.6822603940963745,Other,Other,True,0.26572495698928833,0.549397885799408
57249,68310,0.39943864941596985,0.6619164943695068,Other,Other,True,0.262477844953537,0.5306775569915771
57249,451725,0.6416009068489075,0.4886927306652069,Other,Other,True,0.15290817618370056,0.565146803855896
57363,454353,0.6663083434104919,0.5045019388198853,Other,South_Asia,False,0.1618064045906067,0.5854051113128662
57573,310542,0.6235852241516113,0.4480297565460205,Other,Other,True,0.17555546760559082,0.5358074903488159
57573,312336,0.631658673286438,0.3798924386501312,Other,Other,True,0.25176623463630676,0.5057755708694458
57573,313325,0.6314043998718262,0.4861360192298889,Other,Other,True,0.14526838064193726,0.5587701797485352
60435,68310,0.4278424084186554,0.6927975416183472,Other,Other,True,0.2649551331996918,0.5603200197219849
60435,454353,0.6250426173210144,0.4887754023075104,Other,South_Asia,False,0.13626721501350403,0.5569090247154236
60437,347927,0.6494457721710205,0.4189625382423401,Other,East_Asia,False,0.23048323392868042,0.5342041850090027
60437,451308,0.6421396136283875,0.43702131509780884,Other,Other,True,0.2051182985305786,0.5395804643630981
60437,451725,0.652766764163971,0.4925054907798767,Other,Other,True,0.16026127338409424,0.5726361274719238
60451,451308,0.6362083554267883,0.5072087049484253,Other,Other,True,0.12899965047836304,0.5717085599899292
60470,68310,0.42492789030075073,0.7016971111297607,Other,Other,True,0.27676922082901,0.5633124113082886
61532,310542,0.6651608943939209,0.4958062469959259,Other,Other,True,0.169354647397995,0.580483615398407
61532,312336,0.6330931186676025,0.4093221127986908,Other,Other,True,0.22377100586891174,0.5212076306343079
61532,322619,0.6514031887054443,0.46245816349983215,Other,Other,True,0.18894502520561218,0.556930661201477
61532,322621,0.6477316617965698,0.46245816349983215,Other,Other,True,0.18527349829673767,0.5550948977470398
61532,322973,0.647213339805603,0.5047879219055176,Other,Other,True,0.14242541790008545,0.5760005712509155
61532,450761,0.6263508200645447,0.4934700131416321,Other,Other,True,0.1328808069229126,0.5599104166030884
61658,68308,0.3081435561180115,0.6557019352912903,Other,Other,True,0.3475583791732788,0.48192277550697327
61658,68310,0.35884255170822144,0.6842647790908813,Other,Other,True,0.3254222273826599,0.5215536952018738
61658,73540,0.42498448491096497,0.6617501974105835,Other,Other,True,0.23676571249961853,0.5433673858642578
61658,316847,0.39389699697494507,0.6620382070541382,Other,Other,True,0.2681412100791931,0.5279676914215088
61658,320054,0.42875516414642334,0.6601588129997253,Other,Other,True,0.231403648853302,0.5444570183753967
61820,68308,0.34556812047958374,0.6820886731147766,Other,Other,True,0.33652055263519287,0.5138283967971802
61820,194191,0.6400339007377625,0.3980768918991089,Other,Other,True,0.24195700883865356,0.5190554261207581
61820,207157,0.6276940703392029,0.4936848282814026,Other,Other,True,0.1340092420578003,0.5606894493103027
61820,237451,0.6276940703392029,0.4936848282814026,Other,Other,True,0.1340092420578003,0.5606894493103027
61820,239512,0.6439896821975708,0.4603303074836731,Other,Other,True,0.1836593747138977,0.5521600246429443
61820,307598,0.6259408593177795,0.40787601470947266,Other,Other,True,0.21806484460830688,0.5169084668159485
61820,308565,0.6500914096832275,0.5018981695175171,Other,Other,True,0.14819324016571045,0.5759948492050171
61820,309411,0.6305968761444092,0.4945610761642456,Other,Other,True,0.13603579998016357,0.5625790357589722
61820,309519,0.7048823833465576,0.4411587417125702,Other,Other,True,0.2637236416339874,0.5730205774307251
61820,310542,0.741895318031311,0.4846847355365753,Other,Other,True,0.2572105824947357,0.613290011882782
61820,310681,0.6604956388473511,0.4035933017730713,Other,Other,True,0.2569023370742798,0.532044529914856
61820,311159,0.6703189015388489,0.49334657192230225,Other,Other,True,0.17697232961654663,0.581832766532898
61820,312336,0.7375404834747314,0.4600057005882263,Other,Other,True,0.2775347828865051,0.5987731218338013
61820,312581,0.6751521825790405,0.4747462570667267,Other,Other,True,0.20040592551231384,0.5749491453170776
61820,312694,0.6823214292526245,0.27527034282684326,Other,Other,True,0.40705108642578125,0.4787958860397339
61820,313256,0.6998535990715027,0.4748721718788147,Other,Other,True,0.224981427192688,0.5873628854751587
61820,313398,0.6902153491973877,0.4979824125766754,Other,Other,True,0.19223293662071228,0.5940989255905151
61820,315735,0.7017607092857361,0.41497910022735596,Other,Other,True,0.2867816090583801,0.5583698749542236
61820,316427,0.6593300104141235,0.4709438681602478,Other,Other,True,0.18838614225387573,0.5651369094848633
61820,316846,0.6499840021133423,0.45851588249206543,Other,Other,True,0.19146811962127686,0.5542500019073486
61820,317802,0.6446331739425659,0.43273162841796875,Other,Other,True,0.21190154552459717,0.5386824607849121
61820,317877,0.6695342063903809,0.4078831076622009,Other,Other,True,0.26165109872817993,0.5387086868286133
61820,318622,0.7194223999977112,0.4459829330444336,Other,Other,True,0.2734394669532776,0.58270263671875
61820,319633,0.637229859828949,0.4661670923233032,Other,Other,True,0.17106276750564575,0.5516985058784485
61820,324599,0.6249556541442871,0.49626898765563965,Other,Other,True,0.12868666648864746,0.5606123208999634
61820,436482,0.40396183729171753,0.6739468574523926,Other,Other,True,0.26998502016067505,0.5389543771743774
61820,454353,0.6417255401611328,0.5052058696746826,Other,South_Asia,False,0.1365196704864502,0.5734657049179077
68308,76084,0.2921263575553894,0.6772737503051758,Other,Other,True,0.3851473927497864,0.484700083732605
68308,78145,0.41174542903900146,0.6814885139465332,Other,Other,True,0.26974308490753174,0.5466169714927673
68310,76084,0.3747495412826538,0.6880300045013428,Other,Other,True,0.31328046321868896,0.5313897728919983
68310,78145,0.43316519260406494,0.6674754619598389,Other,Other,True,0.23431026935577393,0.5503203272819519
68310,205883,0.36693960428237915,0.6565776467323303,Other,Other,True,0.28963804244995117,0.5117586255073547
78257,451262,0.4430217742919922,0.6883939504623413,Other,South_Asia,False,0.24537217617034912,0.5657078623771667
78257,451286,0.4235021471977234,0.7151708006858826,Other,South_Asia,False,0.2916686534881592,0.5693365335464478
192770,322619,0.6540263891220093,0.5040624141693115,Other,Other,True,0.14996397495269775,0.5790444612503052
192770,322621,0.6724234819412231,0.5040624141693115,Other,Other,True,0.16836106777191162,0.5882430076599121
192770,438821,0.4388536810874939,0.6633081436157227,Other,Other,True,0.22445446252822876,0.5510808825492859
193451,310540,0.6710035800933838,0.48183396458625793,Other,Other,True,0.18916961550712585,0.5764188170433044
193451,313325,0.667719304561615,0.42882341146469116,Other,Other,True,0.23889589309692383,0.5482714176177979
193451,318345,0.6728371977806091,0.4763578772544861,Other,Other,True,0.19647932052612305,0.5745975375175476
193451,435864,0.3259468674659729,0.7291172742843628,Other,Other,True,0.4031704068183899,0.5275321006774902
193451,436099,0.3271070718765259,0.7078154683113098,Other,Other,True,0.38070839643478394,0.5174612998962402
193451,436607,0.356240451335907,0.6677034497261047,Other,Other,True,0.31146299839019775,0.5119718909263611
193451,436803,0.3114509582519531,0.6725584268569946,Other,Other,True,0.3611074686050415,0.4920046925544739
193451,437202,0.38212016224861145,0.6604853868484497,Other,Other,True,0.27836522459983826,0.5213028192520142
193451,437936,0.36060503125190735,0.6960762143135071,Other,Other,True,0.33547118306159973,0.5283406376838684
193451,453317,0.44077661633491516,0.6603152751922607,Other,Other,True,0.21953865885734558,0.5505459308624268
194191,239512,0.6318808197975159,0.46154099702835083,Other,Other,True,0.17033982276916504,0.5467109680175781
194191,309389,0.6212781667709351,0.2594904601573944,Other,Other,True,0.36178770661354065,0.4403843879699707
194191,312694,0.7769026160240173,0.42937353253364563,Other,Other,True,0.3475290834903717,0.6031380295753479
194191,316427,0.6344121694564819,0.3817713260650635,Other,Other,True,0.25264084339141846,0.5080917477607727
194191,316436,0.6398715972900391,0.463887482881546,Other,Other,True,0.17598411440849304,0.5518795847892761
194191,316437,0.7447062730789185,0.4731612205505371,Other,Other,True,0.27154505252838135,0.6089338064193726
194191,316691,0.6234934329986572,0.475487619638443,Other,Other,True,0.14800581336021423,0.5494905114173889
194191,322973,0.6265026330947876,0.39839300513267517,Other,Other,True,0.22810962796211243,0.5124477744102478
194191,452211,0.6891093254089355,0.4247947335243225,Other,Other,True,0.26431459188461304,0.5569519996643066
194191,452364,0.6756433248519897,0.48938417434692383,Other,Other,True,0.18625915050506592,0.5825137495994568
194191,454738,0.7277933359146118,0.47039926052093506,Other,South_Asia,False,0.25739407539367676,0.5990962982177734
197460,308565,0.6793940663337708,0.50879967212677,Other,Other,True,0.17059439420700073,0.5940968990325928
197460,310540,0.6298583745956421,0.4886404871940613,Other,Other,True,0.1412178874015808,0.5592495203018188
197460,312336,0.6718561053276062,0.3689132332801819,Other,Other,True,0.3029428720474243,0.520384669303894
197460,435621,0.3552788496017456,0.6618590354919434,Other,Other,True,0.30658018589019775,0.5085690021514893
197460,436658,0.42247167229652405,0.6600567102432251,Other,Other,True,0.23758503794670105,0.5412642955780029
197460,437261,0.3933894634246826,0.6713688969612122,Other,Other,True,0.27797943353652954,0.5323792695999146
197460,437898,0.42313000559806824,0.7150570750236511,Other,Other,True,0.2919270694255829,0.569093644618988
197461,315735,0.6452231407165527,0.4543410539627075,Other,Other,True,0.19088208675384521,0.5497820377349854
197461,436838,0.3996812105178833,0.6597989797592163,Other,Other,True,0.260117769241333,0.5297400951385498
197461,437261,0.383746862411499,0.6878700852394104,Other,Other,True,0.3041232228279114,0.5358084440231323
197461,437868,0.43451982736587524,0.6796046495437622,Other,Other,True,0.24508482217788696,0.5570622086524963
200668,312807,0.6765557527542114,0.5076792240142822,Other,Other,True,0.1688765287399292,0.5921175479888916
200668,313658,0.6470105648040771,0.5034642219543457,Other,Other,True,0.14354634284973145,0.575237512588501
200668,436838,0.4095815122127533,0.6618333458900452,Other,Other,True,0.25225183367729187,0.5357074737548828
200668,437868,0.3533206582069397,0.6723742485046387,Other,Other,True,0.319053590297699,0.5128474235534668
200668,437898,0.43695521354675293,0.7467384338378906,Other,Other,True,0.3097832202911377,0.5918468236923218
200840,282044,0.3562801480293274,0.6702831983566284,Other,Other,True,0.314003050327301,0.5132817029953003
200840,310542,0.6436588168144226,0.4904143810272217,Other,Other,True,0.15324443578720093,0.5670366287231445
200840,314217,0.6758148670196533,0.43646031618118286,Other,Other,True,0.23935455083847046,0.5561375617980957
200840,314518,0.629696249961853,0.46970900893211365,Other,Other,True,0.15998724102973938,0.5497026443481445
200840,318662,0.6454298496246338,0.45683905482292175,Other,Other,True,0.18859079480171204,0.551134467124939
200840,319633,0.6523553133010864,0.45897525548934937,Other,Other,True,0.19338005781173706,0.5556652545928955
200840,322973,0.6516075730323792,0.37098848819732666,Other,Other,True,0.2806190848350525,0.5112979412078857
200840,452211,0.6719734072685242,0.33912843465805054,Other,Other,True,0.33284497261047363,0.5055509209632874
201718,308565,0.643528938293457,0.5067079067230225,Other,Other,True,0.13682103157043457,0.5751185417175293
201718,436838,0.4078201651573181,0.6912180185317993,Other,Other,True,0.2833978533744812,0.5495191216468811
201718,437508,0.40638628602027893,0.6577771902084351,Other,Other,True,0.25139090418815613,0.5320817828178406
201718,437769,0.43632209300994873,0.6925250291824341,Other,Other,True,0.25620293617248535,0.5644236207008362
203915,308565,0.6782971620559692,0.5069789886474609,Other,Other,True,0.1713181734085083,0.5926380157470703
203915,309519,0.6341364979743958,0.4082910418510437,Other,Other,True,0.22584545612335205,0.5212137699127197
203915,310498,0.6649048328399658,0.4692993462085724,Other,Other,True,0.19560548663139343,0.5671020746231079
203915,310542,0.6497507095336914,0.47338563203811646,Other,Other,True,0.17636507749557495,0.5615682005882263
203915,312336,0.7334883213043213,0.4657479524612427,Other,Other,True,0.2677403688430786,0.5996181964874268
203915,313262,0.6552013158798218,0.49033045768737793,Other,Other,True,0.16487085819244385,0.5727659463882446
203915,315735,0.64825439453125,0.46108752489089966,Other,Other,True,0.18716686964035034,0.554671049118042
203915,317802,0.6497014164924622,0.378537654876709,Other,Other,True,0.2711637616157532,0.514119565486908
203915,322973,0.6417359709739685,0.4023262560367584,Other,Other,True,0.23940971493721008,0.5220310688018799
203915,437508,0.42982837557792664,0.6570885181427002,Other,Other,True,0.22726014256477356,0.5434584617614746
204587,325818,0.35181140899658203,0.6753770112991333,Other,Other,True,0.32356560230255127,0.5135942101478577
204587,437061,0.39798280596733093,0.6743854284286499,Other,Other,True,0.27640262246131897,0.5361841917037964
204587,437936,0.415535032749176,0.6656726598739624,Other,Other,True,0.2501376271247864,0.5406038761138916
205883,310513,0.44017475843429565,0.6733653545379639,Other,Other,True,0.2331905961036682,0.5567700862884521
205883,436482,0.33667898178100586,0.6872758269309998,Other,Other,True,0.3505968451499939,0.5119774341583252
205883,446563,0.406604528427124,0.7003767490386963,Other,South_Asia,False,0.29377222061157227,0.5534906387329102
207536,308565,0.7510998845100403,0.48368039727211,Other,Other,True,0.2674194872379303,0.6173902750015259
207536,310542,0.7526341676712036,0.4833393394947052,Other,Other,True,0.2692948281764984,0.6179868578910828
207536,312336,0.6422743797302246,0.4901558458805084,Other,Other,True,0.1521185338497162,0.5662151575088501
207536,313256,0.6207623481750488,0.4984901249408722,Other,Other,True,0.12227222323417664,0.5596263408660889
207536,322973,0.6692541241645813,0.4632035493850708,Other,Other,True,0.2060505747795105,0.5662288069725037
228990,313240,0.6500607132911682,0.47290900349617004,Other,Other,True,0.17715170979499817,0.5614848136901855
228990,322610,0.6569046974182129,0.3635708689689636,Other,Other,True,0.29333382844924927,0.5102377533912659
228990,435678,0.4213443398475647,0.6590604186058044,Other,Other,True,0.23771607875823975,0.5402023196220398
228990,435897,0.390849232673645,0.6685237288475037,Other,Other,True,0.27767449617385864,0.5296865105628967
228990,436099,0.42295342683792114,0.6796475052833557,Other,Other,True,0.25669407844543457,0.5513004064559937
228990,436607,0.43249213695526123,0.6604487895965576,Other,Other,True,0.2279566526412964,0.5464704036712646
228990,437368,0.41719457507133484,0.7288374900817871,Other,Other,True,0.31164291501045227,0.5730160474777222
228990,437769,0.4195622205734253,0.663058340549469,Other,Other,True,0.2434961199760437,0.54131019115448
228990,752005,0.6273253560066223,0.48640936613082886,Other,East_Asia,False,0.14091598987579346,0.5568673610687256
228995,436482,0.3979177176952362,0.6726524829864502,Other,Other,True,0.274734765291214,0.5352851152420044
236643,309519,0.6510722637176514,0.4800459146499634,Other,Other,True,0.171026349067688,0.5655591487884521
236643,310542,0.7012405395507812,0.4898373484611511,Other,Other,True,0.21140319108963013,0.5955389738082886
236643,313256,0.6247873902320862,0.4781947731971741,Other,Other,True,0.1465926170349121,0.5514910817146301
236643,313398,0.6604446768760681,0.46671342849731445,Other,Other,True,0.19373124837875366,0.5635790228843689
236643,317877,0.6342012882232666,0.3715195059776306,Other,Other,True,0.262681782245636,0.502860426902771
236643,322973,0.6269574165344238,0.4941951036453247,Other,Other,True,0.13276231288909912,0.5605762600898743
236643,435621,0.3005617558956146,0.6600977778434753,Other,Other,True,0.3595360219478607,0.48032981157302856
236643,435678,0.43825045228004456,0.6547605991363525,Other,Other,True,0.21651014685630798,0.5465055704116821
236643,436658,0.36840033531188965,0.7083250284194946,Other,Other,True,0.339924693107605,0.5383626818656921
236643,436838,0.36270833015441895,0.6572428941726685,Other,Other,True,0.2945345640182495,0.5099756121635437
236643,437061,0.340504914522171,0.7241117358207703,Other,Other,True,0.38360682129859924,0.5323083400726318
236643,439327,0.3118775188922882,0.6644753813743591,Other,Other,True,0.3525978624820709,0.48817646503448486
239512,309411,0.6293097734451294,0.43406611680984497,Other,Other,True,0.19524365663528442,0.5316879749298096
239512,310542,0.6429920196533203,0.26508647203445435,Other,Other,True,0.37790554761886597,0.4540392756462097
239512,312581,0.6531863212585449,0.25227248668670654,Other,Other,True,0.4009138345718384,0.45272934436798096
239512,312694,0.6287343502044678,0.27015024423599243,Other,Other,True,0.35858410596847534,0.4494423270225525
239512,313398,0.6217637062072754,0.3834153413772583,Other,Other,True,0.2383483648300171,0.5025895237922668
239512,316437,0.6563454270362854,0.3827475309371948,Other,Other,True,0.2735978960990906,0.5195465087890625
239512,318662,0.6480071544647217,0.4114822447299957,Other,Other,True,0.23652490973472595,0.5297447443008423
239512,319633,0.6658544540405273,0.31087496876716614,Other,Other,True,0.3549794852733612,0.48836472630500793
239512,324324,0.6371952891349792,0.4457208514213562,Other,Other,True,0.19147443771362305,0.5414581298828125
239512,454738,0.690087616443634,0.49403953552246094,Other,South_Asia,False,0.1960480809211731,0.5920636057853699
266450,307598,0.6204900145530701,0.39256536960601807,Other,Other,True,0.227924644947052,0.5065277218818665
266450,307634,0.6705919504165649,0.4562097191810608,Other,Other,True,0.21438223123550415,0.5634008049964905
266450,310540,0.6336934566497803,0.48241961002349854,Other,Other,True,0.15127384662628174,0.5580565929412842
266450,310542,0.6408916115760803,0.38175269961357117,Other,Other,True,0.25913891196250916,0.5113221406936646
266450,312336,0.6267812252044678,0.4329148232936859,Other,Other,True,0.19386640191078186,0.529848039150238
266450,313262,0.6490027904510498,0.4629485011100769,Other,Other,True,0.1860542893409729,0.5559756755828857
266450,448959,0.6318108439445496,0.5049129724502563,Other,Other,True,0.1268978714942932,0.5683618783950806
268710,435844,0.44229257106781006,0.738386869430542,Other,Other,True,0.29609429836273193,0.5903396606445312
268710,436658,0.41082486510276794,0.728358805179596,Other,Other,True,0.317533940076828,0.5695918202400208
268710,436885,0.3534676730632782,0.6587159633636475,Other,Other,True,0.30524829030036926,0.506091833114624
268710,436896,0.3706270754337311,0.6813631057739258,Other,Other,True,0.3107360303401947,0.5259950160980225
282044,313251,0.43142181634902954,0.6613544225692749,Other,Other,True,0.22993260622024536,0.5463881492614746
282044,317753,0.40929025411605835,0.6699718832969666,Other,Other,True,0.2606816291809082,0.5396310687065125
282044,435762,0.43333280086517334,0.6579222679138184,Other,Other,True,0.22458946704864502,0.5456275343894958
282044,435844,0.3947991132736206,0.661420464515686,Other,Other,True,0.26662135124206543,0.5281097888946533
282044,435997,0.40995699167251587,0.7041531205177307,Other,Other,True,0.29419612884521484,0.5570550560951233
282044,436607,0.3390862047672272,0.6658172607421875,Other,Other,True,0.3267310559749603,0.5024517178535461
282044,436658,0.4023476839065552,0.657594621181488,Other,Other,True,0.25524693727493286,0.529971182346344
282044,436885,0.40796250104904175,0.6609448194503784,Other,Other,True,0.25298231840133667,0.5344536900520325
282044,437159,0.4425968527793884,0.6961660385131836,Other,Other,True,0.25356918573379517,0.5693814754486084
282044,437422,0.3629686236381531,0.6819068193435669,Other,Other,True,0.3189381957054138,0.5224377512931824
282044,437508,0.3846665918827057,0.7131695747375488,Other,Other,True,0.32850298285484314,0.5489181280136108
307598,311159,0.6863481998443604,0.4552783966064453,Other,Other,True,0.23106980323791504,0.5708132982254028
307598,322610,0.676267147064209,0.4973528981208801,Other,Other,True,0.17891424894332886,0.5868101119995117
307598,322619,0.7380529046058655,0.4973528981208801,Other,Other,True,0.24070000648498535,0.6177029013633728
307598,322621,0.7354111075401306,0.4973528981208801,Other,Other,True,0.2380582094192505,0.6163820028305054
307598,324324,0.6903191208839417,0.41799014806747437,Other,Other,True,0.2723289728164673,0.554154634475708
307598,450483,0.6347627639770508,0.5082981586456299,Other,Other,True,0.1264646053314209,0.5715305209159851
307598,450761,0.6361141204833984,0.41415905952453613,Other,Other,True,0.2219550609588623,0.5251365900039673
307598,451909,0.6424643993377686,0.48755699396133423,Other,Other,True,0.15490740537643433,0.565010666847229
307599,311159,0.6763373613357544,0.4488840103149414,Other,Other,True,0.227453351020813,0.5626106858253479
307599,322610,0.660515308380127,0.5007161498069763,Other,Other,True,0.15979915857315063,0.580615758895874
307599,322619,0.754192590713501,0.5007161498069763,Other,Other,True,0.25347644090652466,0.627454400062561
307599,322621,0.7492597699165344,0.5007161498069763,Other,Other,True,0.2485436201095581,0.6249879598617554
307599,324324,0.6767589449882507,0.41567713022232056,Other,Other,True,0.2610818147659302,0.5462181568145752
307599,450483,0.6309111714363098,0.4937479496002197,Other,Other,True,0.1371632218360901,0.5623295903205872
307599,450761,0.6538040041923523,0.4066234529018402,Other,Other,True,0.24718055129051208,0.5302137732505798
307599,451909,0.6582076549530029,0.47105446457862854,Other,Other,True,0.1871531903743744,0.5646311044692993
307634,322619,0.741698145866394,0.40194055438041687,Other,Other,True,0.3397575914859772,0.5718193650245667
307634,322621,0.6610733866691589,0.40194055438041687,Other,Other,True,0.25913283228874207,0.5315069556236267
307634,324599,0.6594519019126892,0.48776137828826904,Other,Other,True,0.17169052362442017,0.5736066699028015
308022,316847,0.3903263211250305,0.6666532754898071,Other,Other,True,0.2763269543647766,0.5284897685050964
308022,447804,0.290262371301651,0.7214475870132446,Other,Other,True,0.43118521571159363,0.5058550238609314
308024,316847,0.3800320029258728,0.6666532754898071,Other,Other,True,0.2866212725639343,0.5233426690101624
308024,447804,0.3589925169944763,0.7214475870132446,Other,Other,True,0.3624550700187683,0.5402200818061829
308565,317802,0.6886049509048462,0.4952899217605591,Other,Other,True,0.1933150291442871,0.5919474959373474
309227,311159,0.6401643753051758,0.4560811221599579,Other,Other,True,0.1840832531452179,0.548122763633728
309227,313676,0.7297054529190063,0.5041031837463379,Other,Other,True,0.22560226917266846,0.6169043779373169
309227,315735,0.6584479808807373,0.5040379762649536,Other,Other,True,0.1544100046157837,0.5812430381774902
309389,312694,0.6520147323608398,0.4883614182472229,Other,Other,True,0.16365331411361694,0.5701881051063538
309389,317802,0.6604561805725098,0.4696745276451111,Other,Other,True,0.19078165292739868,0.5650653839111328
309389,324139,0.7280972599983215,0.49147871136665344,Other,Other,True,0.2366185486316681,0.6097880601882935
309411,310513,0.440997838973999,0.6793627738952637,Other,Other,True,0.23836493492126465,0.5601803660392761
309411,316963,0.4254106879234314,0.710672914981842,Other,Other,True,0.28526222705841064,0.5680418610572815
309411,317804,0.41715770959854126,0.6743108630180359,Other,Other,True,0.25715315341949463,0.5457342863082886
309411,322973,0.6704152822494507,0.4640290141105652,Other,Other,True,0.2063862681388855,0.5672221183776855
309411,324324,0.7045952081680298,0.43384188413619995,Other,Other,True,0.27075332403182983,0.569218635559082
309411,324599,0.6336022019386292,0.5001704692840576,Other,Other,True,0.13343173265457153,0.5668863654136658
309519,315735,0.643736720085144,0.4595620334148407,Other,Other,True,0.18417468667030334,0.5516493916511536
309519,316847,0.4352794289588928,0.672051727771759,Other,Other,True,0.2367722988128662,0.5536655783653259
309519,318622,0.6756677031517029,0.49656620621681213,Other,Other,True,0.17910149693489075,0.5861169099807739
309519,328593,0.6256830096244812,0.4923372268676758,Other,Other,True,0.13334578275680542,0.5590101480484009
309519,329077,0.6634013652801514,0.4708436131477356,Other,Other,True,0.19255775213241577,0.5671224594116211
309519,448959,0.7206150889396667,0.466019868850708,Other,Other,True,0.25459522008895874,0.5933175086975098
309519,450483,0.7235925793647766,0.4720503091812134,Other,Other,True,0.25154227018356323,0.5978214740753174
309519,451909,0.6263580918312073,0.447736918926239,Other,Other,True,0.17862117290496826,0.5370474457740784
309519,452032,0.6348620653152466,0.49469053745269775,Other,Other,True,0.14017152786254883,0.5647764205932617
309540,310513,0.4014110267162323,0.7286326885223389,Other,Other,True,0.32722166180610657,0.5650218725204468
309540,314524,0.3917468786239624,0.6837461590766907,Other,Other,True,0.29199928045272827,0.5377464890480042
309540,317802,0.626000702381134,0.4312342405319214,Other,Other,True,0.19476646184921265,0.5286175012588501
309540,322973,0.6365675330162048,0.507232666015625,Other,Other,True,0.12933486700057983,0.5719000101089478
309540,324324,0.6508374214172363,0.4295228123664856,Other,Other,True,0.22131460905075073,0.5401802062988281
309713,310513,0.4070385694503784,0.7611734867095947,Other,Other,True,0.3541349172592163,0.5841060876846313
309713,317802,0.6463363766670227,0.4866165518760681,Other,Other,True,0.1597198247909546,0.5664764642715454
309713,320054,0.4212997555732727,0.6840188503265381,Other,Other,True,0.2627190947532654,0.5526593327522278
309713,452211,0.7830120325088501,0.4204445481300354,Other,Other,True,0.3625674843788147,0.6017283201217651
309943,317802,0.7031478881835938,0.44309133291244507,Other,Other,True,0.2600565552711487,0.573119580745697
309943,324324,0.6772841215133667,0.4305829703807831,Other,Other,True,0.24670115113258362,0.5539335608482361
309944,317802,0.707202672958374,0.441782146692276,Other,Other,True,0.265420526266098,0.5744923949241638
309944,436838,0.3546929955482483,0.6585946083068848,Other,Other,True,0.3039016127586365,0.5066438317298889
309944,451308,0.3438131511211395,0.6580084562301636,Other,Other,True,0.31419530510902405,0.5009108185768127
310364,310513,0.4222675859928131,0.7009215950965881,Other,Other,True,0.278654009103775,0.5615946054458618
310364,318622,0.632036030292511,0.5011905431747437,Other,Other,True,0.13084548711776733,0.5666133165359497
310364,452032,0.6295125484466553,0.4840218424797058,Other,Other,True,0.14549070596694946,0.5567672252655029
310472,311159,0.7133877277374268,0.45216071605682373,Other,Other,True,0.261227011680603,0.5827742218971252
310472,312336,0.6743040084838867,0.49072057008743286,Other,Other,True,0.18358343839645386,0.5825123190879822
310472,317802,0.7519354820251465,0.5055984258651733,Other,Other,True,0.24633705615997314,0.6287670135498047
310472,322619,0.7042015790939331,0.3848656415939331,Other,Other,True,0.3193359375,0.5445336103439331
310472,322621,0.6582968235015869,0.3848656415939331,Other,Other,True,0.2734311819076538,0.5215812921524048
310472,324324,0.6673200130462646,0.4136335849761963,Other,Other,True,0.25368642807006836,0.5404768586158752
310472,324596,0.6446107029914856,0.5036658048629761,Other,Other,True,0.14094489812850952,0.5741382837295532
310472,452211,0.6250865459442139,0.45099878311157227,Other,Other,True,0.1740877628326416,0.5380427837371826
310480,317802,0.6381924748420715,0.5008541345596313,Other,Other,True,0.13733834028244019,0.5695232152938843
310480,322619,0.6355401277542114,0.49644801020622253,Other,Other,True,0.1390921175479889,0.5659940242767334
310498,311159,0.6318780183792114,0.44311124086380005,Other,Other,True,0.18876677751541138,0.5374946594238281
310498,313658,0.7906699776649475,0.49162107706069946,Other,Other,True,0.29904890060424805,0.6411455869674683
310498,315735,0.6288169026374817,0.4611547887325287,Other,Other,True,0.167662113904953,0.544985830783844
310498,318622,0.6959497928619385,0.5049736499786377,Other,Other,True,0.19097614288330078,0.6004617810249329
310498,324599,0.6196556687355042,0.4702146053314209,Other,Other,True,0.14944106340408325,0.5449351668357849
310513,310542,0.4382327198982239,0.8008278608322144,Other,Other,True,0.3625951409339905,0.6195303201675415
310513,313240,0.4229738712310791,0.77186119556427,Other,Other,True,0.3488873243331909,0.5974175333976746
310513,314217,0.4108346700668335,0.8256888389587402,Other,Other,True,0.41485416889190674,0.6182617545127869
310513,314528,0.3986843228340149,0.6610442399978638,Other,Other,True,0.2623599171638489,0.5298642516136169
310513,316274,0.40010854601860046,0.7471380233764648,Other,Other,True,0.3470294773578644,0.5736232995986938
310513,316691,0.3768061697483063,0.7130380868911743,Other,Other,True,0.33623191714286804,0.5449221134185791
310513,316813,0.4117046594619751,0.8163348436355591,Other,Other,True,0.404630184173584,0.6140198111534119
310513,318345,0.4369143843650818,0.8091611266136169,Other,Other,True,0.37224674224853516,0.6230377554893494
310513,318662,0.40493643283843994,0.7836062908172607,Other,Other,True,0.3786698579788208,0.5942713618278503
310513,319633,0.4222838282585144,0.8147753477096558,Other,Other,True,0.39249151945114136,0.6185296177864075
310540,312694,0.6258610486984253,0.4816092252731323,Other,Other,True,0.14425182342529297,0.5537351369857788
310540,317804,0.4240584969520569,0.6554399728775024,Other,Other,True,0.23138147592544556,0.539749264717102
310540,322619,0.7740191221237183,0.4782596230506897,Other,Other,True,0.29575949907302856,0.6261393427848816
310540,322621,0.6964411735534668,0.4782596230506897,Other,Other,True,0.2181815505027771,0.5873503684997559
310540,322973,0.6378570795059204,0.4946371912956238,Other,Other,True,0.14321988821029663,0.5662470459938049
310540,324324,0.720169723033905,0.49109968543052673,Other,Other,True,0.2290700376033783,0.6056348085403442
310542,322973,0.6762248873710632,0.45346564054489136,Other,Other,True,0.22275924682617188,0.5648452043533325
310542,452211,0.6639977693557739,0.3874179422855377,Other,Other,True,0.2765798270702362,0.5257078409194946
310552,437936,0.3426533043384552,0.689566969871521,Other,Other,True,0.3469136655330658,0.5161101818084717
310599,317619,0.4305632412433624,0.6830817461013794,Other,Other,True,0.25251850485801697,0.5568225383758545
310599,318622,0.6358898878097534,0.5084008574485779,Other,Other,True,0.12748903036117554,0.5721454620361328
310599,322619,0.655609130859375,0.36877134442329407,Other,Other,True,0.28683778643608093,0.5121902823448181
310599,322621,0.6448505520820618,0.36877134442329407,Other,Other,True,0.2760792076587677,0.5068109631538391
310599,324596,0.674475908279419,0.4655623733997345,Other,Other,True,0.20891353487968445,0.5700191259384155
310599,324599,0.670708179473877,0.442607045173645,Other,Other,True,0.22810113430023193,0.556657612323761
310599,450761,0.7665600776672363,0.4990171790122986,Other,Other,True,0.26754289865493774,0.6327886581420898
310681,313262,0.8134268522262573,0.5059300661087036,Other,Other,True,0.3074967861175537,0.65967857837677
310681,313325,0.6629016995429993,0.49966511130332947,Other,Other,True,0.1632365882396698,0.581283450126648
310681,313658,0.7238596677780151,0.47210168838500977,Other,Other,True,0.25175797939300537,0.597980797290802
310681,316847,0.3762938380241394,0.718842625617981,Other,Other,True,0.34254878759384155,0.5475683212280273
310681,317802,0.6259828805923462,0.48666441440582275,Other,Other,True,0.13931846618652344,0.5563236474990845
310681,320347,0.7448209524154663,0.4935886263847351,Other,Other,True,0.2512323260307312,0.6192048788070679
310681,322619,0.6402996778488159,0.3257719576358795,Other,Other,True,0.3145277202129364,0.4830358624458313
310681,448959,0.6510518789291382,0.44240114092826843,Other,Other,True,0.20865073800086975,0.5467265844345093
310681,450483,0.6733708381652832,0.46286845207214355,Other,Other,True,0.21050238609313965,0.5681197047233582
310681,451909,0.6525635123252869,0.4544371962547302,Other,Other,True,0.19812631607055664,0.5535004138946533
311159,312694,0.6286686062812805,0.4079764485359192,Other,Other,True,0.22069215774536133,0.5183225870132446
311159,315668,0.6636473536491394,0.41800233721733093,Other,Other,True,0.24564501643180847,0.5408248901367188
311159,317753,0.6348868608474731,0.5076178908348083,Other,Other,True,0.1272689700126648,0.5712523460388184
311159,317804,0.38786911964416504,0.6608405709266663,Other,Other,True,0.2729714512825012,0.524354875087738
311159,322610,0.6513608694076538,0.475659042596817,Other,Other,True,0.1757018268108368,0.563510000705719
311159,324324,0.7385919690132141,0.49788564443588257,Other,Other,True,0.24070632457733154,0.6182388663291931
311159,451909,0.6465454697608948,0.46292462944984436,Other,Other,True,0.18362084031105042,0.5547351241111755
311159,452364,0.6362251043319702,0.3739023208618164,Other,Other,True,0.2623227834701538,0.5050637722015381
312336,316847,0.4430423378944397,0.663597583770752,Other,Other,True,0.22055524587631226,0.5533199906349182
312336,329077,0.7238045930862427,0.4970436692237854,Other,Other,True,0.22676092386245728,0.6104241013526917
312558,317802,0.7821345329284668,0.453296959400177,Other,Other,True,0.3288375735282898,0.6177158355712891
312558,435991,0.376440167427063,0.670081377029419,Other,Other,True,0.29364120960235596,0.5232608318328857
312558,435997,0.3147282600402832,0.6552553772926331,Other,Other,True,0.34052711725234985,0.4849918484687805
312558,436607,0.36591601371765137,0.6591773629188538,Other,Other,True,0.2932613492012024,0.5125466585159302
312558,436838,0.3913722336292267,0.7019858360290527,Other,Other,True,0.31061360239982605,0.5466790795326233
312558,436885,0.3275931775569916,0.6634241342544556,Other,Other,True,0.335830956697464,0.49550870060920715
312558,437159,0.3825826048851013,0.6686679124832153,Other,Other,True,0.286085307598114,0.5256252288818359
312558,437508,0.3472931683063507,0.6810765266418457,Other,Other,True,0.333783358335495,0.514184832572937
312558,437898,0.34452664852142334,0.6631648540496826,Other,Other,True,0.3186382055282593,0.5038456916809082
312558,451308,0.3728771507740021,0.6863490343093872,Other,Other,True,0.31347188353538513,0.5296130776405334
312581,313658,0.6556445360183716,0.4708325266838074,Other,Other,True,0.1848120093345642,0.5632386207580566
312581,318622,0.6797792315483093,0.44898781180381775,Other,Other,True,0.23079141974449158,0.5643835067749023
312581,322619,0.6326842904090881,0.34216827154159546,Other,Other,True,0.2905160188674927,0.4874263405799866
312581,322973,0.6818433403968811,0.4784958064556122,Other,Other,True,0.20334753394126892,0.5801695585250854
312581,324324,0.6401208639144897,0.3931245505809784,Other,Other,True,0.24699631333351135,0.51662278175354
312581,324599,0.625393271446228,0.4496209919452667,Other,Other,True,0.1757722795009613,0.537507176399231
312581,437173,0.39944905042648315,0.6617174744606018,Other,Other,True,0.26226842403411865,0.5305832624435425
312581,452032,0.6518883109092712,0.4795842170715332,Other,Other,True,0.17230409383773804,0.5657363533973694
312694,313251,0.6288000345230103,0.4906538724899292,Other,Other,True,0.13814616203308105,0.5597269535064697
312694,314523,0.6224522590637207,0.5050957798957825,Other,Other,True,0.11735647916793823,0.563774049282074
312694,315735,0.6643408536911011,0.49089065194129944,Other,Other,True,0.17345020174980164,0.5776157975196838
312694,316304,0.6527040004730225,0.43168386816978455,Other,Other,True,0.22102013230323792,0.5421939492225647
312694,316846,0.6268841028213501,0.4993631839752197,Other,Other,True,0.12752091884613037,0.5631236433982849
312694,319633,0.622054934501648,0.5053364038467407,Other,Other,True,0.11671853065490723,0.5636956691741943
312694,322973,0.6720612049102783,0.442104697227478,Other,Other,True,0.2299565076828003,0.5570828914642334
312694,324324,0.6828910708427429,0.3481236696243286,Other,Other,True,0.3347674012184143,0.5155074596405029
312694,446273,0.6389173865318298,0.5052857398986816,Other,Other,True,0.1336316466331482,0.5721015930175781
312694,452032,0.6312336921691895,0.41107919812202454,Other,Other,True,0.22015449404716492,0.5211564898490906
312694,452211,0.6742738485336304,0.33614370226860046,Other,Other,True,0.3381301462650299,0.5052087306976318
312807,322973,0.6628212928771973,0.5070657730102539,Other,Other,True,0.15575551986694336,0.5849435329437256
313240,314518,0.4336266815662384,0.6998896598815918,Other,Other,True,0.2662629783153534,0.5667582154273987
313240,314522,0.4224812388420105,0.7112753391265869,Other,Other,True,0.2887941002845764,0.5668783187866211
313240,316415,0.6416648626327515,0.38904598355293274,Other,Other,True,0.2526188790798187,0.5153554081916809
313240,320804,0.6319558620452881,0.4671558737754822,Other,Other,True,0.1647999882698059,0.5495558977127075
313251,317802,0.7375604510307312,0.4646279215812683,Other,Other,True,0.2729325294494629,0.6010942459106445
313251,324324,0.6221885681152344,0.45749130845069885,Other,Other,True,0.16469725966453552,0.5398399233818054
313251,436838,0.3824169635772705,0.6978381872177124,Other,Other,True,0.3154212236404419,0.5401276350021362
313251,437508,0.3544442057609558,0.6661605834960938,Other,Other,True,0.31171637773513794,0.5103023648262024
313251,451308,0.3600021004676819,0.6881520748138428,Other,Other,True,0.3281499743461609,0.5240771174430847
313256,317802,0.7057555913925171,0.4357615113258362,Other,Other,True,0.2699940800666809,0.570758581161499
313256,329077,0.6630367636680603,0.504967212677002,Other,Other,True,0.15806955099105835,0.5840020179748535
313256,450761,0.6591030955314636,0.48453325033187866,Other,Other,True,0.17456984519958496,0.5718181729316711
313262,322619,0.7379649877548218,0.41008633375167847,Other,Other,True,0.3278786540031433,0.5740256905555725
313262,322621,0.6842606663703918,0.41008633375167847,Other,Other,True,0.2741743326187134,0.5471735596656799
313262,322973,0.6592280864715576,0.4033622443675995,Other,Other,True,0.25586584210395813,0.5312950611114502
313262,324599,0.6747114658355713,0.4830033779144287,Other,Other,True,0.19170808792114258,0.578857421875
313325,315668,0.6350577473640442,0.4939384460449219,Other,Other,True,0.14111930131912231,0.5644981861114502
313325,324324,0.715522289276123,0.46037817001342773,Other,Other,True,0.2551441192626953,0.5879502892494202
313325,324599,0.6628502607345581,0.45044615864753723,Other,Other,True,0.21240410208702087,0.5566482543945312
313325,450483,0.6851581335067749,0.4721842408180237,Other,Other,True,0.21297389268875122,0.5786712169647217
313325,450761,0.692184329032898,0.4861806333065033,Other,Other,True,0.20600369572639465,0.589182436466217
313325,451909,0.6239644885063171,0.4763752818107605,Other,Other,True,0.14758920669555664,0.5501698851585388
313325,452032,0.6248760223388672,0.4268242120742798,Other,Other,True,0.1980518102645874,0.5258501768112183
313325,678610,0.6246261596679688,0.47590675950050354,Other,Himalayan,False,0.1487194001674652,0.5502665042877197
313398,315735,0.6719107627868652,0.484059602022171,Other,Other,True,0.1878511607646942,0.5779851675033569
313398,317802,0.644600510597229,0.4471273720264435,Other,Other,True,0.19747313857078552,0.5458639860153198
313398,317804,0.42331433296203613,0.6877861022949219,Other,Other,True,0.26447176933288574,0.555550217628479
313398,322619,0.6325005888938904,0.2888380289077759,Other,Other,True,0.3436625599861145,0.46066930890083313
313398,322973,0.6962629556655884,0.47714847326278687,Other,Other,True,0.2191144824028015,0.5867056846618652
313398,324324,0.6210012435913086,0.4126363694667816,Other,Other,True,0.20836487412452698,0.5168188810348511
313398,324599,0.669061005115509,0.4479382038116455,Other,Other,True,0.22112280130386353,0.5584996938705444
313398,452032,0.6254149079322815,0.45820993185043335,Other,Other,True,0.16720497608184814,0.5418124794960022
313511,437936,0.3444664776325226,0.6553579568862915,Other,Other,True,0.3108914792537689,0.49991220235824585
313658,317619,0.6419565081596375,0.4806089699268341,Other,Other,True,0.16134753823280334,0.5612828731536865
313658,317802,0.7654446959495544,0.47963735461235046,Other,Other,True,0.285807341337204,0.622541069984436
313676,315668,0.6357051134109497,0.48747992515563965,Other,Other,True,0.14822518825531006,0.5615924596786499
313676,317877,0.6513895988464355,0.45155006647109985,Other,Other,True,0.1998395323753357,0.5514698624610901
313676,452364,0.6554239988327026,0.4534967839717865,Other,Other,True,0.20192721486091614,0.5544604063034058
314217,322973,0.6565550565719604,0.4857381582260132,Other,Other,True,0.17081689834594727,0.5711466073989868
314217,324139,0.6854630708694458,0.485699325799942,Other,Other,True,0.19976374506950378,0.5855811834335327
314217,452032,0.703719437122345,0.4653504192829132,Other,Other,True,0.23836901783943176,0.5845349431037903
314518,320054,0.4422623813152313,0.6566323637962341,Other,Other,True,0.2143699824810028,0.5494473576545715
314522,452211,0.6278176307678223,0.3709138035774231,Other,Other,True,0.25690382719039917,0.4993657171726227
314523,317802,0.6645565629005432,0.48850005865097046,Other,Other,True,0.17605650424957275,0.5765283107757568
314523,452032,0.647274374961853,0.4712162911891937,Other,Other,True,0.1760580837726593,0.5592454075813293
314523,452211,0.704081654548645,0.383221298456192,Other,Other,True,0.320860356092453,0.5436515212059021
314524,316691,0.40584075450897217,0.6729732155799866,Other,Other,True,0.2671324610710144,0.539406955242157
314524,317802,0.6199454069137573,0.5056436061859131,Other,Other,True,0.11430180072784424,0.5627945065498352
314524,452032,0.6449421644210815,0.4900127053260803,Other,Other,True,0.15492945909500122,0.5674774646759033
314524,452211,0.6221441030502319,0.3946453332901001,Other,Other,True,0.22749876976013184,0.5083946585655212
314528,316847,0.36029136180877686,0.6562117338180542,Other,Other,True,0.29592037200927734,0.5082514882087708
314528,503651,0.44302940368652344,0.6572939157485962,Other,East_Asia,False,0.21426451206207275,0.550161600112915
315668,317802,0.6421633362770081,0.48920345306396484,Other,Other,True,0.1529598832130432,0.5656834244728088
315668,324599,0.6304946541786194,0.33269137144088745,Other,Other,True,0.29780328273773193,0.48159298300743103
315735,317802,0.6220453977584839,0.39698338508605957,Other,Other,True,0.22506201267242432,0.5095143914222717
315735,322973,0.6381715536117554,0.4326275587081909,Other,Other,True,0.20554399490356445,0.5353994965553284
315735,324324,0.6879597306251526,0.353455126285553,Other,Other,True,0.3345046043395996,0.5207074880599976
315735,324599,0.6563878655433655,0.4828651249408722,Other,Other,True,0.1735227406024933,0.5696264505386353
315735,454353,0.6397529244422913,0.4957355260848999,Other,South_Asia,False,0.14401739835739136,0.567744255065918
316274,316846,0.6577924489974976,0.5036407709121704,Other,Other,True,0.15415167808532715,0.580716609954834
316274,322619,0.6498714089393616,0.39735689759254456,Other,Other,True,0.252514511346817,0.5236141681671143
316274,322621,0.641348123550415,0.39735689759254456,Other,Other,True,0.24399122595787048,0.5193525552749634
316274,435844,0.3715590834617615,0.6567000150680542,Other,Other,True,0.2851409316062927,0.5141295194625854
316274,452032,0.6322990655899048,0.5014820098876953,Other,Other,True,0.13081705570220947,0.5668905377388
316304,322619,0.6321030855178833,0.4459078311920166,Other,Other,True,0.1861952543258667,0.5390055179595947
316304,322621,0.6200937032699585,0.4459078311920166,Other,Other,True,0.1741858720779419,0.5330008268356323
316304,324139,0.6368427872657776,0.4912610948085785,Other,Other,True,0.1455816924571991,0.5640519857406616
316304,452032,0.6898188591003418,0.5086177587509155,Other,Other,True,0.18120110034942627,0.599218487739563
316304,452211,0.6330004930496216,0.37519365549087524,Other,Other,True,0.25780683755874634,0.5040971636772156
316415,316847,0.37948620319366455,0.661873996257782,Other,Other,True,0.28238779306411743,0.5206801295280457
316415,447752,0.6293678879737854,0.5027670860290527,Other,South_Asia,False,0.12660080194473267,0.5660675168037415
316427,316847,0.379978209733963,0.7070368528366089,Other,Other,True,0.3270586431026459,0.5435075759887695
316427,316963,0.4132426083087921,0.7049790024757385,Other,Other,True,0.2917363941669464,0.5591108798980713
316427,317619,0.4024752974510193,0.6787421107292175,Other,Other,True,0.27626681327819824,0.5406087636947632
316427,324324,0.6464178562164307,0.3629928231239319,Other,Other,True,0.2834250330924988,0.5047053694725037
316436,317804,0.3770044445991516,0.6629427671432495,Other,Other,True,0.2859383225440979,0.519973635673523
316436,322973,0.6630688905715942,0.4949035048484802,Other,Other,True,0.168165385723114,0.5789861679077148
316437,317804,0.43554234504699707,0.6576162576675415,Other,Other,True,0.22207391262054443,0.5465793609619141
316437,322973,0.7444095611572266,0.5045168399810791,Other,Other,True,0.23989272117614746,0.6244632005691528
316437,452211,0.6317383050918579,0.5039547085762024,Other,Other,True,0.12778359651565552,0.5678465366363525
316691,317619,0.44059914350509644,0.6558683514595032,Other,Other,True,0.21526920795440674,0.5482337474822998
316691,324324,0.6652528047561646,0.38751161098480225,Other,Other,True,0.2777411937713623,0.5263822078704834
316813,327315,0.7415181994438171,0.49775299429893494,Other,Other,True,0.2437652051448822,0.6196355819702148
316846,329077,0.6282925605773926,0.4774521291255951,Other,Other,True,0.15084043145179749,0.5528723001480103
316846,448959,0.6263757944107056,0.4273439943790436,Other,Other,True,0.199031800031662,0.5268598794937134
316846,450483,0.6422561407089233,0.4905552268028259,Other,Other,True,0.1517009139060974,0.566405713558197
316846,450761,0.6316828727722168,0.4811033606529236,Other,Other,True,0.1505795121192932,0.5563931465148926
316846,452032,0.6955279111862183,0.4500769376754761,Other,Other,True,0.2454509735107422,0.5728024840354919
316846,452211,0.6671170592308044,0.3014918863773346,Other,Other,True,0.36562517285346985,0.4843044877052307
316847,316963,0.3528500199317932,0.6845972537994385,Other,Other,True,0.33174723386764526,0.518723726272583
316847,320054,0.40433141589164734,0.7101214528083801,Other,Other,True,0.3057900369167328,0.5572264194488525
316847,320804,0.3128910958766937,0.7004053592681885,Other,Other,True,0.38751426339149475,0.5066482424736023
316963,447804,0.36639416217803955,0.671536386013031,Other,Other,True,0.30514222383499146,0.5189653635025024
317753,317802,0.7537031173706055,0.4408758878707886,Other,Other,True,0.3128272294998169,0.5972895622253418
317753,436838,0.40954291820526123,0.6764605045318604,Other,Other,True,0.2669175863265991,0.5430017709732056
317753,451308,0.37888696789741516,0.6796492338180542,Other,Other,True,0.30076226592063904,0.5292681455612183
317760,322610,0.637779712677002,0.4681795835494995,Other,Other,True,0.16960012912750244,0.5529797077178955
317760,322619,0.6848446130752563,0.4681795835494995,Other,Other,True,0.21666502952575684,0.5765121579170227
317760,322621,0.6557151079177856,0.4681795835494995,Other,Other,True,0.18753552436828613,0.5619474053382874
317802,318622,0.6252322793006897,0.3851483464241028,Other,Other,True,0.24008393287658691,0.5051902532577515
317802,328593,0.6314114332199097,0.47086209058761597,Other,Other,True,0.1605493426322937,0.55113685131073
317802,329077,0.6453037261962891,0.4627550542354584,Other,Other,True,0.1825486719608307,0.5540293455123901
317802,448959,0.6530089378356934,0.4642690122127533,Other,Other,True,0.18873992562294006,0.5586389303207397
317802,450483,0.7269166707992554,0.4674655497074127,Other,Other,True,0.25945112109184265,0.5971911549568176
317802,450761,0.6969852447509766,0.44549238681793213,Other,Other,True,0.25149285793304443,0.5712388753890991
317804,323479,0.6274189949035645,0.5053982734680176,Other,Other,True,0.12202072143554688,0.566408634185791
317877,324324,0.6628105044364929,0.46747905015945435,Other,Other,True,0.19533145427703857,0.5651448965072632
318345,322619,0.6503641605377197,0.46216878294944763,Other,Other,True,0.1881953775882721,0.5562665462493896
318345,324324,0.6590364575386047,0.47003746032714844,Other,Other,True,0.1889989972114563,0.5645369291305542
318662,322619,0.6685785055160522,0.4692281186580658,Other,Other,True,0.19935038685798645,0.5689033269882202
318662,322621,0.6641046404838562,0.4692281186580658,Other,Other,True,0.1948765218257904,0.5666663646697998
318662,324139,0.7261335849761963,0.48911964893341064,Other,Other,True,0.23701393604278564,0.6076266765594482
318662,452032,0.7059283256530762,0.4746797978878021,Other,Other,True,0.23124852776527405,0.5903040766716003
319633,452032,0.6468285918235779,0.48904949426651,Other,Other,True,0.15777909755706787,0.5679391622543335
319633,452211,0.76543128490448,0.3879842162132263,Other,Other,True,0.37744706869125366,0.5767078399658203
320347,324599,0.6656506657600403,0.438691645860672,Other,Other,True,0.2269590198993683,0.5521711111068726
320804,320962,0.7247070074081421,0.5060640573501587,Other,Other,True,0.2186429500579834,0.6153855919837952
320804,324599,0.6519683599472046,0.46640610694885254,Other,Other,True,0.18556225299835205,0.5591872930526733
320804,447298,0.6384412050247192,0.442985475063324,Other,South_Asia,False,0.19545572996139526,0.540713369846344
320804,448280,0.620871901512146,0.48772650957107544,Other,Other,True,0.13314539194107056,0.5542992353439331
320962,447752,0.6502678394317627,0.4709175229072571,Other,South_Asia,False,0.17935031652450562,0.5605927109718323
320962,452188,0.6298069357872009,0.39397168159484863,Other,Other,True,0.2358352541923523,0.5118892788887024
320962,453317,0.6679818630218506,0.3730962574481964,Other,Other,True,0.2948856055736542,0.5205391049385071
322610,451287,0.6202142238616943,0.357712984085083,Other,South_Asia,False,0.26250123977661133,0.48896363377571106
322610,454353,0.6238478422164917,0.42238423228263855,Other,South_Asia,False,0.20146360993385315,0.5231161117553711
322619,450483,0.6573294401168823,0.42091864347457886,Other,Other,True,0.23641079664230347,0.5391240119934082
322619,450761,0.7071043848991394,0.45746713876724243,Other,Other,True,0.24963724613189697,0.5822857618331909
322619,451909,0.6912668943405151,0.45168572664260864,Other,Other,True,0.2395811676979065,0.5714763402938843
322621,322973,0.6667559146881104,0.4725939631462097,Other,Other,True,0.19416195154190063,0.5696749091148376
322621,450761,0.6790118217468262,0.45746713876724243,Other,Other,True,0.22154468297958374,0.5682395100593567
322621,451909,0.6260057687759399,0.45168572664260864,Other,Other,True,0.1743200421333313,0.5388457775115967
323479,446563,0.3633870482444763,0.6571880578994751,Other,South_Asia,False,0.2938010096549988,0.5102875828742981
323479,448280,0.37866491079330444,0.6769514679908752,Other,Other,True,0.2982865571975708,0.5278081893920898
323479,448938,0.32047179341316223,0.6683903932571411,Other,Other,True,0.3479185998439789,0.49443119764328003
323479,452651,0.38518720865249634,0.7136451005935669,Other,Other,True,0.32845789194107056,0.549416184425354
323479,453212,0.32169270515441895,0.6985030174255371,Other,South_Asia,False,0.37681031227111816,0.510097861289978
324324,451909,0.628955602645874,0.4850035309791565,Other,Other,True,0.14395207166671753,0.5569796562194824
324596,325818,0.4285351037979126,0.6728482246398926,Other,Other,True,0.24431312084197998,0.5506917238235474
325818,328593,0.43402522802352905,0.7061343193054199,Other,Other,True,0.27210909128189087,0.5700798034667969
325818,329077,0.41005608439445496,0.7450401782989502,Other,Other,True,0.33498409390449524,0.5775481462478638
325818,446563,0.3669266700744629,0.7075141668319702,Other,South_Asia,False,0.3405874967575073,0.5372204184532166
325818,448280,0.4297046661376953,0.6686645150184631,Other,Other,True,0.23895984888076782,0.5491845607757568
325818,448938,0.43024182319641113,0.6789996027946472,Other,Other,True,0.24875777959823608,0.5546207427978516
325818,452651,0.4136509895324707,0.7239950895309448,Other,Other,True,0.3103440999984741,0.5688230991363525
325818,453212,0.4164295196533203,0.662903904914856,Other,South_Asia,False,0.24647438526153564,0.5396667718887329
327315,451725,0.4415437579154968,0.6925369501113892,Other,Other,True,0.25099319219589233,0.5670403242111206
347927,451302,0.6615596413612366,0.4015248417854309,East_Asia,Other,False,0.26003479957580566,0.531542181968689
383883,436102,0.4371858537197113,0.7249988317489624,Other,Other,True,0.2878129780292511,0.581092357635498
383883,437368,0.37561261653900146,0.6559861898422241,Other,Other,True,0.28037357330322266,0.5157994031906128
435621,435678,0.4388453960418701,0.7457256317138672,Other,Other,True,0.30688023567199707,0.5922855138778687
435621,435762,0.4244854152202606,0.7547703981399536,Other,Other,True,0.330284982919693,0.5896278619766235
435621,435844,0.40086138248443604,0.752651572227478,Other,Other,True,0.351790189743042,0.576756477355957
435621,435868,0.42821604013442993,0.6671284437179565,Other,Other,True,0.2389124035835266,0.5476722717285156
435621,435897,0.31637412309646606,0.6924638748168945,Other,Other,True,0.37608975172042847,0.5044189691543579
435621,436098,0.3804060220718384,0.6933315992355347,Other,Other,True,0.3129255771636963,0.5368688106536865
435621,436485,0.3813490867614746,0.7338452935218811,Other,Other,True,0.3524962067604065,0.5575972199440002
435621,436607,0.37320542335510254,0.8041763305664062,Other,Other,True,0.4309709072113037,0.5886908173561096
435621,436658,0.2987138032913208,0.7724850177764893,Other,Other,True,0.47377121448516846,0.5355994701385498
435621,436838,0.4254259467124939,0.829159140586853,Other,Other,True,0.40373319387435913,0.6272925734519958
435621,437059,0.4118075966835022,0.7761369943618774,Other,Other,True,0.36432939767837524,0.5939723253250122
435621,437061,0.4025226831436157,0.7747015953063965,Other,Other,True,0.37217891216278076,0.5886121988296509
435621,437173,0.4342838525772095,0.777233362197876,Other,Other,True,0.3429495096206665,0.6057586669921875
435621,437202,0.4033995270729065,0.6885780096054077,Other,Other,True,0.2851784825325012,0.5459887981414795
435621,437261,0.42025578022003174,0.7035020589828491,Other,Other,True,0.2832462787628174,0.5618789792060852
435621,437422,0.40190768241882324,0.8007356524467468,Other,Other,True,0.3988279700279236,0.6013216972351074
435621,437654,0.3733986020088196,0.6725727319717407,Other,Other,True,0.29917412996292114,0.5229856371879578
435621,437868,0.4130316972732544,0.7657008767127991,Other,Other,True,0.3526691794395447,0.5893663167953491
435621,437873,0.32197892665863037,0.7445990443229675,Other,Other,True,0.42262011766433716,0.5332889556884766
435621,437898,0.4370511472225189,0.8336820602416992,Other,Other,True,0.3966309130191803,0.6353666186332703
435621,439327,0.3268710672855377,0.7331531643867493,Other,Other,True,0.40628209710121155,0.5300121307373047
435678,435762,0.3519713878631592,0.7451691031455994,Other,Other,True,0.3931977152824402,0.5485702753067017
435678,435844,0.4147256314754486,0.6808874011039734,Other,Other,True,0.2661617696285248,0.5478065013885498
435678,435864,0.3867654800415039,0.6582434177398682,Other,Other,True,0.27147793769836426,0.522504448890686
435678,435897,0.42265838384628296,0.7530125379562378,Other,Other,True,0.33035415410995483,0.5878354907035828
435678,436098,0.40342220664024353,0.7568392753601074,Other,Other,True,0.3534170687198639,0.5801308155059814
435678,436099,0.4373674988746643,0.738624095916748,Other,Other,True,0.30125659704208374,0.5879958271980286
435678,436102,0.4324795603752136,0.7101016044616699,Other,Other,True,0.2776220440864563,0.5712906122207642
435678,436658,0.3950187563896179,0.7561624050140381,Other,Other,True,0.36114364862442017,0.5755906105041504
435678,436838,0.4103981554508209,0.7383940815925598,Other,Other,True,0.3279959261417389,0.5743961334228516
435678,436885,0.4265395998954773,0.691331148147583,Other,Other,True,0.2647915482521057,0.5589354038238525
435678,437059,0.3392077684402466,0.7390183210372925,Other,Other,True,0.3998105525970459,0.5391130447387695
435678,437061,0.3959965407848358,0.8334312438964844,Other,Other,True,0.43743470311164856,0.6147139072418213
435678,437368,0.3679504990577698,0.7461433410644531,Other,Other,True,0.37819284200668335,0.5570469498634338
435678,437422,0.41028767824172974,0.6961861252784729,Other,Other,True,0.28589844703674316,0.5532369017601013
435678,437873,0.40786319971084595,0.6563161611557007,Other,Other,True,0.24845296144485474,0.5320896506309509
435678,437878,0.44292324781417847,0.7128920555114746,Other,Other,True,0.26996880769729614,0.5779076814651489
435678,437898,0.34827518463134766,0.6984398365020752,Other,Other,True,0.35016465187072754,0.5233575105667114
435678,438821,0.43976420164108276,0.734295129776001,Other,Other,True,0.2945309281349182,0.5870296955108643
435678,439327,0.37239235639572144,0.8345562219619751,Other,Other,True,0.46216386556625366,0.6034743189811707
435702,435762,0.4408392012119293,0.6958529949188232,Other,Other,True,0.2550137937068939,0.5683460831642151
435702,436485,0.41067326068878174,0.6726453900337219,Other,Other,True,0.2619721293449402,0.5416593551635742
435702,436658,0.3630114197731018,0.7291532754898071,Other,Other,True,0.3661418557167053,0.5460823178291321
435702,436885,0.38900643587112427,0.6875422596931458,Other,Other,True,0.2985358238220215,0.538274347782135
435702,437059,0.4122927784919739,0.713543713092804,Other,Other,True,0.3012509346008301,0.5629183053970337
435702,437061,0.4029393196105957,0.7191981673240662,Other,Other,True,0.31625884771347046,0.5610687732696533
435702,437159,0.44278818368911743,0.6809633374214172,Other,Other,True,0.2381751537322998,0.5618758201599121
435702,437654,0.38339585065841675,0.6965551376342773,Other,Other,True,0.3131592869758606,0.5399755239486694
435702,437873,0.4302123188972473,0.7454593181610107,Other,Other,True,0.3152469992637634,0.5878357887268066
435702,437878,0.4393880367279053,0.7403169274330139,Other,Other,True,0.30092889070510864,0.5898524522781372
435702,437898,0.42448025941848755,0.7617114186286926,Other,Other,True,0.3372311592102051,0.5930958986282349
435702,439327,0.39028140902519226,0.6570481061935425,Other,Other,True,0.2667666971683502,0.5236647129058838
435762,435997,0.42875057458877563,0.7387328743934631,Other,Other,True,0.3099822998046875,0.5837416648864746
435762,436658,0.43774357438087463,0.6672301292419434,Other,Other,True,0.22948655486106873,0.5524868965148926
435762,437159,0.41653841733932495,0.7391322255134583,Other,Other,True,0.3225938081741333,0.5778353214263916
435762,438779,0.43940243124961853,0.7344070672988892,Other,Other,True,0.29500463604927063,0.586904764175415
435844,435868,0.43786442279815674,0.7576954364776611,Other,Other,True,0.3198310136795044,0.5977799892425537
435844,437159,0.4364832043647766,0.7380595803260803,Other,Other,True,0.3015763759613037,0.5872713923454285
435844,437654,0.37267249822616577,0.7652022838592529,Other,Other,True,0.39252978563308716,0.5689374208450317
435844,437873,0.4305134415626526,0.6923083662986755,Other,Other,True,0.26179492473602295,0.5614109039306641
435844,450761,0.3392411172389984,0.7001968622207642,Other,Other,True,0.36095574498176575,0.5197190046310425
435864,438821,0.42016249895095825,0.7092996835708618,Other,Other,True,0.28913718461990356,0.5647310614585876
435868,435991,0.43097183108329773,0.7065442800521851,Other,Other,True,0.27557244896888733,0.5687580704689026
435868,435997,0.31167036294937134,0.7151530981063843,Other,Other,True,0.40348273515701294,0.5134117603302002
435868,436485,0.4133639335632324,0.6571422815322876,Other,Other,True,0.24377834796905518,0.53525310754776
435868,436607,0.30033665895462036,0.7200073003768921,Other,Other,True,0.41967064142227173,0.5101719498634338
435868,436896,0.3870832324028015,0.6760919690132141,Other,Other,True,0.2890087366104126,0.5315876007080078
435868,437059,0.29728296399116516,0.6774240732192993,Other,Other,True,0.38014110922813416,0.4873535931110382
435868,437173,0.4110543429851532,0.6562148928642273,Other,Other,True,0.2451605498790741,0.5336346626281738
435868,437422,0.3602396547794342,0.6838894486427307,Other,Other,True,0.3236497938632965,0.5220645666122437
435868,437769,0.4314383268356323,0.6990916728973389,Other,Other,True,0.26765334606170654,0.5652650594711304
435868,437936,0.34189486503601074,0.6706839799880981,Other,Other,True,0.3287891149520874,0.5062894821166992
435897,435997,0.4058922529220581,0.6725045442581177,Other,Other,True,0.26661229133605957,0.5391983985900879
435897,436180,0.43601879477500916,0.6717733144760132,Other,Other,True,0.23575451970100403,0.5538960695266724
435897,436482,0.40098559856414795,0.6548532843589783,Other,Other,True,0.2538676857948303,0.5279194712638855
435897,437878,0.38042134046554565,0.6584879159927368,Other,Other,True,0.27806657552719116,0.5194547176361084
435897,437898,0.42572221159935,0.6644542813301086,Other,Other,True,0.23873206973075867,0.5450882315635681
435897,438821,0.42375481128692627,0.742117702960968,Other,Other,True,0.31836289167404175,0.5829362273216248
435897,452211,0.3688259720802307,0.6878024339675903,Other,Other,True,0.3189764618873596,0.5283142328262329
435897,456342,0.4419786036014557,0.6647249460220337,Other,South_Asia,False,0.222746342420578,0.553351879119873
435991,436658,0.41423434019088745,0.6557376384735107,Other,Other,True,0.2415032982826233,0.534986138343811
435991,437654,0.38167306780815125,0.6639408469200134,Other,Other,True,0.2822677791118622,0.5228070616722107
435997,436482,0.41816258430480957,0.6758242249488831,Other,Other,True,0.2576616406440735,0.5469934344291687
435997,436658,0.34654226899147034,0.7486306428909302,Other,Other,True,0.40208837389945984,0.5475864410400391
435997,437059,0.4069328308105469,0.7936183214187622,Other,Other,True,0.38668549060821533,0.6002756357192993
435997,437061,0.35239502787590027,0.7691937685012817,Other,Other,True,0.41679874062538147,0.5607944130897522
435997,437202,0.4083179235458374,0.6581685543060303,Other,Other,True,0.24985063076019287,0.5332432985305786
435997,437654,0.3422732949256897,0.672715425491333,Other,Other,True,0.3304421305656433,0.5074944496154785
435997,439327,0.3425663113594055,0.7129584550857544,Other,Other,True,0.3703921437263489,0.5277624130249023
436098,437873,0.4220994710922241,0.658028781414032,Other,Other,True,0.23592931032180786,0.5400640964508057
436098,437898,0.3579885959625244,0.6832581758499146,Other,Other,True,0.32526957988739014,0.5206233859062195
436099,436884,0.713319718837738,0.49904364347457886,Other,Other,True,0.21427607536315918,0.6061817407608032
436180,436658,0.4093269109725952,0.7180917263031006,Other,Other,True,0.30876481533050537,0.5637093186378479
436180,437873,0.36326539516448975,0.6998116970062256,Other,Other,True,0.33654630184173584,0.5315384864807129
436180,439327,0.40421760082244873,0.6952372193336487,Other,Other,True,0.29101961851119995,0.5497274398803711
436482,437061,0.4244597256183624,0.7152626514434814,Other,Other,True,0.290802925825119,0.5698611736297607
436482,437422,0.40862175822257996,0.668791651725769,Other,Other,True,0.2601698935031891,0.5387067198753357
436482,439327,0.40673914551734924,0.7117701768875122,Other,Other,True,0.30503103137016296,0.5592546463012695
436482,451909,0.3823874294757843,0.6895325183868408,Other,Other,True,0.3071450889110565,0.5359600782394409
436485,437898,0.43887460231781006,0.7318500280380249,Other,Other,True,0.29297542572021484,0.5853623151779175
436485,438821,0.41115617752075195,0.6866856217384338,Other,Other,True,0.2755294442176819,0.5489208102226257
436513,447752,0.6808397769927979,0.5057756900787354,Other,South_Asia,False,0.1750640869140625,0.5933077335357666
436513,452211,0.4209516942501068,0.7117775678634644,Other,Other,True,0.29082587361335754,0.5663646459579468
436607,436658,0.4340056777000427,0.6914757490158081,Other,Other,True,0.2574700713157654,0.562740683555603
436607,437159,0.4183344841003418,0.8038522005081177,Other,Other,True,0.3855177164077759,0.611093282699585
436607,437654,0.342996746301651,0.7218984961509705,Other,Other,True,0.37890174984931946,0.5324475765228271
436658,436885,0.40233930945396423,0.6780551075935364,Other,Other,True,0.27571579813957214,0.5401971936225891
436658,437878,0.3821134865283966,0.7003533244132996,Other,Other,True,0.31823983788490295,0.5412334203720093
436658,437936,0.40898948907852173,0.6935744881629944,Other,Other,True,0.28458499908447266,0.5512819886207581
436658,438821,0.3482734262943268,0.6740814447402954,Other,Other,True,0.32580801844596863,0.5111774206161499
436885,437508,0.4319203495979309,0.7725722789764404,Other,Other,True,0.3406519293785095,0.6022463440895081
436885,437898,0.4097071886062622,0.689153790473938,Other,Other,True,0.2794466018676758,0.5494304895401001
437059,437159,0.3903101682662964,0.8361566066741943,Other,Other,True,0.44584643840789795,0.6132334470748901
437059,437508,0.39547455310821533,0.7769941091537476,Other,Other,True,0.3815195560455322,0.586234450340271
437059,437868,0.40674206614494324,0.6571955680847168,Other,Other,True,0.25045350193977356,0.531968891620636
437059,438779,0.4271019697189331,0.7335290312767029,Other,Other,True,0.3064270615577698,0.5803155899047852
437059,438821,0.43599021434783936,0.7315451502799988,Other,Other,True,0.2955549359321594,0.5837677121162415
437061,437159,0.3272858262062073,0.7145276069641113,Other,Other,True,0.38724178075790405,0.5209068059921265
437061,437878,0.37503623962402344,0.7131334543228149,Other,Other,True,0.3380972146987915,0.5440848469734192
437061,437898,0.40141141414642334,0.7535726428031921,Other,Other,True,0.3521612286567688,0.5774919986724854
437061,438779,0.4282863140106201,0.7218900918960571,Other,Other,True,0.293603777885437,0.5750882625579834
437061,456342,0.4113496243953705,0.6703125238418579,Other,South_Asia,False,0.2589628994464874,0.5408310890197754
437159,437173,0.418802410364151,0.6713178157806396,Other,Other,True,0.25251540541648865,0.5450601577758789
437159,437422,0.43923676013946533,0.8126184940338135,Other,Other,True,0.37338173389434814,0.6259276866912842
437159,437508,0.41856056451797485,0.7740179300308228,Other,Other,True,0.3554573655128479,0.5962892770767212
437159,437654,0.3353501558303833,0.6591415405273438,Other,Other,True,0.32379138469696045,0.4972458481788635
437159,438779,0.39763474464416504,0.7373559474945068,Other,Other,True,0.3397212028503418,0.5674953460693359
437159,439327,0.3095640540122986,0.660857081413269,Other,Other,True,0.35129302740097046,0.4852105677127838
437173,438821,0.43066906929016113,0.7390704154968262,Other,Other,True,0.30840134620666504,0.5848697423934937
437202,437769,0.4397208094596863,0.6741443872451782,Other,Other,True,0.23442357778549194,0.5569326281547546
437202,447752,0.6537636518478394,0.4783952832221985,Other,South_Asia,False,0.17536836862564087,0.5660794973373413
437202,452211,0.35530465841293335,0.7421152591705322,Other,Other,True,0.3868106007575989,0.5487099885940552
437202,454357,0.74370276927948,0.4398079216480255,Other,South_Asia,False,0.30389484763145447,0.5917553305625916
437261,437898,0.43124890327453613,0.6637189388275146,Other,Other,True,0.23247003555297852,0.5474838614463806
437422,437654,0.3222581148147583,0.6821988224983215,Other,Other,True,0.35994070768356323,0.5022284984588623
437422,437868,0.3696333169937134,0.6856439113616943,Other,Other,True,0.31601059436798096,0.5276386141777039
437508,437654,0.34514904022216797,0.6678234338760376,Other,Other,True,0.32267439365386963,0.5064862370491028
437508,438821,0.42780572175979614,0.7011148929595947,Other,Other,True,0.2733091711997986,0.564460277557373
437508,451909,0.38211458921432495,0.6803431510925293,Other,Other,True,0.29822856187820435,0.5312288999557495
437654,437769,0.39033937454223633,0.7092812061309814,Other,Other,True,0.3189418315887451,0.5498102903366089
437769,453354,0.42759305238723755,0.6599912643432617,Other,South_Asia,False,0.23239821195602417,0.543792188167572
437868,437878,0.37475067377090454,0.6950536370277405,Other,Other,True,0.32030296325683594,0.5349022150039673
437868,437898,0.43877536058425903,0.814690351486206,Other,Other,True,0.375914990901947,0.6267328262329102
437868,438821,0.4391835629940033,0.6626862287521362,Other,Other,True,0.22350266575813293,0.5509348511695862
437873,437878,0.4070751368999481,0.6799662113189697,Other,Other,True,0.2728910744190216,0.5435206294059753
437873,438821,0.32458627223968506,0.6673284769058228,Other,Other,True,0.3427422046661377,0.49595731496810913
437878,437898,0.43892520666122437,0.755337119102478,Other,Other,True,0.31641191244125366,0.5971312522888184
437878,439327,0.39241737127304077,0.6786189079284668,Other,Other,True,0.286201536655426,0.5355181694030762
437898,438821,0.34285834431648254,0.7428770065307617,Other,Other,True,0.4000186622142792,0.5428676605224609
437898,439327,0.4138256013393402,0.6774128675460815,Other,Other,True,0.26358726620674133,0.5456192493438721
438779,439327,0.3940185308456421,0.6633532643318176,Other,Other,True,0.26933473348617554,0.5286858677864075
438821,439327,0.414145290851593,0.7646751403808594,Other,Other,True,0.35052984952926636,0.5894101858139038
438821,448183,0.6339629292488098,0.48016080260276794,Other,South_Asia,False,0.15380212664604187,0.5570618510246277
438821,454357,0.6218740344047546,0.5017157793045044,Other,South_Asia,False,0.12015825510025024,0.5617949366569519
439327,452211,0.34275949001312256,0.6688546538352966,Other,Other,True,0.3260951638221741,0.505807101726532
446273,446563,0.3769682049751282,0.6562430262565613,Other,South_Asia,False,0.2792748212814331,0.5166056752204895
446273,448938,0.37938380241394043,0.7003419399261475,Other,Other,True,0.32095813751220703,0.5398629903793335
446273,452740,0.41439372301101685,0.8086117506027222,Other,Other,True,0.3942180275917053,0.6115028262138367
446563,452032,0.3882099986076355,0.7202762365341187,South_Asia,Other,False,0.33206623792648315,0.5542432069778442
446563,452211,0.4237513542175293,0.6647477149963379,South_Asia,Other,False,0.2409963607788086,0.5442495942115784
447298,453317,0.6631685495376587,0.37392544746398926,South_Asia,Other,False,0.28924310207366943,0.5185470581054688
447804,452032,0.38481405377388,0.686561107635498,Other,Other,True,0.30174705386161804,0.5356876850128174
447804,752005,0.6557769775390625,0.44742345809936523,Other,East_Asia,False,0.20835351943969727,0.5516002774238586
448280,452032,0.42682671546936035,0.6758699417114258,Other,Other,True,0.24904322624206543,0.5513483285903931
448280,752005,0.631791353225708,0.5008791089057922,Other,East_Asia,False,0.13091224431991577,0.5663352012634277
448587,453317,0.6309754252433777,0.49292290210723877,South_Asia,Other,False,0.13805252313613892,0.5619491338729858
448938,450483,0.3917360305786133,0.6613280177116394,Other,Other,True,0.2695919871330261,0.5265321731567383
448938,452032,0.4302862584590912,0.6908293962478638,Other,Other,True,0.2605431377887726,0.5605579614639282
450761,452188,0.36898618936538696,0.6549512147903442,Other,Other,True,0.2859650254249573,0.511968731880188
451262,451302,0.6363570690155029,0.5043545961380005,South_Asia,Other,False,0.13200247287750244,0.5703558921813965
451262,452032,0.37546393275260925,0.6549145579338074,South_Asia,Other,False,0.2794506251811981,0.5151892900466919
451264,451302,0.6546696424484253,0.5003327131271362,South_Asia,Other,False,0.15433692932128906,0.577501118183136
451270,451302,0.6241019368171692,0.4936922788619995,South_Asia,Other,False,0.13040965795516968,0.5588971376419067
451270,452032,0.37096136808395386,0.6785019636154175,South_Asia,Other,False,0.3075405955314636,0.5247316956520081
451286,452032,0.4055814743041992,0.6679967641830444,South_Asia,Other,False,0.2624152898788452,0.5367891788482666
451287,452188,0.6669790744781494,0.49199190735816956,South_Asia,Other,False,0.17498716711997986,0.5794855952262878
451287,453317,0.7056311368942261,0.43133941292762756,South_Asia,Other,False,0.2742917239665985,0.5684852600097656
451308,752005,0.7258309125900269,0.4901575446128845,Other,East_Asia,False,0.23567336797714233,0.6079941987991333
451725,752005,0.7341750860214233,0.4249831736087799,Other,East_Asia,False,0.30919191241264343,0.5795791149139404
452032,453212,0.3896820843219757,0.6677607297897339,Other,South_Asia,False,0.2780786454677582,0.5287214517593384
452032,456342,0.4371017813682556,0.6642863154411316,Other,South_Asia,False,0.22718453407287598,0.5506941080093384
452211,452364,0.6272484660148621,0.4410683512687683,Other,Other,True,0.18618011474609375,0.53415846824646
452740,453312,0.3716275691986084,0.6600931286811829,Other,Other,True,0.28846555948257446,0.515860378742218
454353,752005,0.6293190121650696,0.426317036151886,South_Asia,East_Asia,False,0.2030019760131836,0.5278180241584778
454738,678610,0.3910490870475769,0.6947672963142395,South_Asia,Himalayan,False,0.3037182092666626,0.5429081916809082
