object_id,title,object_name,culture,period,date_begin,date_end,country,region,city,geography,medium,classification,description,tags,image_url,image_small_url,object_url,is_public_domain,source,search_keywords,department,dynasty,reign,credit_line
78191,Buddha Shakyamuni,Figure,Central Tibet,,1100,1199,,,,,Brass with colored pigments,Sculpture,"Zimmerman Family Collection, Purchase, Lila Acheson Wallace, Oscar L. Tang, Anthony W. and Lulu C. Wang and Annette de la Renta Gifts, 2012",Buddhism; Buddha,https://images.metmuseum.org/CRDImages/as/original/DP-15581-015.jpg,https://images.metmuseum.org/CRDImages/as/web-large/DP-15581-015.jpg,https://www.metmuseum.org/art/collection/search/78191,True,The Metropolitan Museum of Art Collection API,Buddha; Buddhist; Tibet; China,Asian Art,,,"Zimmerman Family Collection, Purchase, Lila Acheson Wallace, Oscar L. Tang, Anthony W. and Lulu C. Wang and Annette de la Renta Gifts, 2012"
42733,Buddha Maitreya (Mile),Figure,China,Northern Wei dynasty (386–534),486,486,,,,,Gilt bronze with traces of pigment; piece-mold cast,Sculpture,"John Stewart Kennedy Fund, 1926",Buddhism; Buddha; Maitreya,https://images.metmuseum.org/CRDImages/as/original/DP170102.jpg,https://images.metmuseum.org/CRDImages/as/web-large/DP170102.jpg,https://www.metmuseum.org/art/collection/search/42733,True,The Metropolitan Museum of Art Collection API,Buddha; Bodhisattva; China,Asian Art,,,"John Stewart Kennedy Fund, 1926"
38950,Bodhisattva Avalokiteshvara,Figure,"Plai Bat II Temple, Lahan Sai District, Buriram Province, Thailand",,750,775,,,,,Copper alloy inlaid with silver and glass or obsidian,Sculpture,"Rogers Fund, 1967",Buddhism; Avalokiteshvara; Bodhisattvas,https://images.metmuseum.org/CRDImages/as/original/LK_DP316445r3_25AA.jpg,https://images.metmuseum.org/CRDImages/as/web-large/LK_DP316445r3_25AA.jpg,https://www.metmuseum.org/art/collection/search/38950,True,The Metropolitan Museum of Art Collection API,Buddha; Buddhist; Bodhisattva; Avalokiteshvara,Asian Art,,,"Rogers Fund, 1967"
38634,Crowned  Bodhisattva,Bust,"North India (Uttar Pradesh, Mathura)",late Kushan dynasty,200,323,,,,,Sandstone,Sculpture,"Purchase, The Fred Eychaner Charitable Fund Gift, in honor of John Guy, 2016",Kushan; Mathura; Buddhism; Bodhisattvas,https://images.metmuseum.org/CRDImages/as/original/DP701395.jpg,https://images.metmuseum.org/CRDImages/as/web-large/DP701395.jpg,https://www.metmuseum.org/art/collection/search/38634,True,The Metropolitan Museum of Art Collection API,Buddha; Buddhist; Bodhisattva; India,Asian Art,,,"Purchase, The Fred Eychaner Charitable Fund Gift, in honor of John Guy, 2016"
193451,Good Shepherd,Statuette,,,1600,1799,,,,,"Ivory, with traces of gilding and polychromy",Sculpture-Miniature,"Gift of J. Pierpont Morgan, 1917",Animals; Birds; Buddha; Virgin Mary; Shepherds,https://images.metmuseum.org/CRDImages/es/original/38227.jpg,https://images.metmuseum.org/CRDImages/es/web-large/38227.jpg,https://www.metmuseum.org/art/collection/search/193451,True,The Metropolitan Museum of Art Collection API,Buddha; India,European Sculpture and Decorative Arts,,,"Gift of J. Pierpont Morgan, 1917"
53176,"Fudō Myōō, the Immovable Wisdom King (Achala Vidyaraja)",Figure,Japan,Kamakura period (1185–1333),1100,1400,,,,,"Japanese cypress with lacquer, color, gold, cut gold leaf (kirikane), and inlaid crystal eyes",Sculpture,"Mary Griggs Burke Collection, Gift of the Mary and Jackson Burke Foundation, 2015",Swords; Men,https://images.metmuseum.org/CRDImages/as/original/DP-22243-001.jpg,https://images.metmuseum.org/CRDImages/as/web-large/DP-22243-001.jpg,https://www.metmuseum.org/art/collection/search/53176,True,The Metropolitan Museum of Art Collection API,Buddha; Buddhist; Bodhisattva; Sutra; Ritual; India; China,Asian Art,,,"Mary Griggs Burke Collection, Gift of the Mary and Jackson Burke Foundation, 2015"
551786,"Book of the Dead of the Priest of Horus, Imhotep (Imuthes)","Papyrus, funerary, Book of the Dead, Imouthes, Imhotep, Imuthes",,Early Ptolemaic Period,-332,-200,,Middle Egypt,,Probably from,"Papyrus, ink",,"Gift of  Edward S. Harkness, 1935",Birds; Lions; Boats; Hieratic,https://images.metmuseum.org/CRDImages/eg/original/2-35.9.20a–w_EGDP014589-4594.jpg,https://images.metmuseum.org/CRDImages/eg/web-large/2-35.9.20a–w_EGDP014589-4594.jpg,https://www.metmuseum.org/art/collection/search/551786,True,The Metropolitan Museum of Art Collection API,Buddha; Buddhist; Bodhisattva; Avalokiteshvara; Guanyin; Tara; Vajra; Mandala; Thangka; Stupa; Sutra; Ritual; Tibet; Nepal; India; China,Egyptian Art,,,"Gift of  Edward S. Harkness, 1935"
729644,"In proof of true love, a watercarrier skeleton arguing with a woman (Posada); two skeleton angels in upper corners (Manilla)",Print,,,1885,1895,,,,,Type-metal engraving and letterpress,Prints,"The Elisha Whittelsey Collection, The Elisha Whittelsey Fund, 1946",Skeletons; Women,https://images.metmuseum.org/CRDImages/dp/original/DP865112.jpg,https://images.metmuseum.org/CRDImages/dp/web-large/DP865112.jpg,https://www.metmuseum.org/art/collection/search/729644,True,The Metropolitan Museum of Art Collection API,Buddha; Buddhist; Bodhisattva; Avalokiteshvara; Guanyin; Tara; Vajra; Mandala; Thangka; Stupa; Sutra; Ritual; Tibet; Nepal; India; China,Drawings and Prints,,,"The Elisha Whittelsey Collection, The Elisha Whittelsey Fund, 1946"
472562,The Fieschi Morgan Staurotheke,Reliquary,Byzantine,,800,835,,,Constantinople (?),Made in,"Gilded silver, gold, enamel worked in cloisonné, and niello",Enamels-Cloisonné,"Gift of J. Pierpont Morgan, 1917",Christ; Virgin Mary; Crucifixion; Saints,https://images.metmuseum.org/CRDImages/md/original/DT119.jpg,https://images.metmuseum.org/CRDImages/md/web-large/DT119.jpg,https://www.metmuseum.org/art/collection/search/472562,True,The Metropolitan Museum of Art Collection API,Buddha; Buddhist; Bodhisattva; Avalokiteshvara; Guanyin; Tara; Vajra; Mandala; Thangka; Stupa; Sutra; Ritual; Tibet; Nepal; India; China,Medieval Art,,,"Gift of J. Pierpont Morgan, 1917"
53660,Ten Verses on Oxherding,Handscroll,Japan,Kamakura period (1185–1333),1185,1350,,,,,Handscroll; ink and color on paper,Paintings,"Mary Griggs Burke Collection, Gift of the Mary and Jackson Burke Foundation, 2015",Men; Ox; Parables,https://images.metmuseum.org/CRDImages/as/original/2015_300_10_Burke_website.jpg,https://images.metmuseum.org/CRDImages/as/web-large/2015_300_10_Burke_website.jpg,https://www.metmuseum.org/art/collection/search/53660,True,The Metropolitan Museum of Art Collection API,Buddha; Buddhist; Bodhisattva; Avalokiteshvara; Guanyin; Tara; Vajra; Mandala; Thangka; Stupa; Sutra; Ritual; Tibet; Nepal; India; China,Asian Art,,,"Mary Griggs Burke Collection, Gift of the Mary and Jackson Burke Foundation, 2015"
53167,Flying Apsaras (Hiten),Plaques,Japan,Heian period (794–1185),900,1300,,,,,Japanese cypress with lacquer and gold,Sculpture,"Mary Griggs Burke Collection, Gift of the Mary and Jackson Burke Foundation, 2015",Buddhism; Bodhisattvas,https://images.metmuseum.org/CRDImages/as/original/2015_300_251a_Burke_website.jpg,https://images.metmuseum.org/CRDImages/as/web-large/2015_300_251a_Burke_website.jpg,https://www.metmuseum.org/art/collection/search/53167,True,The Metropolitan Museum of Art Collection API,Buddha; Buddhist; Bodhisattva; Avalokiteshvara; India; China,Asian Art,,,"Mary Griggs Burke Collection, Gift of the Mary and Jackson Burke Foundation, 2015"
53162,Tobatsu Bishamonten,Figure,Japan,Heian period (794–1185),800,1150,,,,,Zelkova wood with traces of color,Sculpture,"Mary Griggs Burke Collection, Gift of the Mary and Jackson Burke Foundation, 2015",Buddhism; Deities,https://images.metmuseum.org/CRDImages/as/original/DP-27915-006.jpg,https://images.metmuseum.org/CRDImages/as/web-large/DP-27915-006.jpg,https://www.metmuseum.org/art/collection/search/53162,True,The Metropolitan Museum of Art Collection API,Buddha; Buddhist; Bodhisattva; Avalokiteshvara; Guanyin; Tara; Vajra; Mandala; Thangka; Stupa; Sutra; Ritual; Tibet; Nepal; India; China,Asian Art,,,"Mary Griggs Burke Collection, Gift of the Mary and Jackson Burke Foundation, 2015"
329077,Head of a ruler,Sculpture,,Early Bronze Age,-2300,-2000,,Mesopotamia,,,Copper alloy,,"Rogers Fund, 1947",Heads; Men,https://images.metmuseum.org/CRDImages/an/original/DP-23662-001.jpg,https://images.metmuseum.org/CRDImages/an/web-large/DP-23662-001.jpg,https://www.metmuseum.org/art/collection/search/329077,True,The Metropolitan Museum of Art Collection API,Buddha; Buddhist; Bodhisattva; Avalokiteshvara; Guanyin; Tara; Vajra; Mandala; Thangka; Stupa; Sutra; Ritual; Tibet; Nepal; India; China,Ancient West Asian Art,,,"Rogers Fund, 1947"
38452,The Death of the Buddha (Parinirvana),Relief panel,Pakistan (ancient region of Gandhara),Kushan period,200,299,,,,,Schist,Sculpture,"Gift of Florence and Herbert Irving, 2015",Gandhara; Sadness; Men; Buddhism; Buddha; Death,https://images.metmuseum.org/CRDImages/as/original/DP123361.jpg,https://images.metmuseum.org/CRDImages/as/web-large/DP123361.jpg,https://www.metmuseum.org/art/collection/search/38452,True,The Metropolitan Museum of Art Collection API,Buddha; Buddhist; Stupa; India,Asian Art,,,"Gift of Florence and Herbert Irving, 2015"
36225,Dong Xiaowan in her sickbed,Hanging scroll,China,,1900,1933,,,,,Hanging scroll; ink and color on silk,Paintings,"Gift of Robert Hatfield Ellsworth, in memory of La Ferne Hatfield Ellsworth, 1986",,,,https://www.metmuseum.org/art/collection/search/36225,False,The Metropolitan Museum of Art Collection API,Buddha; Buddhist; Bodhisattva; Avalokiteshvara; Guanyin; Tara; Vajra; Mandala; Thangka; Stupa; Sutra; Ritual; Tibet; Nepal; India; China,Asian Art,,,"Gift of Robert Hatfield Ellsworth, in memory of La Ferne Hatfield Ellsworth, 1986"
38006,Portrait of the Indian Monk Atisha,Thangka,Tibet,,1100,1150,,,,,Distemper and gold on cloth,Paintings,"Gift of Steven Kossak, The Kronos Collections, 1993",Men; Portraits; Buddhism; Monks,https://images.metmuseum.org/CRDImages/as/original/DP-42256-001.jpg,https://images.metmuseum.org/CRDImages/as/web-large/DP-42256-001.jpg,https://www.metmuseum.org/art/collection/search/38006,True,The Metropolitan Museum of Art Collection API,Buddha; Buddhist; Thangka; Stupa; Tibet; India; China,Asian Art,,,"Gift of Steven Kossak, The Kronos Collections, 1993"
437422,Charity,Painting,,,1625,1635,,,,,Oil on canvas,Paintings,"Gift of Mr. and Mrs. Charles Wrightsman, 1974",Children; Women; Allegory; Nursing,https://images.metmuseum.org/CRDImages/ep/original/DT10776.jpg,https://images.metmuseum.org/CRDImages/ep/web-large/DT10776.jpg,https://www.metmuseum.org/art/collection/search/437422,True,The Metropolitan Museum of Art Collection API,Buddha; Buddhist; Bodhisattva; Avalokiteshvara; Guanyin; Tara; Vajra; Mandala; Thangka; Stupa; Sutra; Ritual; Tibet; Nepal; India; China,European Paintings,,,"Gift of Mr. and Mrs. Charles Wrightsman, 1974"
310453,Nkishi (community power figure),Male figure,Songye peoples,,1800,1950,Democratic Republic of the Congo,Lomami River region,,,"Wood, copper, brass, iron, fiber, snakeskin, leather, fur, feathers, mud, resin",Wood-Sculpture,"Purchase, Mrs. Charles Engelhard and Mary R. Morgan Gifts and Rogers Fund, 1978",Men; Ritual Objects,,,https://www.metmuseum.org/art/collection/search/310453,False,The Metropolitan Museum of Art Collection API,Buddha; Buddhist; Bodhisattva; Avalokiteshvara; Guanyin; Tara; Vajra; Mandala; Thangka; Stupa; Sutra; Ritual; Tibet; Nepal; India; China,The Michael C. Rockefeller Wing,,,"Purchase, Mrs. Charles Engelhard and Mary R. Morgan Gifts and Rogers Fund, 1978"
459028,Portrait of Alvise Contarini(?); (verso) A Tethered Roebuck,Painting,,,1480,1500,,,,,Oil on wood; verso: oil and gold on wood,Paintings,"Robert Lehman Collection, 1975",Men; Portraits; Profiles,https://images.metmuseum.org/CRDImages/rl/original/DP221485.jpg,https://images.metmuseum.org/CRDImages/rl/web-large/DP221485.jpg,https://www.metmuseum.org/art/collection/search/459028,True,The Metropolitan Museum of Art Collection API,Buddha; Buddhist; Bodhisattva; Avalokiteshvara; Guanyin; Tara; Vajra; Mandala; Thangka; Stupa; Sutra; Ritual; Tibet; Nepal; India; China,Robert Lehman Collection,,,"Robert Lehman Collection, 1975"
459027,"Portrait of a Woman, Possibly a Nun of San Secondo; (verso) Scene in Grisaille",Painting,,,1480,1500,,,,,Oil on wood; (verso: oil and gold on wood),Paintings,"Robert Lehman Collection, 1975",Portraits; Women,https://images.metmuseum.org/CRDImages/rl/original/DP221483.jpg,https://images.metmuseum.org/CRDImages/rl/web-large/DP221483.jpg,https://www.metmuseum.org/art/collection/search/459027,True,The Metropolitan Museum of Art Collection API,Buddha; Buddhist; Bodhisattva; Avalokiteshvara; Guanyin; Tara; Vajra; Mandala; Thangka; Stupa; Sutra; Ritual; Tibet; Nepal; India; China,Robert Lehman Collection,,,"Robert Lehman Collection, 1975"
206965,Longcase astronomical regulator,Longcase astronomical regulator,,,1763,1775,,,,,"Case: oak veneered with ebony and brass, with gilt-bronze mounts; Dial: white enamel; Movement: gilded brass and steel",Horology,"The Jack and Belle Linsky Collection, 1982",,https://images.metmuseum.org/CRDImages/es/original/DP336058.jpg,https://images.metmuseum.org/CRDImages/es/web-large/DP336058.jpg,https://www.metmuseum.org/art/collection/search/206965,True,The Metropolitan Museum of Art Collection API,Buddha; Buddhist; Bodhisattva; Avalokiteshvara; Guanyin; Tara; Vajra; Mandala; Thangka; Stupa; Sutra; Ritual; Tibet; Nepal; India; China,European Sculpture and Decorative Arts,,,"The Jack and Belle Linsky Collection, 1982"
544320,Stela of the Steward Mentuwoser,"Stela, Mentuwoser",,Middle Kingdom,-1944,-1944,,Northern Upper Egypt,,Probably from,"Limestone, paint",,"Gift of Edward S. Harkness, 1912",Food; Men; Hieroglyphs,https://images.metmuseum.org/CRDImages/eg/original/DP322064.jpg,https://images.metmuseum.org/CRDImages/eg/web-large/DP322064.jpg,https://www.metmuseum.org/art/collection/search/544320,True,The Metropolitan Museum of Art Collection API,Buddha; Buddhist; Bodhisattva; Avalokiteshvara; Guanyin; Tara; Vajra; Mandala; Thangka; Stupa; Sutra; Ritual; Tibet; Nepal; India; China,Egyptian Art,Dynasty 12,"reign of Senwosret I, year 17","Gift of Edward S. Harkness, 1912"
317877,Processional Cross,Cross,Northern Highlands region,,1300,1500,Ethiopia,Lasta region,,,Brass,Metal-Sculpture,"Purchase, Elaine Rosenberg Gift and funds from various donors, 1998",,https://images.metmuseum.org/CRDImages/ao/original/DP100984.jpg,https://images.metmuseum.org/CRDImages/ao/web-large/DP100984.jpg,https://www.metmuseum.org/art/collection/search/317877,True,The Metropolitan Museum of Art Collection API,Buddha; Buddhist; Bodhisattva; Avalokiteshvara; Guanyin; Tara; Vajra; Mandala; Thangka; Stupa; Sutra; Ritual; Tibet; Nepal; India; China,The Michael C. Rockefeller Wing,,,"Purchase, Elaine Rosenberg Gift and funds from various donors, 1998"
816189,"”Abiding nowhere, the awakened mind arises”",Hanging scroll,Japan,Kamakura (1185–1333) or Nanbokuchō (1336–92) period,1333,1350,,,,,Hanging scroll; ink on paper,Calligraphy,"Mary and Cheney Cowles Collection, Gift of Mary and Cheney Cowles, 2018",,https://images.metmuseum.org/CRDImages/as/original/DP-17101-002.jpg,https://images.metmuseum.org/CRDImages/as/web-large/DP-17101-002.jpg,https://www.metmuseum.org/art/collection/search/816189,True,The Metropolitan Museum of Art Collection API,Buddha; Buddhist; Bodhisattva; Avalokiteshvara; Guanyin; Tara; Vajra; Mandala; Thangka; Stupa; Sutra; Ritual; Tibet; Nepal; India; China,Asian Art,,,"Mary and Cheney Cowles Collection, Gift of Mary and Cheney Cowles, 2018"
200668,Sabine Houdon (1787–1836),Bust,,,1788,1788,,,,,White marble on gray marble socle,Sculpture,"Bequest of Mary Stillman Harkness, 1950",Girls; Portraits,https://images.metmuseum.org/CRDImages/es/original/DP242660.jpg,https://images.metmuseum.org/CRDImages/es/web-large/DP242660.jpg,https://www.metmuseum.org/art/collection/search/200668,True,The Metropolitan Museum of Art Collection API,Buddha; Buddhist; Bodhisattva; Avalokiteshvara; Guanyin; Tara; Vajra; Mandala; Thangka; Stupa; Sutra; Ritual; Tibet; Nepal; India; China,European Sculpture and Decorative Arts,,,"Bequest of Mary Stillman Harkness, 1950"
544740,Yuny and His Wife Renenutet,"Statue, Yuny, Renenutet, pair, menat, music",,"New Kingdom, Ramesside",-1294,-1279,Egypt,Middle Egypt,,From,"Limestone, paint",,"Rogers Fund, 1915",Couples; Men; Women,https://images.metmuseum.org/CRDImages/eg/original/DT549.jpg,https://images.metmuseum.org/CRDImages/eg/web-large/DT549.jpg,https://www.metmuseum.org/art/collection/search/544740,True,The Metropolitan Museum of Art Collection API,Buddha; Buddhist; Bodhisattva; Avalokiteshvara; Guanyin; Tara; Vajra; Mandala; Thangka; Stupa; Sutra; Ritual; Tibet; Nepal; India; China,Egyptian Art,Dynasty 19,reign of Seti I,"Rogers Fund, 1915"
437059,Young Woman with a Pink,Painting,,,1485,1490,,,,,Oil on wood,Paintings,"The Jules Bache Collection, 1949",Portraits; Women,https://images.metmuseum.org/CRDImages/ep/original/DP-45396-001.jpg,https://images.metmuseum.org/CRDImages/ep/web-large/DP-45396-001.jpg,https://www.metmuseum.org/art/collection/search/437059,True,The Metropolitan Museum of Art Collection API,Buddha; Buddhist; Bodhisattva; Avalokiteshvara; Guanyin; Tara; Vajra; Mandala; Thangka; Stupa; Sutra; Ritual; Tibet; Nepal; India; China,European Paintings,,,"The Jules Bache Collection, 1949"
53187,Kasuga Deer Mandala (Kasuga shika mandara zu),Hanging scroll,Japan,Nanbokuchō period (1336–92),1300,1400,,,,,Hanging scroll; color on silk,Paintings,"Mary Griggs Burke Collection, Gift of the Mary and Jackson Burke Foundation, 2015",Deer; Buddhism; Bodhisattvas; Buddha,https://images.metmuseum.org/CRDImages/as/original/DP361152.jpg,https://images.metmuseum.org/CRDImages/as/web-large/DP361152.jpg,https://www.metmuseum.org/art/collection/search/53187,True,The Metropolitan Museum of Art Collection API,Buddha; Buddhist; Bodhisattva; Avalokiteshvara; Mandala; China,Asian Art,,,"Mary Griggs Burke Collection, Gift of the Mary and Jackson Burke Foundation, 2015"
38122,"Seated Buddha Reaching Enlightenment, Flanked by Avalokiteshvara and Maitreya",Stele,"India, Bihar, Nalanda monastery",Pala period,971,1099,,,,,Black schist,Sculpture,"Rogers Fund, 1920",Buddhism; Avalokiteshvara; Buddha; Maitreya,https://images.metmuseum.org/CRDImages/as/original/6 DP310502r3_61A.jpg,https://images.metmuseum.org/CRDImages/as/web-large/6 DP310502r3_61A.jpg,https://www.metmuseum.org/art/collection/search/38122,True,The Metropolitan Museum of Art Collection API,Buddha; Bodhisattva; Avalokiteshvara; India,Asian Art,,,"Rogers Fund, 1920"
45449,Buddha offering protection,Figure,"India, unknown provenance in the Deccan, likely Andhra Pradesh",Visnukundin,400,499,,,,,Copper alloy,Sculpture,"Purchase, The Chinese Porcelain Company Gift, 1998",Later Andhra; Buddhism; Buddha; Shakyamuni,https://images.metmuseum.org/CRDImages/as/original/DP-26346-002.jpg,https://images.metmuseum.org/CRDImages/as/web-large/DP-26346-002.jpg,https://www.metmuseum.org/art/collection/search/45449,True,The Metropolitan Museum of Art Collection API,Buddha; Buddhist; Ritual; India,Asian Art,,,"Purchase, The Chinese Porcelain Company Gift, 1998"
690059,"“The Historical Buddha Preaching,” a section from The Illustrated Sutra of Past and Present Karma (Kako genzai inga kyō emaki)",Hanging scroll,Japan,Nara period (710–794),734,766,,,,,Handscroll section mounted as a hanging scroll;  ink and color on paper,Paintings,"Purchase, Louis V. Bell, Harris Brisbane Dick, Fletcher, and Rogers Funds and Joseph Pulitzer Bequest; The Vincent Astor Foundation and Mary and James G. Wallach Foundation Gifts, 2016",Men; Buddha,https://images.metmuseum.org/CRDImages/as/original/DP-757-002.jpg,https://images.metmuseum.org/CRDImages/as/web-large/DP-757-002.jpg,https://www.metmuseum.org/art/collection/search/690059,True,The Metropolitan Museum of Art Collection API,Buddha; Buddhist; Sutra; India,Asian Art,,,"Purchase, Louis V. Bell, Harris Brisbane Dick, Fletcher, and Rogers Funds and Joseph Pulitzer Bequest; The Vincent Astor Foundation and Mary and James G. Wallach Foundation Gifts, 2016"
68310,Seven-Panel Buddhist Monk’s Vestment (Shichijō kesa) with Peony Patterns in Undulating Columns,"Robe, Priest's",Japan,Edo period (1615–1868),1700,1733,,,,,Twill-weave silk with supplementary weft patterning,Textiles-Costumes,"Purchase, Joseph Pulitzer Bequest, 1919",,https://images.metmuseum.org/CRDImages/as/original/43842.jpg,https://images.metmuseum.org/CRDImages/as/web-large/43842.jpg,https://www.metmuseum.org/art/collection/search/68310,True,The Metropolitan Museum of Art Collection API,Buddha; Buddhist,Asian Art,,,"Purchase, Joseph Pulitzer Bequest, 1919"
68308,Seven-Panel Buddhist Monk’s Vestment (Shichijō kesa) with Crane Patterns on Hexagonal Diaper Pattern (Mokkō) Background,"Robe, Monk's",Japan,Edo period (1615–1868),1615,1624,,,,,Twill-weave silk with supplementary weft patterning (karaori),Textiles-Costumes,"Purchase, Joseph Pulitzer Bequest, 1919",Cranes,https://images.metmuseum.org/CRDImages/as/original/43840.jpg,https://images.metmuseum.org/CRDImages/as/web-large/43840.jpg,https://www.metmuseum.org/art/collection/search/68308,True,The Metropolitan Museum of Art Collection API,Buddha; Buddhist,Asian Art,,,"Purchase, Joseph Pulitzer Bequest, 1919"
458967,Saint Anthony the Abbot in the Wilderness,Painting,,,1435,1445,,,,,Tempera and gold on wood,Paintings,"Robert Lehman Collection, 1975",Deer; Landscapes; Saints,https://images.metmuseum.org/CRDImages/rl/original/DP319194.jpg,https://images.metmuseum.org/CRDImages/rl/web-large/DP319194.jpg,https://www.metmuseum.org/art/collection/search/458967,True,The Metropolitan Museum of Art Collection API,Buddha; Buddhist; Bodhisattva; Avalokiteshvara; Guanyin; Tara; Vajra; Mandala; Thangka; Stupa; Sutra; Ritual; Tibet; Nepal; India; China,Robert Lehman Collection,,,"Robert Lehman Collection, 1975"
53190,Guardian Lion-Dogs,Figures,Japan,Kamakura period (1185–1333),1150,1450,,,,,"Japanese cypress with lacquer, gold leaf, and color",Sculpture,"Mary Griggs Burke Collection, Gift of the Mary and Jackson Burke Foundation, 2015",Lions,https://images.metmuseum.org/CRDImages/as/original/DP-23915-001.jpg,https://images.metmuseum.org/CRDImages/as/web-large/DP-23915-001.jpg,https://www.metmuseum.org/art/collection/search/53190,True,The Metropolitan Museum of Art Collection API,Buddha; Buddhist; India; China,Asian Art,,,"Mary Griggs Burke Collection, Gift of the Mary and Jackson Burke Foundation, 2015"
435848,The Birth of the Virgin,Painting,,,1467,1467,,,,,Tempera and oil on wood,Paintings,"Rogers and Gwynne Andrews Funds, 1935",Infants; Men; Women; Saint Anne; Virgin Mary,https://images.metmuseum.org/CRDImages/ep/original/DP109484.jpg,https://images.metmuseum.org/CRDImages/ep/web-large/DP109484.jpg,https://www.metmuseum.org/art/collection/search/435848,True,The Metropolitan Museum of Art Collection API,Buddha; Buddhist; Bodhisattva; Avalokiteshvara; Guanyin; Tara; Vajra; Mandala; Thangka; Stupa; Sutra; Ritual; Tibet; Nepal; India; China,European Paintings,,,"Rogers and Gwynne Andrews Funds, 1935"
53165,Male and Female Shinto Deities,Figures,Japan,Heian period (ca. 900–1185),800,1100,,,,,Japanese cypress with traces of color,Sculpture,"Mary Griggs Burke Collection, Gift of the Mary and Jackson Burke Foundation, 2015",Deities; Shintō,https://images.metmuseum.org/CRDImages/as/original/DP-16151-001.jpg,https://images.metmuseum.org/CRDImages/as/web-large/DP-16151-001.jpg,https://www.metmuseum.org/art/collection/search/53165,True,The Metropolitan Museum of Art Collection API,Buddha; Buddhist,Asian Art,,,"Mary Griggs Burke Collection, Gift of the Mary and Jackson Burke Foundation, 2015"
40282,Buddha Amitabha Descending from his Pure Land,Hanging scroll,China,Southern Song dynasty (1127–1279),1200,1279,,,,,Hanging scroll; ink and color on silk,Paintings,"Purchase, The Dillon Fund Gift, 1980",Buddhism; Buddha,https://images.metmuseum.org/CRDImages/as/original/DP222080.jpg,https://images.metmuseum.org/CRDImages/as/web-large/DP222080.jpg,https://www.metmuseum.org/art/collection/search/40282,True,The Metropolitan Museum of Art Collection API,Buddha; Buddhist; China,Asian Art,,,"Purchase, The Dillon Fund Gift, 1980"
38777,Head of Buddha,Head,Pakistan (ancient region of Gandhara),,250,450,,,,,Stucco with traces of paint,Sculpture,"Rogers Fund, 1913",Gandhara; Heads; Buddhism; Buddha,https://images.metmuseum.org/CRDImages/as/original/DP123377.jpg,https://images.metmuseum.org/CRDImages/as/web-large/DP123377.jpg,https://www.metmuseum.org/art/collection/search/38777,True,The Metropolitan Museum of Art Collection API,Buddha,Asian Art,,,"Rogers Fund, 1913"
61820,"Seated Buddha, probably Shakyamuni (Shijiamouni)",Figure,China,Sixteen Kingdoms period (304–439),367,433,,,,,Gilt bronze; piece-mold cast,Sculpture,"Purchase, Arthur M. Sackler Gift, 1974",Buddhism; Buddha,https://images.metmuseum.org/CRDImages/as/original/DP-15581-062.jpg,https://images.metmuseum.org/CRDImages/as/web-large/DP-15581-062.jpg,https://www.metmuseum.org/art/collection/search/61820,True,The Metropolitan Museum of Art Collection API,Buddha; Ritual; China,Asian Art,,,"Purchase, Arthur M. Sackler Gift, 1974"
54791,Amida Manifesting in the Dharma-body of Expedient Means,Painting,Japan,Edo period (1615–1868),1700,1799,,,,,"Ink, color, and cut silver on silk",Paintings,"Rogers Fund, 1918",Buddhism; Buddha,https://images.metmuseum.org/CRDImages/as/original/18_146_1_O4_sf.JPG,https://images.metmuseum.org/CRDImages/as/web-large/18_146_1_O4_sf.JPG,https://www.metmuseum.org/art/collection/search/54791,True,The Metropolitan Museum of Art Collection API,Buddha; Bodhisattva,Asian Art,,,"Rogers Fund, 1918"
828457,Head of Buddha Shakyamuni,Head,Thailand,,1400,1599,,,,,Bronze with traces of gilt,Sculpture,"Gift of Samuel and Gabrielle Lurie, 2019",,https://images.metmuseum.org/CRDImages/as/original/DP-23917-001.jpg,https://images.metmuseum.org/CRDImages/as/web-large/DP-23917-001.jpg,https://www.metmuseum.org/art/collection/search/828457,True,The Metropolitan Museum of Art Collection API,Buddha; Bodhisattva,Asian Art,,,"Gift of Samuel and Gabrielle Lurie, 2019"
436102,Virgin and Child with Four Angels,Painting,,,1510,1515,,,,,Oil on wood,Paintings,"Gift of Mr. and Mrs. Charles Wrightsman, 1977",Musical Instruments; Harps; Angels; Madonna and Child,https://images.metmuseum.org/CRDImages/ep/original/DP-1410-001.jpg,https://images.metmuseum.org/CRDImages/ep/web-large/DP-1410-001.jpg,https://www.metmuseum.org/art/collection/search/436102,True,The Metropolitan Museum of Art Collection API,Buddha; Buddhist; Bodhisattva; Avalokiteshvara; Guanyin; Tara; Vajra; Mandala; Thangka; Stupa; Sutra; Ritual; Tibet; Nepal; India; China,European Paintings,,,"Gift of Mr. and Mrs. Charles Wrightsman, 1977"
824771,Marie Antoinette in a Park,Drawing,,,1775,1786,,,,,"Black chalk, stumped, and white chalk; framing lines in black chalk",Drawings,"Bequest of Mrs. Charles Wrightsman, 2019",Marie Antoinette; Queens; Portraits; Women,https://images.metmuseum.org/CRDImages/dp/original/DP-18368-001.jpg,https://images.metmuseum.org/CRDImages/dp/web-large/DP-18368-001.jpg,https://www.metmuseum.org/art/collection/search/824771,True,The Metropolitan Museum of Art Collection API,Buddha; Buddhist; Bodhisattva; Avalokiteshvara; Guanyin; Tara; Vajra; Mandala; Thangka; Stupa; Sutra; Ritual; Tibet; Nepal; India; China,Drawings and Prints,,,"Bequest of Mrs. Charles Wrightsman, 2019"
192770,Saint Bridget of Sweden Receiving the Rule of Her Order,Relief,,,1459,1459,,,,,Marble,Sculpture,"John Stewart Kennedy Fund, 1914",Women; Flowers; Angels; Saints,https://images.metmuseum.org/CRDImages/es/original/DP224276.jpg,https://images.metmuseum.org/CRDImages/es/web-large/DP224276.jpg,https://www.metmuseum.org/art/collection/search/192770,True,The Metropolitan Museum of Art Collection API,Buddha; Buddhist; Bodhisattva; Avalokiteshvara; Guanyin; Tara; Vajra; Mandala; Thangka; Stupa; Sutra; Ritual; Tibet; Nepal; India; China,European Sculpture and Decorative Arts,,,"John Stewart Kennedy Fund, 1914"
38317,Plaque with Scenes from the Life of the Buddha,Plaque,India (Bihar or West Bengal),Pala period,1100,1199,,,,,Mudstone,Sculpture,"Purchase, Anonymous Gift, 1982",Buddhism; Buddha,https://images.metmuseum.org/CRDImages/as/original/DP102618.jpg,https://images.metmuseum.org/CRDImages/as/web-large/DP102618.jpg,https://www.metmuseum.org/art/collection/search/38317,True,The Metropolitan Museum of Art Collection API,Buddha; Buddhist; Tibet; India,Asian Art,,,"Purchase, Anonymous Gift, 1982"
438821,Ia Orana Maria (Hail Mary),Painting,,,1891,1891,,,,,Oil on canvas,Paintings,"Bequest of Sam A. Lewisohn, 1951",Women; Landscapes; Angels; Virgin Mary; Jesus,https://images.metmuseum.org/CRDImages/ep/original/DT1025.jpg,https://images.metmuseum.org/CRDImages/ep/web-large/DT1025.jpg,https://www.metmuseum.org/art/collection/search/438821,True,The Metropolitan Museum of Art Collection API,Buddha; Buddhist; Bodhisattva; Avalokiteshvara; Guanyin; Tara; Vajra; Mandala; Thangka; Stupa; Sutra; Ritual; Tibet; Nepal; India; China,European Paintings,,,"Bequest of Sam A. Lewisohn, 1951"
41865,Ink Tablet,Ink tablet,China,"Qing dynasty (1644–1911), Qianlong period (1736–95)",1736,1795,,,,,Ink,Ink,"Gift of A. W. Bahr, 1958",Buddhism; Buddha,https://images.metmuseum.org/CRDImages/as/original/58_64_29_O1.jpg,https://images.metmuseum.org/CRDImages/as/web-large/58_64_29_O1.jpg,https://www.metmuseum.org/art/collection/search/41865,True,The Metropolitan Museum of Art Collection API,Buddha; Sutra; China,Asian Art,,,"Gift of A. W. Bahr, 1958"
752005,"Welcoming Descent of Amida, the Buddha of Infinite Light, and His Holy Retinue",Hanging scroll,Japan,Kamakura (1185–1333)–Nanbokuchō (1336–92) period,1333,1392,,,,,"Hanging scroll; ink, color, gold, and cut gold leaf (kirikane) on silk",Paintings,"Gift of Sue Cassidy Clark, in honor of Barbara Brennan Ford, 2023",,https://images.metmuseum.org/CRDImages/as/original/DP-16218-019.jpg,https://images.metmuseum.org/CRDImages/as/web-large/DP-16218-019.jpg,https://www.metmuseum.org/art/collection/search/752005,True,The Metropolitan Museum of Art Collection API,Buddha; Buddhist; Bodhisattva,Asian Art,,,"Gift of Sue Cassidy Clark, in honor of Barbara Brennan Ford, 2023"
78145,Portrait of Bodhidharma,Hanging scroll,Japan,Edo period (1615–1868),1734,1766,,,,,Hanging scroll; ink on paper,Paintings,"Gift of Florence and Herbert Irving, 2015",Men; Portraits,https://images.metmuseum.org/CRDImages/as/original/DP355572.jpg,https://images.metmuseum.org/CRDImages/as/web-large/DP355572.jpg,https://www.metmuseum.org/art/collection/search/78145,True,The Metropolitan Museum of Art Collection API,Buddha; Buddhist; China,Asian Art,,,"Gift of Florence and Herbert Irving, 2015"
701293,Poems from the Pavilion of True Meaning,Album,China,Qing dynasty (1644–1911),1663,1672,,,,,Album of twenty-eight leaves; ink on paper,Calligraphy,"Gift of Julia and John Curtis, 2015",Poetry; Calligraphy,https://images.metmuseum.org/CRDImages/as/original/DP-13240-001.jpg,https://images.metmuseum.org/CRDImages/as/web-large/DP-13240-001.jpg,https://www.metmuseum.org/art/collection/search/701293,True,The Metropolitan Museum of Art Collection API,Buddha; Buddhist; Bodhisattva; Avalokiteshvara; Guanyin; Tara; Vajra; Mandala; Thangka; Stupa; Sutra; Ritual; Tibet; Nepal; India; China,Asian Art,,,"Gift of Julia and John Curtis, 2015"
670889,Luring the Sun Goddess Amaterasu Out of a Cave with Music; Death of the Historical Buddha,Hanging scrolls,Japan,Meiji period (1868–1912),1868,1899,,,,,"Pair of hanging scrolls; ink, color, and gold on silk",Paintings,"Mary Griggs Burke Collection, Gift of the Mary and Jackson Burke Foundation, 2015",Caves; Landscapes,https://images.metmuseum.org/CRDImages/as/original/DP-12232-265.jpg,https://images.metmuseum.org/CRDImages/as/web-large/DP-12232-265.jpg,https://www.metmuseum.org/art/collection/search/670889,True,The Metropolitan Museum of Art Collection API,Buddha,Asian Art,,,"Mary Griggs Burke Collection, Gift of the Mary and Jackson Burke Foundation, 2015"
296370,"Da Fu, Le Shan, Sichuan, China",Photograph,,,1986,1986,,,,,Platinum print,Photographs,"Gift of Susan and Arthur Fleischer Jr., 2011",Sculpture; Mountains; Landscapes; Buddha,,,https://www.metmuseum.org/art/collection/search/296370,False,The Metropolitan Museum of Art Collection API,Buddha; China,Photographs,,,"Gift of Susan and Arthur Fleischer Jr., 2011"
437261,The Penitence of Saint Jerome,"Painting, triptych",,,1510,1520,,,,,Oil on wood,Paintings,"Fletcher Fund, 1936",Landscapes; Saint Jerome; Saint John the Baptist; Jesus; Baptism of Christ,https://images.metmuseum.org/CRDImages/ep/original/DT5549.jpg,https://images.metmuseum.org/CRDImages/ep/web-large/DT5549.jpg,https://www.metmuseum.org/art/collection/search/437261,True,The Metropolitan Museum of Art Collection API,Buddha; Buddhist; Bodhisattva; Avalokiteshvara; Guanyin; Tara; Vajra; Mandala; Thangka; Stupa; Sutra; Ritual; Tibet; Nepal; India; China,European Paintings,,,"Fletcher Fund, 1936"
460281,Tabernacle Polyptych with the Madonna and Child and Scenes from the Life of Christ,Tabernacle polyptych,Northern France (?),,1272,1303,,,,,Ivory with traces of original gilding and polychromy; silver hinges.,Ivories,"Robert Lehman Collection, 1975",Christ; Madonna and Child; Annunciation; Nativity; Visitation,https://images.metmuseum.org/CRDImages/rl/original/SLP1553-1.jpg,https://images.metmuseum.org/CRDImages/rl/web-large/SLP1553-1.jpg,https://www.metmuseum.org/art/collection/search/460281,True,The Metropolitan Museum of Art Collection API,Buddha; Buddhist; Bodhisattva; Avalokiteshvara; Guanyin; Tara; Vajra; Mandala; Thangka; Stupa; Sutra; Ritual; Tibet; Nepal; India; China,Robert Lehman Collection,,,"Robert Lehman Collection, 1975"
53241,Willows and Bridge,Screens,Japan,Momoyama period (1573–1615),1600,1615,,,,,"Pair of six-panel folding screens; ink, color, copper, gold, and gold leaf on paper",Paintings,"Mary Griggs Burke Collection, Gift of the Mary and Jackson Burke Foundation, 2015",Bridges; Plants,https://images.metmuseum.org/CRDImages/as/original/DP362575.jpg,https://images.metmuseum.org/CRDImages/as/web-large/DP362575.jpg,https://www.metmuseum.org/art/collection/search/53241,True,The Metropolitan Museum of Art Collection API,Buddha; Buddhist,Asian Art,,,"Mary Griggs Burke Collection, Gift of the Mary and Jackson Burke Foundation, 2015"
194191,Clock watch with astronomical dial and sundial,Clock watch,,,1600,1615,,,,,"Case: gilded brass; Dial: gilded brass, silver, and copper; Movement: gilded brass, partly blued steel, and silver",Horology,"Gift of J. Pierpont Morgan, 1917",,https://images.metmuseum.org/CRDImages/es/original/DP340434.jpg,https://images.metmuseum.org/CRDImages/es/web-large/DP340434.jpg,https://www.metmuseum.org/art/collection/search/194191,True,The Metropolitan Museum of Art Collection API,Buddha; Buddhist; Bodhisattva; Avalokiteshvara; Guanyin; Tara; Vajra; Mandala; Thangka; Stupa; Sutra; Ritual; Tibet; Nepal; India; China,European Sculpture and Decorative Arts,,,"Gift of J. Pierpont Morgan, 1917"
53438,Page of a Pilgrim’s Visiting Album,Book fragment,Japan,Edo period (1615–1868),1767,1899,,,,,"Album page; ink, color, and gold on paper, textile cover",Illustrated Books,"Gift of Estate of Samuel Isham, 1914",Buddhism; Avalokiteshvara; Buddha,https://images.metmuseum.org/CRDImages/as/original/14_140_2_sf.jpg,https://images.metmuseum.org/CRDImages/as/web-large/14_140_2_sf.jpg,https://www.metmuseum.org/art/collection/search/53438,True,The Metropolitan Museum of Art Collection API,Buddha; Bodhisattva; Avalokiteshvara,Asian Art,,,"Gift of Estate of Samuel Isham, 1914"
57363,Page of a Pilgrim’s Visiting Album,Book fragment,Japan,Edo period (1615–1868),1767,1899,,,,,"Album page; ink, color, and gold on paper, textile cover",Illustrated Books,"Gift of Estate of Samuel Isham, 1914",Buddhism; Buddha,https://images.metmuseum.org/CRDImages/as/original/14_140_3_sf.jpg,https://images.metmuseum.org/CRDImages/as/web-large/14_140_3_sf.jpg,https://www.metmuseum.org/art/collection/search/57363,True,The Metropolitan Museum of Art Collection API,Buddha; Bodhisattva; Avalokiteshvara,Asian Art,,,"Gift of Estate of Samuel Isham, 1914"
452102,Damascus Room,Period room,,,1706,1708,Syria,,Damascus,From,"Wood (poplar) with gesso relief, gold and tin leaf, glazes and paint; wood (cypress, poplar, and mulberry), mother-of-pearl, marble and other stones, stucco with glass, plaster ceramic tiles, iron, brass",Wood,"Gift of The Hagop Kevorkian Fund, 1970",,https://images.metmuseum.org/CRDImages/is/original/DP240367.jpg,https://images.metmuseum.org/CRDImages/is/web-large/DP240367.jpg,https://www.metmuseum.org/art/collection/search/452102,True,The Metropolitan Museum of Art Collection API,Buddha; Buddhist; Bodhisattva; Avalokiteshvara; Guanyin; Tara; Vajra; Mandala; Thangka; Stupa; Sutra; Ritual; Tibet; Nepal; India; China,Islamic Art,,,"Gift of The Hagop Kevorkian Fund, 1970"
57573,Statuette of Buddha Sitting on Engraved Throne,Statuette,Korea,Late Unified Silla dynasty (676–935),900,999,,,,,Gilt bronze,Sculpture,"Rogers Fund, 1917",Buddhism; Buddha,https://images.metmuseum.org/CRDImages/as/original/17_118_49_36907.jpg,https://images.metmuseum.org/CRDImages/as/web-large/17_118_49_36907.jpg,https://www.metmuseum.org/art/collection/search/57573,True,The Metropolitan Museum of Art Collection API,Buddha; Sutra; China,Asian Art,,,"Rogers Fund, 1917"
856720,The Esoteric Buddhist Goddess Karmavajri,Figure,Kashmir style in Western Tibet,,1000,1099,,,,,Silver inlaid with copper and gold,Sculpture,"Gift of Amy and Robert Poster, 2022",,https://images.metmuseum.org/CRDImages/as/original/DP-24931-001.jpg,https://images.metmuseum.org/CRDImages/as/web-large/DP-24931-001.jpg,https://www.metmuseum.org/art/collection/search/856720,True,The Metropolitan Museum of Art Collection API,Buddha; Buddhist; Vajra; Mandala; Tibet,Asian Art,,,"Gift of Amy and Robert Poster, 2022"
207157,Dwarf (one of a pair),Figure,,,1735,1750,,,,,Tin-glazed soft-paste porcelain decorated in polychrome enamels,Ceramics-Porcelain,"The Jack and Belle Linsky Collection, 1982",Men,https://images.metmuseum.org/CRDImages/es/original/DP223292.jpg,https://images.metmuseum.org/CRDImages/es/web-large/DP223292.jpg,https://www.metmuseum.org/art/collection/search/207157,True,The Metropolitan Museum of Art Collection API,Buddha; Buddhist; Bodhisattva; Avalokiteshvara; Guanyin; Tara; Vajra; Mandala; Thangka; Stupa; Sutra; Ritual; Tibet; Nepal; India; China,European Sculpture and Decorative Arts,,,"The Jack and Belle Linsky Collection, 1982"
237451,Dwarf (one of a pair),Figure,,,1735,1750,,,,,Tin-glazed soft-paste porcelain decorated in polychrome enamels,Ceramics-Porcelain,"The Jack and Belle Linsky Collection, 1982",Men,https://images.metmuseum.org/CRDImages/es/original/DP223292.jpg,https://images.metmuseum.org/CRDImages/es/web-large/DP223292.jpg,https://www.metmuseum.org/art/collection/search/237451,True,The Metropolitan Museum of Art Collection API,Buddha; Buddhist; Bodhisattva; Avalokiteshvara; Guanyin; Tara; Vajra; Mandala; Thangka; Stupa; Sutra; Ritual; Tibet; Nepal; India; China,European Sculpture and Decorative Arts,,,"The Jack and Belle Linsky Collection, 1982"
36131,Landscapes with poems,Album,China,Qing dynasty (1644–1911),1688,1688,,,,,Fifteen leaves from an album (1980.516.2a–c and 1981.4.1a–o) of eighteen leaves,Paintings,"Gift of Douglas Dillon, 1981",Poetry; Landscapes,https://images.metmuseum.org/CRDImages/as/original/1981_4_1a.jpg,https://images.metmuseum.org/CRDImages/as/web-large/1981_4_1a.jpg,https://www.metmuseum.org/art/collection/search/36131,True,The Metropolitan Museum of Art Collection API,Buddha; China,Asian Art,,,"Gift of Douglas Dillon, 1981"
450605,The Prince and the Petitioner,Illustrated single work,,,1575,1599,Iran,,,Attributed to,Ink and gold on paper,Codices,"Bequest of George D. Pratt, 1935",Princes; Horses,https://images.metmuseum.org/CRDImages/is/original/sf45-174-23r.jpg,https://images.metmuseum.org/CRDImages/is/web-large/sf45-174-23r.jpg,https://www.metmuseum.org/art/collection/search/450605,True,The Metropolitan Museum of Art Collection API,Buddha; Buddhist; Bodhisattva; Avalokiteshvara; Guanyin; Tara; Vajra; Mandala; Thangka; Stupa; Sutra; Ritual; Tibet; Nepal; India; China,Islamic Art,,,"Bequest of George D. Pratt, 1935"
549236,Stela of Ptahmose,"Stela, Ptahmose",,New Kingdom,-1320,-1320,,Memphite Region,,Probably from,Limestone,,"Harris Brisbane Dick Fund, 1967",,https://images.metmuseum.org/CRDImages/eg/original/LC-67_3_EGDP028267.jpg,https://images.metmuseum.org/CRDImages/eg/web-large/LC-67_3_EGDP028267.jpg,https://www.metmuseum.org/art/collection/search/549236,True,The Metropolitan Museum of Art Collection API,Buddha; Buddhist; Bodhisattva; Avalokiteshvara; Guanyin; Tara; Vajra; Mandala; Thangka; Stupa; Sutra; Ritual; Tibet; Nepal; India; China,Egyptian Art,Late Dynasty 18-early Dynasty 19,,"Harris Brisbane Dick Fund, 1967"
42107,Lotus,Hanging scroll,China,Republic period (1912–49),1946,1946,,,,,Hanging scroll; ink and color on paper,Paintings,"Gift of Robert Hatfield Ellsworth, in memory of La Ferne Hatfield Ellsworth, 1986",Flowers; Lotuses,,,https://www.metmuseum.org/art/collection/search/42107,False,The Metropolitan Museum of Art Collection API,Buddha; Buddhist; China,Asian Art,,,"Gift of Robert Hatfield Ellsworth, in memory of La Ferne Hatfield Ellsworth, 1986"
451725,"""The Concourse of the Birds"", Folio 11r from a Mantiq al-Tayr (Language of the Birds)",Folio from an illustrated manuscript,,,1575,1625,Iran,,Isfahan,Attributed to,"Ink, opaque watercolor, gold, and silver on paper",Codices,"Fletcher Fund, 1963",Cranes; Ducks; Poetry; Men; Persian; Peacocks; Roosters,https://images.metmuseum.org/CRDImages/is/original/DP234083.jpg,https://images.metmuseum.org/CRDImages/is/web-large/DP234083.jpg,https://www.metmuseum.org/art/collection/search/451725,True,The Metropolitan Museum of Art Collection API,Buddha; Buddhist; Bodhisattva; Avalokiteshvara; Guanyin; Tara; Vajra; Mandala; Thangka; Stupa; Sutra; Ritual; Tibet; Nepal; India; China,Islamic Art,,,"Fletcher Fund, 1963"
438779,A Peasant Family,Painting,,,1640,1648,,,,,Oil on copper,Paintings,"Gift of Michel David-Weill, 2023",Boys; Girls; Men; Cats; Family,https://images.metmuseum.org/CRDImages/ep/original/DP131218.jpg,https://images.metmuseum.org/CRDImages/ep/web-large/DP131218.jpg,https://www.metmuseum.org/art/collection/search/438779,True,The Metropolitan Museum of Art Collection API,Buddha; Buddhist; Bodhisattva; Avalokiteshvara; Guanyin; Tara; Vajra; Mandala; Thangka; Stupa; Sutra; Ritual; Tibet; Nepal; India; China,European Paintings,,,"Gift of Michel David-Weill, 2023"
53158,Tile with Buddha Triad,Relief,Japan,Asuka period (538–710),650,699,,,,,Earthenware with traces of color,Sculpture,"Mary Griggs Burke Collection, Gift of the Mary and Jackson Burke Foundation, 2015",Buddhism; Bodhisattvas; Buddha,https://images.metmuseum.org/CRDImages/as/original/2015_300_249_F_Burke.jpg,https://images.metmuseum.org/CRDImages/as/web-large/2015_300_249_F_Burke.jpg,https://www.metmuseum.org/art/collection/search/53158,True,The Metropolitan Museum of Art Collection API,Buddha; Buddhist; Bodhisattva; China,Asian Art,,,"Mary Griggs Burke Collection, Gift of the Mary and Jackson Burke Foundation, 2015"
435997,The Storm,Painting,,,1880,1880,,,,,Oil on canvas,Paintings,"Catharine Lorillard Wolfe Collection, Bequest of Catharine Lorillard Wolfe, 1887",Men; Women,https://images.metmuseum.org/CRDImages/ep/original/DT11964.jpg,https://images.metmuseum.org/CRDImages/ep/web-large/DT11964.jpg,https://www.metmuseum.org/art/collection/search/435997,True,The Metropolitan Museum of Art Collection API,Buddha; Buddhist; Bodhisattva; Avalokiteshvara; Guanyin; Tara; Vajra; Mandala; Thangka; Stupa; Sutra; Ritual; Tibet; Nepal; India; China,European Paintings,,,"Catharine Lorillard Wolfe Collection, Bequest of Catharine Lorillard Wolfe, 1887"
712266,The Heart Sutra,Hanging scroll,Japan,,1999,1999,,,,,Hanging scroll; ink and gold on paper,Calligraphy,"Gift of The Friedman-Kien and Toyonaga Foundation, 2016",,,,https://www.metmuseum.org/art/collection/search/712266,False,The Metropolitan Museum of Art Collection API,Buddha; Buddhist; Sutra,Asian Art,,,"Gift of The Friedman-Kien and Toyonaga Foundation, 2016"
464294,Virgin and Child,Statuette,French,,1275,1300,France,,,Made in,Elephant ivory with paint,Ivories-Elephant,"Gift of J. Pierpont Morgan, 1917",,https://images.metmuseum.org/CRDImages/md/original/DP-34069-001.jpg,https://images.metmuseum.org/CRDImages/md/web-large/DP-34069-001.jpg,https://www.metmuseum.org/art/collection/search/464294,True,The Metropolitan Museum of Art Collection API,Buddha; Buddhist; Bodhisattva; Avalokiteshvara; Guanyin; Tara; Vajra; Mandala; Thangka; Stupa; Sutra; Ritual; Tibet; Nepal; India; China,Medieval Art,,,"Gift of J. Pierpont Morgan, 1917"
437508,Self-Portrait,Painting,,,1642,1652,,,,,Oil on canvas,Paintings,"Bequest of Mary L. Harrison, 1921",Skulls; Men; Self-portraits; Writing,https://images.metmuseum.org/CRDImages/ep/original/DP323414.jpg,https://images.metmuseum.org/CRDImages/ep/web-large/DP323414.jpg,https://www.metmuseum.org/art/collection/search/437508,True,The Metropolitan Museum of Art Collection API,Buddha; Buddhist; Bodhisattva; Avalokiteshvara; Guanyin; Tara; Vajra; Mandala; Thangka; Stupa; Sutra; Ritual; Tibet; Nepal; India; China,European Paintings,,,"Bequest of Mary L. Harrison, 1921"
712539,Saint Philip Neri (1515–1595),Painting,,,1645,1646,,,,,Oil on canvas,Paintings,"Purchase, George Delacorte Fund Gift, in memory of George T. Delacorte Jr., Ronald S. Lauder, Mr. and Mrs. Richard L. Chilton Jr., and Mr. and Mrs. Frederick W. Beinecke Gifts, 2016",Men; Portraits; Saints,https://images.metmuseum.org/CRDImages/ep/original/DP-944-001.jpg,https://images.metmuseum.org/CRDImages/ep/web-large/DP-944-001.jpg,https://www.metmuseum.org/art/collection/search/712539,True,The Metropolitan Museum of Art Collection API,Buddha; Buddhist; Bodhisattva; Avalokiteshvara; Guanyin; Tara; Vajra; Mandala; Thangka; Stupa; Sutra; Ritual; Tibet; Nepal; India; China,European Paintings,,,"Purchase, George Delacorte Fund Gift, in memory of George T. Delacorte Jr., Ronald S. Lauder, Mr. and Mrs. Richard L. Chilton Jr., and Mr. and Mrs. Frederick W. Beinecke Gifts, 2016"
435864,A Woman with a Dog,Painting,,,1740,1749,,,,,Oil on canvas,Paintings,"Maria DeWitt Jesup Fund, 1930",Portraits; Women; Dogs,https://images.metmuseum.org/CRDImages/ep/original/DP-29214-001.jpg,https://images.metmuseum.org/CRDImages/ep/web-large/DP-29214-001.jpg,https://www.metmuseum.org/art/collection/search/435864,True,The Metropolitan Museum of Art Collection API,Buddha; Buddhist; Bodhisattva; Avalokiteshvara; Guanyin; Tara; Vajra; Mandala; Thangka; Stupa; Sutra; Ritual; Tibet; Nepal; India; China,European Paintings,,,"Maria DeWitt Jesup Fund, 1930"
838076,Virgin and Child Enthroned,,,,1345,1350,,,,,Oil(?) and gold on wood,Paintings,"Purchase, George T. Delacorte Jr. Gift, by exchange; Michel David-Weill Gift; The Lesley and Emma Sheafer Collection, Bequest of Emma A. Sheafer and Gift of Mr. and Mrs. Malcom P. Ripley, by exchange; The Rendl Fund; Lila Acheson Wallace Gift; and funds from various donors, by exchange, 2020",Madonna and Child,https://images.metmuseum.org/CRDImages/ep/original/DP-20592-001.jpg,https://images.metmuseum.org/CRDImages/ep/web-large/DP-20592-001.jpg,https://www.metmuseum.org/art/collection/search/838076,True,The Metropolitan Museum of Art Collection API,Buddha; Buddhist; Bodhisattva; Avalokiteshvara; Guanyin; Tara; Vajra; Mandala; Thangka; Stupa; Sutra; Ritual; Tibet; Nepal; India; China,European Paintings,,,"Purchase, George T. Delacorte Jr. Gift, by exchange; Michel David-Weill Gift; The Lesley and Emma Sheafer Collection, Bequest of Emma A. Sheafer and Gift of Mr. and Mrs. Malcom P. Ripley, by exchange; The Rendl Fund; Lila Acheson Wallace Gift; and funds from various donors, by exchange, 2020"
36069,Mahasthamaprapta Bodhisattva,Hanging scroll,China,Qing dynasty (1644–1911),1667,1733,,,,,Hanging scroll; ink and color on silk,Paintings,"Gift of the Estate of Lillian Genth, 1953",Lions; Bodhisattvas,https://images.metmuseum.org/CRDImages/as/original/DP-41816-002.jpg,https://images.metmuseum.org/CRDImages/as/web-large/DP-41816-002.jpg,https://www.metmuseum.org/art/collection/search/36069,True,The Metropolitan Museum of Art Collection API,Buddha; Buddhist; Bodhisattva; Avalokiteshvara; Guanyin; Vajra; Ritual; China,Asian Art,,,"Gift of the Estate of Lillian Genth, 1953"
436885,Scene from a Novella,"Painting, cassone panel",,,1467,1476,,,,,Tempera on wood,Paintings,"Gwynne Andrews Fund, 1986",Men; Women,https://images.metmuseum.org/CRDImages/ep/original/DT8310.jpg,https://images.metmuseum.org/CRDImages/ep/web-large/DT8310.jpg,https://www.metmuseum.org/art/collection/search/436885,True,The Metropolitan Museum of Art Collection API,Buddha; Buddhist; Bodhisattva; Avalokiteshvara; Guanyin; Tara; Vajra; Mandala; Thangka; Stupa; Sutra; Ritual; Tibet; Nepal; India; China,European Paintings,,,"Gwynne Andrews Fund, 1986"
39901,Night-Shining White,Handscroll,China,Tang dynasty (618–907),740,760,,,,,Handscroll; ink on paper,Paintings,"Purchase, The Dillon Fund Gift, 1977",Horses,https://images.metmuseum.org/CRDImages/as/original/DP153705.jpg,https://images.metmuseum.org/CRDImages/as/web-large/DP153705.jpg,https://www.metmuseum.org/art/collection/search/39901,True,The Metropolitan Museum of Art Collection API,Buddha; Buddhist; Bodhisattva; Avalokiteshvara; Guanyin; Tara; Vajra; Mandala; Thangka; Stupa; Sutra; Ritual; Tibet; Nepal; India; China,Asian Art,,,"Purchase, The Dillon Fund Gift, 1977"
912998,"Mandala in Sanskrit with Buddhas, Bodhisattvas, and Eight Patriarchs of the Shingon Sect",Hanging scroll,Japan,Kamakura Period (1185–1333),1200,1399,,,,,"Hanging scroll; ink, colors, and gold on silk",Paintings,"Purchase, Sue Cassidy Clark Gift, in memory of Koichi Yanagi, 2024",,https://images.metmuseum.org/CRDImages/as/original/DP-38239-002.jpg,https://images.metmuseum.org/CRDImages/as/web-large/DP-38239-002.jpg,https://www.metmuseum.org/art/collection/search/912998,True,The Metropolitan Museum of Art Collection API,Buddha; Buddhist; Bodhisattva; Mandala; Sutra; Ritual; India; China,Asian Art,,,"Purchase, Sue Cassidy Clark Gift, in memory of Koichi Yanagi, 2024"
437368,Holy Family with an Angel,Painting,,,1485,1495,,,,,"Tempera on canvas, transferred from wood",Paintings,"Bequest of Benjamin Altman, 1913",Angels; Madonna and Child; Saint Joseph,https://images.metmuseum.org/CRDImages/ep/original/DP-15089-001.jpg,https://images.metmuseum.org/CRDImages/ep/web-large/DP-15089-001.jpg,https://www.metmuseum.org/art/collection/search/437368,True,The Metropolitan Museum of Art Collection API,Buddha; Buddhist; Bodhisattva; Avalokiteshvara; Guanyin; Tara; Vajra; Mandala; Thangka; Stupa; Sutra; Ritual; Tibet; Nepal; India; China,European Paintings,,,"Bequest of Benjamin Altman, 1913"
845124,Kana Letter on Stamped Images of Amida Buddha,Hanging scroll,Japan,Kamakura period (1185–1333),1200,1233,,,,,"Hanging scroll; brush written letter, ink on paper (front); stamped images, ink on paper (reverse)",Calligraphy,"Mary and Cheney Cowles Collection, Gift of Mary and Cheney Cowles, 2020",,https://images.metmuseum.org/CRDImages/as/original/DP-21858-002.jpg,https://images.metmuseum.org/CRDImages/as/web-large/DP-21858-002.jpg,https://www.metmuseum.org/art/collection/search/845124,True,The Metropolitan Museum of Art Collection API,Buddha; Buddhist; Sutra,Asian Art,,,"Mary and Cheney Cowles Collection, Gift of Mary and Cheney Cowles, 2020"
852562,Mrs. Burroughs,Print,,,2019,2019,,,,,Woodcut,Prints,"John B. Turner Fund, 2021",Portraits; Women,,,https://www.metmuseum.org/art/collection/search/852562,False,The Metropolitan Museum of Art Collection API,Buddha; Buddhist; Bodhisattva; Avalokiteshvara; Guanyin; Tara; Vajra; Mandala; Thangka; Stupa; Sutra; Ritual; Tibet; Nepal; India; China,Drawings and Prints,,,"John B. Turner Fund, 2021"
435897,Head of Christ (Ecce Homo),Painting,,,1440,1450,,,,,"Oil on parchment, laid down on wood",Paintings,"Bequest of Lillian S. Timken, 1959",Christ,https://images.metmuseum.org/CRDImages/ep/original/DT229079.jpg,https://images.metmuseum.org/CRDImages/ep/web-large/DT229079.jpg,https://www.metmuseum.org/art/collection/search/435897,True,The Metropolitan Museum of Art Collection API,Buddha; Buddhist; Bodhisattva; Avalokiteshvara; Guanyin; Tara; Vajra; Mandala; Thangka; Stupa; Sutra; Ritual; Tibet; Nepal; India; China,European Paintings,,,"Bequest of Lillian S. Timken, 1959"
776714,Vegetable #3,Hanging scroll format mounted to board,China,,2015,2015,,,,,Ink on paper,Paintings,"Purchase, Funds from various donors, by exchange, 2018",Vegetables,,,https://www.metmuseum.org/art/collection/search/776714,False,The Metropolitan Museum of Art Collection API,Buddha; Buddhist; Bodhisattva; Avalokiteshvara; Guanyin; Tara; Vajra; Mandala; Thangka; Stupa; Sutra; Ritual; Tibet; Nepal; India; China,Asian Art,,,"Purchase, Funds from various donors, by exchange, 2018"
436098,The Crucifixion,Painting,,,1495,1500,,,,,Oil on wood,Paintings,"Rogers Fund, 1909",Christ; Mary Magdalene; Saint Jerome; Saint John the Evangelist; Virgin Mary; Crucifixion,https://images.metmuseum.org/CRDImages/ep/original/DP-17230-001.jpg,https://images.metmuseum.org/CRDImages/ep/web-large/DP-17230-001.jpg,https://www.metmuseum.org/art/collection/search/436098,True,The Metropolitan Museum of Art Collection API,Buddha; Buddhist; Bodhisattva; Avalokiteshvara; Guanyin; Tara; Vajra; Mandala; Thangka; Stupa; Sutra; Ritual; Tibet; Nepal; India; China,European Paintings,,,"Rogers Fund, 1909"
903523,“Udumbara Flowers” (Udonge) Temple Plaque,Temple plaque,Japan,Edo period (1615–1868),1741,1741,,,,,"Carved wood; lacquer, color, and gold",Lacquer,"Gift of Kurt A. Gitter and Alice Yelen Gitter, from the Gitter-Yelen Foundation",,https://images.metmuseum.org/CRDImages/as/original/DP-32891-001.jpg,https://images.metmuseum.org/CRDImages/as/web-large/DP-32891-001.jpg,https://www.metmuseum.org/art/collection/search/903523,True,The Metropolitan Museum of Art Collection API,Buddha; Buddhist,Asian Art,,,"Gift of Kurt A. Gitter and Alice Yelen Gitter, from the Gitter-Yelen Foundation"
857011,Tranquil Light (Jakkō),Screens,Japan,Taishō period (1912–26),1918,1918,,,,,"Pair of six-panel folding screens; ink, color, and gold on silk, with urahaku (gold leaf on the reverse side of the silk)",Paintings,"Purchase, Ryo Toyonaga and Alvin E. Friedman-Kien Gift, Gift of Mrs. Samuel T. Peters, by exchange, and funds from various donors, 2022",,,,https://www.metmuseum.org/art/collection/search/857011,False,The Metropolitan Museum of Art Collection API,Buddha; Buddhist; Vajra; Ritual; China,Asian Art,,,"Purchase, Ryo Toyonaga and Alvin E. Friedman-Kien Gift, Gift of Mrs. Samuel T. Peters, by exchange, and funds from various donors, 2022"
61532,Stele with Maitreya and attendant bodhisattvas,Stele,China,Northern Wei dynasty (386–534),534,534,,,,,Stone,Sculpture,"Rogers Fund, 1919",Buddha,https://images.metmuseum.org/CRDImages/as/original/43058.jpg,https://images.metmuseum.org/CRDImages/as/web-large/43058.jpg,https://www.metmuseum.org/art/collection/search/61532,True,The Metropolitan Museum of Art Collection API,Buddha; Bodhisattva; China,Asian Art,,,"Rogers Fund, 1919"
39742,"The Deity Vajrabhairava, Tantric Form of the Bodhisattva Manjushri",Thangka,China,Ming dynasty (1368–1644),1400,1433,,,,,Silk embroidery with metal thread and horsehair on silk satin,Textiles-Embroidered,"Purchase, Lila Acheson Wallace Gift, 1993",Animals; Birds; Deities; Demons,https://images.metmuseum.org/CRDImages/as/original/DP-15583-002.jpg,https://images.metmuseum.org/CRDImages/as/web-large/DP-15583-002.jpg,https://www.metmuseum.org/art/collection/search/39742,True,The Metropolitan Museum of Art Collection API,Buddha; Buddhist; Bodhisattva; Avalokiteshvara; Guanyin; Tara; Vajra; Mandala; Thangka; Stupa; Sutra; Ritual; Tibet; Nepal; India; China,Asian Art,,,"Purchase, Lila Acheson Wallace Gift, 1993"
439327,Christ Blessing,Painting,,,1500,1505,,,,,Oil on wood,Paintings,"Purchase, The Cloisters Collection, Hester Diamond and Kowitz Family Foundation Gifts, Dodge Fund, and Malcolm Hewitt Wiener Foundation Gift, 2009",Christ,https://images.metmuseum.org/CRDImages/ep/original/DP218061.jpg,https://images.metmuseum.org/CRDImages/ep/web-large/DP218061.jpg,https://www.metmuseum.org/art/collection/search/439327,True,The Metropolitan Museum of Art Collection API,Buddha; Buddhist; Bodhisattva; Avalokiteshvara; Guanyin; Tara; Vajra; Mandala; Thangka; Stupa; Sutra; Ritual; Tibet; Nepal; India; China,European Paintings,,,"Purchase, The Cloisters Collection, Hester Diamond and Kowitz Family Foundation Gifts, Dodge Fund, and Malcolm Hewitt Wiener Foundation Gift, 2009"
197461,Saint Bernardino of Siena,Statue,,,1595,1605,,,,,"Bronze, partially oil-gilt",Sculpture-Bronze,"Harris Brisbane Dick Fund, 1933",Men; Saints,https://images.metmuseum.org/CRDImages/es/original/DP-22143-001.jpg,https://images.metmuseum.org/CRDImages/es/web-large/DP-22143-001.jpg,https://www.metmuseum.org/art/collection/search/197461,True,The Metropolitan Museum of Art Collection API,Buddha; Buddhist; Bodhisattva; Avalokiteshvara; Guanyin; Tara; Vajra; Mandala; Thangka; Stupa; Sutra; Ritual; Tibet; Nepal; India; China,European Sculpture and Decorative Arts,,,"Harris Brisbane Dick Fund, 1933"
197460,Saint Catherine of Siena,Statue,,,1595,1605,,,,,"Bronze, partially oil-gilt",Sculpture-Bronze,"Harris Brisbane Dick Fund, 1933",Saint Catherine,https://images.metmuseum.org/CRDImages/es/original/DP-22142-001.jpg,https://images.metmuseum.org/CRDImages/es/web-large/DP-22142-001.jpg,https://www.metmuseum.org/art/collection/search/197460,True,The Metropolitan Museum of Art Collection API,Buddha; Buddhist; Bodhisattva; Avalokiteshvara; Guanyin; Tara; Vajra; Mandala; Thangka; Stupa; Sutra; Ritual; Tibet; Nepal; India; China,European Sculpture and Decorative Arts,,,"Harris Brisbane Dick Fund, 1933"
204587,Emperor Antoninus Pius,Bust,,,1519,1524,,,,,"Bronze, partially oil-gilt, silver inlay, on serpentinite socle",Sculpture-Bronze,"Gift of Edward Fowles, 1965",Men,https://images.metmuseum.org/CRDImages/es/original/DP234101.jpg,https://images.metmuseum.org/CRDImages/es/web-large/DP234101.jpg,https://www.metmuseum.org/art/collection/search/204587,True,The Metropolitan Museum of Art Collection API,Buddha; Buddhist; Bodhisattva; Avalokiteshvara; Guanyin; Tara; Vajra; Mandala; Thangka; Stupa; Sutra; Ritual; Tibet; Nepal; India; China,European Sculpture and Decorative Arts,,,"Gift of Edward Fowles, 1965"
448280,"""Bizhan Slaughters the Wild Boars of Irman"", Folio from a Shahnama (Book of Kings)",Folio from an illustrated manuscript,,,1340,1342,Iran,,Shiraz,Made in,"Ink, opaque watercolor, and gold on paper",Codices,"H. O. Havemeyer Collection, Gift of Horace Havemeyer, 1929",Hunting; Boars; Horses,https://images.metmuseum.org/CRDImages/is/original/DT214817.jpg,https://images.metmuseum.org/CRDImages/is/web-large/DT214817.jpg,https://www.metmuseum.org/art/collection/search/448280,True,The Metropolitan Museum of Art Collection API,Buddha; Buddhist; Bodhisattva; Avalokiteshvara; Guanyin; Tara; Vajra; Mandala; Thangka; Stupa; Sutra; Ritual; Tibet; Nepal; India; China,Islamic Art,,,"H. O. Havemeyer Collection, Gift of Horace Havemeyer, 1929"
437061,Salvator Mundi,Painting,,,1480,1485,,,,,Oil on wood,Paintings,"The Friedsam Collection, Bequest of Michael Friedsam, 1931",Christ; Cross,https://images.metmuseum.org/CRDImages/ep/original/DP-19586-001.jpg,https://images.metmuseum.org/CRDImages/ep/web-large/DP-19586-001.jpg,https://www.metmuseum.org/art/collection/search/437061,True,The Metropolitan Museum of Art Collection API,Buddha; Buddhist; Bodhisattva; Avalokiteshvara; Guanyin; Tara; Vajra; Mandala; Thangka; Stupa; Sutra; Ritual; Tibet; Nepal; India; China,European Paintings,,,"The Friedsam Collection, Bequest of Michael Friedsam, 1931"
437173,Don Andrés de Andrade y la Cal,Painting,,,1665,1672,,,,,Oil on canvas,Paintings,"Bequest of Collis P. Huntington, by exchange, 1927",Men; Portraits; Dogs,https://images.metmuseum.org/CRDImages/ep/original/DP-16333-001.jpg,https://images.metmuseum.org/CRDImages/ep/web-large/DP-16333-001.jpg,https://www.metmuseum.org/art/collection/search/437173,True,The Metropolitan Museum of Art Collection API,Buddha; Buddhist; Bodhisattva; Avalokiteshvara; Guanyin; Tara; Vajra; Mandala; Thangka; Stupa; Sutra; Ritual; Tibet; Nepal; India; China,European Paintings,,,"Bequest of Collis P. Huntington, by exchange, 1927"
383883,Tobias and the Angel (small plate),Print,,,1608,1608,,,,,Engraving; Holl.'s second state of three,Prints,"Harris Brisbane Dick Fund, 1928",Birds; Men; Cows; Dogs; Fish; Frogs; Sheep; Angels,https://images.metmuseum.org/CRDImages/dp/original/DP870096.jpg,https://images.metmuseum.org/CRDImages/dp/web-large/DP870096.jpg,https://www.metmuseum.org/art/collection/search/383883,True,The Metropolitan Museum of Art Collection API,Buddha; Buddhist; Bodhisattva; Avalokiteshvara; Guanyin; Tara; Vajra; Mandala; Thangka; Stupa; Sutra; Ritual; Tibet; Nepal; India; China,Drawings and Prints,,,"Harris Brisbane Dick Fund, 1928"
485416,Street Story Quilt,Painting,,,1985,1985,,,,,"Cotton canvas, acrylic paint, ink marker, dyed and printed cotton, and sequins, sewn to a cotton flannel backing",Textiles,"Arthur Hoppock Hearn Fund and funds from various donors, 1990",Buildings; Men; Women; Cars,,,https://www.metmuseum.org/art/collection/search/485416,False,The Metropolitan Museum of Art Collection API,Buddha; Buddhist; Bodhisattva; Avalokiteshvara; Guanyin; Tara; Vajra; Mandala; Thangka; Stupa; Sutra; Ritual; Tibet; Nepal; India; China,Modern and Contemporary Art,,,"Arthur Hoppock Hearn Fund and funds from various donors, 1990"
44759,"Landscapes, Figures, and Flowers",Album,China,Ming dynasty (1368–1644),1618,1622,,,,,Album of twelve leaves; ink and color on paper,Paintings,"Purchase, Friends of Far Eastern Art Gifts, 1985",Landscapes,https://images.metmuseum.org/CRDImages/as/original/1985_121_A_sf.jpg,https://images.metmuseum.org/CRDImages/as/web-large/1985_121_A_sf.jpg,https://www.metmuseum.org/art/collection/search/44759,True,The Metropolitan Museum of Art Collection API,Buddha; Buddhist; Bodhisattva; Avalokiteshvara; Guanyin; Tara; Vajra; Mandala; Thangka; Stupa; Sutra; Ritual; Tibet; Nepal; India; China,Asian Art,,,"Purchase, Friends of Far Eastern Art Gifts, 1985"
437202,Christ Bearing the Cross,Painting,,,1465,1475,,,,,Oil on wood,Paintings,"Bequest of George D. Pratt, 1935",Towns; Horses; Christ; Bearing the Cross; Crowd,https://images.metmuseum.org/CRDImages/ep/original/DP-20751-001.jpg,https://images.metmuseum.org/CRDImages/ep/web-large/DP-20751-001.jpg,https://www.metmuseum.org/art/collection/search/437202,True,The Metropolitan Museum of Art Collection API,Buddha; Buddhist; Bodhisattva; Avalokiteshvara; Guanyin; Tara; Vajra; Mandala; Thangka; Stupa; Sutra; Ritual; Tibet; Nepal; India; China,European Paintings,,,"Bequest of George D. Pratt, 1935"
334030,"A radiant female figure beset by dark spirits; page 45 from the ""Images of Spain"" Album (F)",Drawing,,,1807,1825,Spain,,,Made in,"Brush and point of brush, brown and gray washes, over touches or chalk",Drawings,"Harris Brisbane Dick Fund, 1935",Women,https://images.metmuseum.org/CRDImages/dp/original/DP800210.jpg,https://images.metmuseum.org/CRDImages/dp/web-large/DP800210.jpg,https://www.metmuseum.org/art/collection/search/334030,True,The Metropolitan Museum of Art Collection API,Buddha; Buddhist; Bodhisattva; Avalokiteshvara; Guanyin; Tara; Vajra; Mandala; Thangka; Stupa; Sutra; Ritual; Tibet; Nepal; India; China,Drawings and Prints,,,"Harris Brisbane Dick Fund, 1935"
460573,Buddhist deity Vajradhara in union with his consort Prajnaparamita,Sculpture,probably Chinese or Tibetan,,1424,1524,,,,,Gilt brass with copper base and applied color.,Metalwork,"Robert Lehman Collection, 1975",Deities,https://images.metmuseum.org/CRDImages/rl/original/1442-1.jpg,https://images.metmuseum.org/CRDImages/rl/web-large/1442-1.jpg,https://www.metmuseum.org/art/collection/search/460573,True,The Metropolitan Museum of Art Collection API,Buddha; Buddhist; Vajra; Mandala; Ritual; Tibet; China,Robert Lehman Collection,,,"Robert Lehman Collection, 1975"
811771,A Seaman's Wife's Reckoning,Print,,,1812,1812,,,,,Hand-colored etching,Prints,"The Elisha Whittelsey Collection, The Elisha Whittelsey Fund, 1959",Satire; Infants; Men; Women; Dogs,https://images.metmuseum.org/CRDImages/dp/original/DP884507.jpg,https://images.metmuseum.org/CRDImages/dp/web-large/DP884507.jpg,https://www.metmuseum.org/art/collection/search/811771,True,The Metropolitan Museum of Art Collection API,Buddha; Buddhist; Bodhisattva; Avalokiteshvara; Guanyin; Tara; Vajra; Mandala; Thangka; Stupa; Sutra; Ritual; Tibet; Nepal; India; China,Drawings and Prints,,,"The Elisha Whittelsey Collection, The Elisha Whittelsey Fund, 1959"
811772,A Seaman's Wife's Reckoning,Print,,,1812,1812,,,,,Hand-colored etching,Prints,"The Elisha Whittelsey Collection, The Elisha Whittelsey Fund, 1959",Satire; Infants; Men; Women; Dogs,https://images.metmuseum.org/CRDImages/dp/original/DP884506.jpg,https://images.metmuseum.org/CRDImages/dp/web-large/DP884506.jpg,https://www.metmuseum.org/art/collection/search/811772,True,The Metropolitan Museum of Art Collection API,Buddha; Buddhist; Bodhisattva; Avalokiteshvara; Guanyin; Tara; Vajra; Mandala; Thangka; Stupa; Sutra; Ritual; Tibet; Nepal; India; China,Drawings and Prints,,,"The Elisha Whittelsey Collection, The Elisha Whittelsey Fund, 1959"
436099,The Nativity with Donors and Saints Jerome and Leonard,Painting,,,1510,1515,,,,,"Oil on canvas, transferred from wood",Paintings,"The Jules Bache Collection, 1949",Cows; Donkeys; Lions; Angels; Saint Jerome; Saint Leonard; Virgin Mary; Nativity,https://images.metmuseum.org/CRDImages/ep/original/DT1476.jpg,https://images.metmuseum.org/CRDImages/ep/web-large/DT1476.jpg,https://www.metmuseum.org/art/collection/search/436099,True,The Metropolitan Museum of Art Collection API,Buddha; Buddhist; Bodhisattva; Avalokiteshvara; Guanyin; Tara; Vajra; Mandala; Thangka; Stupa; Sutra; Ritual; Tibet; Nepal; India; China,European Paintings,,,"The Jules Bache Collection, 1949"
377933,That is Right,Portfolio,,,1989,1989,,,,,16 lithographs; 11 B.A.T. proofs and one A.P. from the portfolio of 12 and 4 prints with notations,Portfolios,"John B. Turner Fund, 2007",,,,https://www.metmuseum.org/art/collection/search/377933,False,The Metropolitan Museum of Art Collection API,Buddha; Buddhist; Bodhisattva; Avalokiteshvara; Guanyin; Tara; Vajra; Mandala; Thangka; Stupa; Sutra; Ritual; Tibet; Nepal; India; China,Drawings and Prints,,,"John B. Turner Fund, 2007"
921040,Mantras of the Two Realms in Sanskrit Script,Hanging scrolls,Japan,Edo period (1615–1868),1767,1771,,,,,Pair of hanging scrolls; ink on paper,Calligraphy,"Purchase, Sue Cassidy Clark Gift, 2025",,https://images.metmuseum.org/CRDImages/as/original/DP-40203-001.jpg,https://images.metmuseum.org/CRDImages/as/web-large/DP-40203-001.jpg,https://www.metmuseum.org/art/collection/search/921040,True,The Metropolitan Museum of Art Collection API,Buddha; Buddhist; Bodhisattva; Vajra; Mandala; Sutra,Asian Art,,,"Purchase, Sue Cassidy Clark Gift, 2025"
687615,Detail of the Shroud of Turin,Photograph,,,1931,1931,,,,,Gelatin silver print,Photographs,"Twentieth-Century Photography Fund, 2015",Christ,,,https://www.metmuseum.org/art/collection/search/687615,False,The Metropolitan Museum of Art Collection API,Buddha; Buddhist; Bodhisattva; Avalokiteshvara; Guanyin; Tara; Vajra; Mandala; Thangka; Stupa; Sutra; Ritual; Tibet; Nepal; India; China,Photographs,,,"Twentieth-Century Photography Fund, 2015"
436838,The Fortune-Teller,Painting,,,1630,1639,,,,,Oil on canvas,Paintings,"Rogers Fund, 1960",Men; Women,https://images.metmuseum.org/CRDImages/ep/original/DP-14286-015.jpg,https://images.metmuseum.org/CRDImages/ep/web-large/DP-14286-015.jpg,https://www.metmuseum.org/art/collection/search/436838,True,The Metropolitan Museum of Art Collection API,Buddha; Buddhist; Bodhisattva; Avalokiteshvara; Guanyin; Tara; Vajra; Mandala; Thangka; Stupa; Sutra; Ritual; Tibet; Nepal; India; China,European Paintings,,,"Rogers Fund, 1960"
73359,Ten Rakan Examining a Painting of White-Robed Kannon,Hanging scroll,Japan,Edo period (1615–1868),1788,1792,,,,,Hanging scroll; ink and color on paper,Paintings,"Mary Griggs Burke Collection, Gift of the Mary and Jackson Burke Foundation, 2015",Painting; Men,https://images.metmuseum.org/CRDImages/as/original/DP-12232-281.jpg,https://images.metmuseum.org/CRDImages/as/web-large/DP-12232-281.jpg,https://www.metmuseum.org/art/collection/search/73359,True,The Metropolitan Museum of Art Collection API,Buddha; Buddhist; Bodhisattva; Sutra; Ritual; China,Asian Art,,,"Mary Griggs Burke Collection, Gift of the Mary and Jackson Burke Foundation, 2015"
452032,Pierced Bowl Signed by Hasan al-Qashani,Bowl,,,1075,1125,Iran,,,Made in,"Stonepaste; molded and pierced, monochrome decoration under transparent glaze",Ceramics,"Gift of Mr. and Mrs. Lester Wolfe, 1968",Arabic,https://images.metmuseum.org/CRDImages/is/original/DP123181.jpg,https://images.metmuseum.org/CRDImages/is/web-large/DP123181.jpg,https://www.metmuseum.org/art/collection/search/452032,True,The Metropolitan Museum of Art Collection API,Buddha; Buddhist; Bodhisattva; Avalokiteshvara; Guanyin; Tara; Vajra; Mandala; Thangka; Stupa; Sutra; Ritual; Tibet; Nepal; India; China,Islamic Art,,,"Gift of Mr. and Mrs. Lester Wolfe, 1968"
464273,Diptych with the Adoration of the Magi and the Vera Icon (True Image),Diptych,North French,,1325,1350,France,,,Made in,Elephant ivory with metal mounts,Ivories-Elephant,"Gift of J. Pierpont Morgan, 1917",Angels; Bishops; Christ; Saint Christopher,https://images.metmuseum.org/CRDImages/md/original/DP-33217-001.jpg,https://images.metmuseum.org/CRDImages/md/web-large/DP-33217-001.jpg,https://www.metmuseum.org/art/collection/search/464273,True,The Metropolitan Museum of Art Collection API,Buddha; Buddhist; Bodhisattva; Avalokiteshvara; Guanyin; Tara; Vajra; Mandala; Thangka; Stupa; Sutra; Ritual; Tibet; Nepal; India; China,Medieval Art,,,"Gift of J. Pierpont Morgan, 1917"
76034,Marriage procession in a bazaar; from a Ramayana or Bhagavata Purana series,Folio,"India, Mandi, Himachal Pradesh",,1630,1660,,,,,Opaque watercolor and gold on paper,Paintings,"Howard Hodgkin Collection, Purchase, Gift of Florence and Herbert Irving, by exchange, 2022",,,,https://www.metmuseum.org/art/collection/search/76034,False,The Metropolitan Museum of Art Collection API,Buddha; Buddhist; Bodhisattva; Avalokiteshvara; Guanyin; Tara; Vajra; Mandala; Thangka; Stupa; Sutra; Ritual; Tibet; Nepal; India; China,Asian Art,,,"Howard Hodgkin Collection, Purchase, Gift of Florence and Herbert Irving, by exchange, 2022"
626692,The Jabach Family,Painting,,,1655,1665,,,,,Oil on canvas,Paintings,"Purchase, Mrs. Charles Wrightsman Gift, in honor of Keith Christiansen, 2014",Interiors; Boys; Girls; Infants; Men; Self-portraits; Women; Dogs; Family,https://images.metmuseum.org/CRDImages/ep/original/DP352819.jpg,https://images.metmuseum.org/CRDImages/ep/web-large/DP352819.jpg,https://www.metmuseum.org/art/collection/search/626692,True,The Metropolitan Museum of Art Collection API,Buddha; Buddhist; Bodhisattva; Avalokiteshvara; Guanyin; Tara; Vajra; Mandala; Thangka; Stupa; Sutra; Ritual; Tibet; Nepal; India; China,European Paintings,,,"Purchase, Mrs. Charles Wrightsman Gift, in honor of Keith Christiansen, 2014"
435621,Joan of Arc,Painting,,,1879,1879,,,,,Oil on canvas,Paintings,"Gift of Erwin Davis, 1889",Gardens; Joan of Arc,https://images.metmuseum.org/CRDImages/ep/original/DP-14201-049.jpg,https://images.metmuseum.org/CRDImages/ep/web-large/DP-14201-049.jpg,https://www.metmuseum.org/art/collection/search/435621,True,The Metropolitan Museum of Art Collection API,Buddha; Buddhist; Bodhisattva; Avalokiteshvara; Guanyin; Tara; Vajra; Mandala; Thangka; Stupa; Sutra; Ritual; Tibet; Nepal; India; China,European Paintings,,,"Gift of Erwin Davis, 1889"
430812,"The True Issue or ""Thats Whats the Matter""",Print,,,1864,1864,,,,,Lithograph,Prints,"Gift of Georgiana W. Sargent, in memory of John Osborne Sargent, 1924",Satire; American Civil War; Abraham Lincoln; Men; Maps,https://images.metmuseum.org/CRDImages/dp/original/DP831802.jpg,https://images.metmuseum.org/CRDImages/dp/web-large/DP831802.jpg,https://www.metmuseum.org/art/collection/search/430812,True,The Metropolitan Museum of Art Collection API,Buddha; Buddhist; Bodhisattva; Avalokiteshvara; Guanyin; Tara; Vajra; Mandala; Thangka; Stupa; Sutra; Ritual; Tibet; Nepal; India; China,Drawings and Prints,,,"Gift of Georgiana W. Sargent, in memory of John Osborne Sargent, 1924"
850659,"The True Issue or ""Thats Whats the Matter""",Print,,,1864,1864,,,,,Lithograph,Prints,"Gift of  A. S. Colgate, 1952",Satire; American Civil War; Abraham Lincoln; Politics,https://images.metmuseum.org/CRDImages/dp/original/DP-21533-001.jpg,https://images.metmuseum.org/CRDImages/dp/web-large/DP-21533-001.jpg,https://www.metmuseum.org/art/collection/search/850659,True,The Metropolitan Museum of Art Collection API,Buddha; Buddhist; Bodhisattva; Avalokiteshvara; Guanyin; Tara; Vajra; Mandala; Thangka; Stupa; Sutra; Ritual; Tibet; Nepal; India; China,Drawings and Prints,,,"Gift of  A. S. Colgate, 1952"
736196,Valentine,Valentine,,,1879,1879,,,,,"Cameo-embossed  lace paper, chromolithography, graphite",Ephemera,"Gift of Mrs. Richard Riddell, 1981",Cupid; Flowers,https://images.metmuseum.org/CRDImages/dp/original/DP886179.jpg,https://images.metmuseum.org/CRDImages/dp/web-large/DP886179.jpg,https://www.metmuseum.org/art/collection/search/736196,True,The Metropolitan Museum of Art Collection API,Buddha; Buddhist; Bodhisattva; Avalokiteshvara; Guanyin; Tara; Vajra; Mandala; Thangka; Stupa; Sutra; Ritual; Tibet; Nepal; India; China,Drawings and Prints,,,"Gift of Mrs. Richard Riddell, 1981"
347927,Songs of Innocence: The Divine Image,Print,,,1789,1825,,,,,Relief etching printed in orange-brown ink and hand-colored with watercolor and shell gold,Prints,"Rogers Fund, 1917",Poetry,https://images.metmuseum.org/CRDImages/dp/original/DP816659.jpg,https://images.metmuseum.org/CRDImages/dp/web-large/DP816659.jpg,https://www.metmuseum.org/art/collection/search/347927,True,The Metropolitan Museum of Art Collection API,Buddha; Buddhist; Bodhisattva; Avalokiteshvara; Guanyin; Tara; Vajra; Mandala; Thangka; Stupa; Sutra; Ritual; Tibet; Nepal; India; China,Drawings and Prints,,,"Rogers Fund, 1917"
437216,The Fifteen Mysteries and the Virgin of the Rosary,Painting,,,1515,1520,,,,,Oil on wood,Paintings,"Anonymous Bequest, 1984",Soldiers; Madonna and Child; Jesus; Bearing the Cross; Crucifixion; Nativity; Visitation; Resurrection; Flagellation; Death of the Virgin; Coronation of the Virgin,https://images.metmuseum.org/CRDImages/ep/original/DT5754.jpg,https://images.metmuseum.org/CRDImages/ep/web-large/DT5754.jpg,https://www.metmuseum.org/art/collection/search/437216,True,The Metropolitan Museum of Art Collection API,Buddha; Buddhist; Bodhisattva; Avalokiteshvara; Guanyin; Tara; Vajra; Mandala; Thangka; Stupa; Sutra; Ritual; Tibet; Nepal; India; China,European Paintings,,,"Anonymous Bequest, 1984"
437868,"Don Gaspar de Guzmán (1587–1645), Count-Duke of Olivares",Painting,,,1631,1660,,,,,Oil on canvas,Paintings,"Fletcher Fund, 1952",Men; Portraits; Horses,https://images.metmuseum.org/CRDImages/ep/original/DP-14936-011.jpg,https://images.metmuseum.org/CRDImages/ep/web-large/DP-14936-011.jpg,https://www.metmuseum.org/art/collection/search/437868,True,The Metropolitan Museum of Art Collection API,Buddha; Buddhist; Bodhisattva; Avalokiteshvara; Guanyin; Tara; Vajra; Mandala; Thangka; Stupa; Sutra; Ritual; Tibet; Nepal; India; China,European Paintings,,,"Fletcher Fund, 1952"
759529,"Plate 30: Robert Macaire before his judges, from 'Caricaturana,' published in Les Robert Macaires",Print,,,1838,1838,,,,,Lithograph on wove paper; second state of two (Delteil),Prints,"Gift of Edwin De T. Bechtel, 1953",Men; Law,https://images.metmuseum.org/CRDImages/dp/original/DP878062.jpg,https://images.metmuseum.org/CRDImages/dp/web-large/DP878062.jpg,https://www.metmuseum.org/art/collection/search/759529,True,The Metropolitan Museum of Art Collection API,Buddha; Buddhist; Bodhisattva; Avalokiteshvara; Guanyin; Tara; Vajra; Mandala; Thangka; Stupa; Sutra; Ritual; Tibet; Nepal; India; China,Drawings and Prints,,,"Gift of Edwin De T. Bechtel, 1953"
822751,"Severe Weather, from ""Illustrated London News""",Print,,,1856,1856,,,,,Wood engraving,Prints,"Gift of Donato Esposito, 2019",Men; Dogs; Rams,https://images.metmuseum.org/CRDImages/dp/original/DP888825.jpg,https://images.metmuseum.org/CRDImages/dp/web-large/DP888825.jpg,https://www.metmuseum.org/art/collection/search/822751,True,The Metropolitan Museum of Art Collection API,Buddha; Buddhist; Bodhisattva; Avalokiteshvara; Guanyin; Tara; Vajra; Mandala; Thangka; Stupa; Sutra; Ritual; Tibet; Nepal; India; China,Drawings and Prints,,,"Gift of Donato Esposito, 2019"
902213,Sacred Verse (Gāthā) from the Sutra of Buddhist Teachings (Hokku-gyō),Hanging scroll,Japan,Muromachi period (1392–1573),1380,1405,,,,,Hanging scroll; ink on paper,Calligraphy,"Mary and Cheney Cowles Collection, Gift of Mary and Cheney Cowles, 2024",,https://images.metmuseum.org/CRDImages/as/original/DP-32430-002.jpg,https://images.metmuseum.org/CRDImages/as/web-large/DP-32430-002.jpg,https://www.metmuseum.org/art/collection/search/902213,True,The Metropolitan Museum of Art Collection API,Buddha; Buddhist; Sutra; China,Asian Art,,,"Mary and Cheney Cowles Collection, Gift of Mary and Cheney Cowles, 2024"
448959,Head from a Figure with a Beaded Headdress,Head of a figure,,,1100,1225,Iran,,,Attributed to,"Fossiliferous limestone; carved, drilled",Stone,"Rogers Fund, 1933",Heads,https://images.metmuseum.org/CRDImages/is/original/DP170373.jpg,https://images.metmuseum.org/CRDImages/is/web-large/DP170373.jpg,https://www.metmuseum.org/art/collection/search/448959,True,The Metropolitan Museum of Art Collection API,Buddha; Buddhist; Bodhisattva; Avalokiteshvara; Guanyin; Tara; Vajra; Mandala; Thangka; Stupa; Sutra; Ritual; Tibet; Nepal; India; China,Islamic Art,,,"Rogers Fund, 1933"
435702,The Horse Fair,Painting,,,1852,1855,,,,,Oil on canvas,Paintings,"Gift of Cornelius Vanderbilt, 1887",Men; Horses; Paris,https://images.metmuseum.org/CRDImages/ep/original/DP-23550-001.jpg,https://images.metmuseum.org/CRDImages/ep/web-large/DP-23550-001.jpg,https://www.metmuseum.org/art/collection/search/435702,True,The Metropolitan Museum of Art Collection API,Buddha; Buddhist; Bodhisattva; Avalokiteshvara; Guanyin; Tara; Vajra; Mandala; Thangka; Stupa; Sutra; Ritual; Tibet; Nepal; India; China,European Paintings,,,"Gift of Cornelius Vanderbilt, 1887"
60451,Letter to the Nun Jōjūbō,Hanging scroll,Japan,Kamakura period (1185–1333),1221,1221,,,,,Hanging scroll; ink on paper,Calligraphy,"Gift of Sylvan Barnet and William Burto, in honor of Saretta and Howard Barnet, 2014",,https://images.metmuseum.org/CRDImages/as/original/DP298302.jpg,https://images.metmuseum.org/CRDImages/as/web-large/DP298302.jpg,https://www.metmuseum.org/art/collection/search/60451,True,The Metropolitan Museum of Art Collection API,Buddha; Sutra,Asian Art,,,"Gift of Sylvan Barnet and William Burto, in honor of Saretta and Howard Barnet, 2014"
436658,Hermann von Wedigh III (died 1560),Painting,,,1532,1532,,,,,Oil and gold on oak,Paintings,"Bequest of Edward S. Harkness, 1940",Men; Portraits; Latin,https://images.metmuseum.org/CRDImages/ep/original/DP164836.jpg,https://images.metmuseum.org/CRDImages/ep/web-large/DP164836.jpg,https://www.metmuseum.org/art/collection/search/436658,True,The Metropolitan Museum of Art Collection API,Buddha; Buddhist; Bodhisattva; Avalokiteshvara; Guanyin; Tara; Vajra; Mandala; Thangka; Stupa; Sutra; Ritual; Tibet; Nepal; India; China,European Paintings,,,"Bequest of Edward S. Harkness, 1940"
488221,Gertrude Stein,Painting,,,1905,1906,,,,,Oil on canvas,Paintings,"Bequest of Gertrude Stein, 1946",Portraits; Women,,,https://www.metmuseum.org/art/collection/search/488221,False,The Metropolitan Museum of Art Collection API,Buddha; Buddhist; Bodhisattva; Avalokiteshvara; Guanyin; Tara; Vajra; Mandala; Thangka; Stupa; Sutra; Ritual; Tibet; Nepal; India; China,Modern and Contemporary Art,,,"Bequest of Gertrude Stein, 1946"
822560,You Want It Darker,Print,,,2018,2018,,,,,Spit bite etching with drypoint,Prints,"Gift of the artist, 2019",,,,https://www.metmuseum.org/art/collection/search/822560,False,The Metropolitan Museum of Art Collection API,Buddha; Buddhist; Bodhisattva; Avalokiteshvara; Guanyin; Tara; Vajra; Mandala; Thangka; Stupa; Sutra; Ritual; Tibet; Nepal; India; China,Drawings and Prints,,,"Gift of the artist, 2019"
436803,The Adoration of the Magi,Painting,,,1472,1474,,,,,Distemper on canvas,Paintings,"Bequest of George Blumenthal, 1941",Men; Dogs; Virgin Mary; Jesus; Adoration of the Magi; Joseph,https://images.metmuseum.org/CRDImages/ep/original/DP-16339-001.jpg,https://images.metmuseum.org/CRDImages/ep/web-large/DP-16339-001.jpg,https://www.metmuseum.org/art/collection/search/436803,True,The Metropolitan Museum of Art Collection API,Buddha; Buddhist; Bodhisattva; Avalokiteshvara; Guanyin; Tara; Vajra; Mandala; Thangka; Stupa; Sutra; Ritual; Tibet; Nepal; India; China,European Paintings,,,"Bequest of George Blumenthal, 1941"
452740,Seal Stone,Seal,,,900,1099,Iran,,probably Nishapur,Attributed to,Hematite; incised with gold fittings,Seals,"Fletcher Fund, 1975",,https://images.metmuseum.org/CRDImages/is/original/sf1975-118a.jpg,https://images.metmuseum.org/CRDImages/is/web-large/sf1975-118a.jpg,https://www.metmuseum.org/art/collection/search/452740,True,The Metropolitan Museum of Art Collection API,Buddha; Buddhist; Bodhisattva; Avalokiteshvara; Guanyin; Tara; Vajra; Mandala; Thangka; Stupa; Sutra; Ritual; Tibet; Nepal; India; China,Islamic Art,,,"Fletcher Fund, 1975"
435844,The Musicians,Painting,,,1597,1597,,,,,Oil on canvas,Paintings,"Rogers Fund, 1952",Grapes; Men; Music; Lutes; Violins; Cupid; Musicians,https://images.metmuseum.org/CRDImages/ep/original/DP-687-001.jpg,https://images.metmuseum.org/CRDImages/ep/web-large/DP-687-001.jpg,https://www.metmuseum.org/art/collection/search/435844,True,The Metropolitan Museum of Art Collection API,Buddha; Buddhist; Bodhisattva; Avalokiteshvara; Guanyin; Tara; Vajra; Mandala; Thangka; Stupa; Sutra; Ritual; Tibet; Nepal; India; China,European Paintings,,,"Rogers Fund, 1952"
40080,Fragrant Snow at Broken Bridge,Hanging scroll,China,Yuan dynasty (1271–1368),1300,1359,,,,,Hanging scroll; ink on silk,Paintings,"Ex coll.: C. C. Wang Family, Purchase, Gift of J. Pierpont Morgan, by exchange, 1973",Trees,https://images.metmuseum.org/CRDImages/as/original/DP258037.jpg,https://images.metmuseum.org/CRDImages/as/web-large/DP258037.jpg,https://www.metmuseum.org/art/collection/search/40080,True,The Metropolitan Museum of Art Collection API,Buddha; Buddhist; Bodhisattva; Avalokiteshvara; Guanyin; Tara; Vajra; Mandala; Thangka; Stupa; Sutra; Ritual; Tibet; Nepal; India; China,Asian Art,,,"Ex coll.: C. C. Wang Family, Purchase, Gift of J. Pierpont Morgan, by exchange, 1973"
436105,The Death of Socrates,Painting,,,1787,1787,,,,,Oil on canvas,Paintings,"Catharine Lorillard Wolfe Collection, Wolfe Fund, 1931",Socrates; Men; Lyres,https://images.metmuseum.org/CRDImages/ep/original/DP-13139-001.jpg,https://images.metmuseum.org/CRDImages/ep/web-large/DP-13139-001.jpg,https://www.metmuseum.org/art/collection/search/436105,True,The Metropolitan Museum of Art Collection API,Buddha; Buddhist; Bodhisattva; Avalokiteshvara; Guanyin; Tara; Vajra; Mandala; Thangka; Stupa; Sutra; Ritual; Tibet; Nepal; India; China,European Paintings,,,"Catharine Lorillard Wolfe Collection, Wolfe Fund, 1931"
40513,Vimalakirti and the Doctrine of Nonduality,Handscroll,China,Yuan dynasty (1271–1368),1308,1308,,,,,Handscroll; ink on silk,Paintings,"Purchase, The Dillon Fund Gift, 1980",Men; Women; Buddhism; Bodhisattvas; Manjushri,https://images.metmuseum.org/CRDImages/as/original/DP258040_CRD.jpg,https://images.metmuseum.org/CRDImages/as/web-large/DP258040_CRD.jpg,https://www.metmuseum.org/art/collection/search/40513,True,The Metropolitan Museum of Art Collection API,Buddha; Buddhist; Bodhisattva; Sutra; China,Asian Art,,,"Purchase, The Dillon Fund Gift, 1980"
888663,Handscroll of Ten Homoerotic (Nanshoku) Scenes,Handscroll,Japan,Edo period (1615–1868),1700,1733,,,,,Handscroll; ink and colors on silk,Paintings,"Rogers Fund, by exchange, 2022",,https://images.metmuseum.org/CRDImages/as/original/DP-24890-002.jpg,https://images.metmuseum.org/CRDImages/as/web-large/DP-24890-002.jpg,https://www.metmuseum.org/art/collection/search/888663,True,The Metropolitan Museum of Art Collection API,Buddha; Buddhist; Bodhisattva; Avalokiteshvara; Guanyin; Tara; Vajra; Mandala; Thangka; Stupa; Sutra; Ritual; Tibet; Nepal; India; China,Asian Art,,,"Rogers Fund, by exchange, 2022"
53892,Albums of scenes from The Tale of Genji,Albums,Japan,Edo period (1615–1868),1600,1700,,,,,"Two albums of thirty leaves; ink, red pigment, and gold on paper",Paintings,"Mary Griggs Burke Collection, Gift of the Mary and Jackson Burke Foundation, 2015",Men; Women,https://images.metmuseum.org/CRDImages/as/original/LC-2015_300_34ab_001.jpg,https://images.metmuseum.org/CRDImages/as/web-large/LC-2015_300_34ab_001.jpg,https://www.metmuseum.org/art/collection/search/53892,True,The Metropolitan Museum of Art Collection API,Buddha; Sutra,Asian Art,,,"Mary Griggs Burke Collection, Gift of the Mary and Jackson Burke Foundation, 2015"
436529,"L'Arlésienne: Madame Joseph-Michel Ginoux (Marie Julien, 1848–1911)",Painting,,,1888,1889,,,,,Oil on canvas,Paintings,"Bequest of Sam A. Lewisohn, 1951",Books; Portraits; Women,https://images.metmuseum.org/CRDImages/ep/original/DT1396.jpg,https://images.metmuseum.org/CRDImages/ep/web-large/DT1396.jpg,https://www.metmuseum.org/art/collection/search/436529,True,The Metropolitan Museum of Art Collection API,Buddha; Buddhist; Bodhisattva; Avalokiteshvara; Guanyin; Tara; Vajra; Mandala; Thangka; Stupa; Sutra; Ritual; Tibet; Nepal; India; China,European Paintings,,,"Bequest of Sam A. Lewisohn, 1951"
764636,The Last Toilet of Charlotte Corday,Print,,,1869,1869,,,,,Engraving on chine collé,Prints,"Gift of Mrs. Charles Wrightsman, 1986",Painting; Men; Women; Palettes,https://images.metmuseum.org/CRDImages/dp/original/DP884893.jpg,https://images.metmuseum.org/CRDImages/dp/web-large/DP884893.jpg,https://www.metmuseum.org/art/collection/search/764636,True,The Metropolitan Museum of Art Collection API,Buddha; Buddhist; Bodhisattva; Avalokiteshvara; Guanyin; Tara; Vajra; Mandala; Thangka; Stupa; Sutra; Ritual; Tibet; Nepal; India; China,Drawings and Prints,,,"Gift of Mrs. Charles Wrightsman, 1986"
53180,"Satsubari, the Second of the Sixteen Arhats",Hanging scroll,Japan,Nanbokuchō period (1336–92),1336,1392,,,,,Hanging scroll; ink and color on silk,Paintings,"Mary Griggs Burke Collection, Gift of the Mary and Jackson Burke Foundation, 2015",Men; Buddhism,https://images.metmuseum.org/CRDImages/as/original/DP-12232-006.jpg,https://images.metmuseum.org/CRDImages/as/web-large/DP-12232-006.jpg,https://www.metmuseum.org/art/collection/search/53180,True,The Metropolitan Museum of Art Collection API,Buddha; Buddhist; Sutra; India; China,Asian Art,,,"Mary Griggs Burke Collection, Gift of the Mary and Jackson Burke Foundation, 2015"
437585,Market by the Seashore,Painting,,,1637,1637,,,,,Oil on wood,Paintings,"Bequest of Rupert L. Joseph, 1959",Men; Horses; Beaches; Boats,https://images.metmuseum.org/CRDImages/ep/original/DP143181.jpg,https://images.metmuseum.org/CRDImages/ep/web-large/DP143181.jpg,https://www.metmuseum.org/art/collection/search/437585,True,The Metropolitan Museum of Art Collection API,Buddha; Buddhist; Bodhisattva; Avalokiteshvara; Guanyin; Tara; Vajra; Mandala; Thangka; Stupa; Sutra; Ritual; Tibet; Nepal; India; China,European Paintings,,,"Bequest of Rupert L. Joseph, 1959"
60470,On Reclusion,Hanging scroll,Japan,Nanbokuchō period (1336–92),1300,1349,,,,,Hanging scroll; ink on paper,Calligraphy,"Gift of Sylvan Barnet and William Burto, in honor of Miyeko Murase, 2014",,https://images.metmuseum.org/CRDImages/as/original/DP298241.jpg,https://images.metmuseum.org/CRDImages/as/web-large/DP298241.jpg,https://www.metmuseum.org/art/collection/search/60470,True,The Metropolitan Museum of Art Collection API,Buddha; Buddhist; Bodhisattva; Avalokiteshvara; Guanyin; Tara; Vajra; Mandala; Thangka; Stupa; Sutra; Ritual; Tibet; Nepal; India; China,Asian Art,,,"Gift of Sylvan Barnet and William Burto, in honor of Miyeko Murase, 2014"
228995,"The New Testament, The Book of Common Prayer",Book cover,,,1631,1641,,,,,"Silk, bullion, silver, and silver-gilt thread on canvas and satin",Textiles-Embroidered,"Gift of Irwin Untermyer, 1964",Musical Instruments; Birds; Men,https://images.metmuseum.org/CRDImages/es/original/DP153222.jpg,https://images.metmuseum.org/CRDImages/es/web-large/DP153222.jpg,https://www.metmuseum.org/art/collection/search/228995,True,The Metropolitan Museum of Art Collection API,Buddha; Buddhist; Bodhisattva; Avalokiteshvara; Guanyin; Tara; Vajra; Mandala; Thangka; Stupa; Sutra; Ritual; Tibet; Nepal; India; China,European Sculpture and Decorative Arts,,,"Gift of Irwin Untermyer, 1964"
65394,"Fenggan, Hanshan, and Shide",Hanging scrolls,Japan,Muromachi period (1392–1573),1400,1449,,,,,Pair of hanging scrolls; ink and color on paper,Paintings,"Mary Griggs Burke Collection, Gift of the Mary and Jackson Burke Foundation, 2015",Men,https://images.metmuseum.org/CRDImages/as/original/DP361143.jpg,https://images.metmuseum.org/CRDImages/as/web-large/DP361143.jpg,https://www.metmuseum.org/art/collection/search/65394,True,The Metropolitan Museum of Art Collection API,Buddha; Buddhist; Bodhisattva; China,Asian Art,,,"Mary Griggs Burke Collection, Gift of the Mary and Jackson Burke Foundation, 2015"
816191,"White-Robed Kannon, Kanzan, and Jittoku",Hanging scrolls,Japan,Nanbokuchō (1336–1392)–Muromachi period (1392–1573),1300,1573,,,,,Set of three hanging scrolls; ink on silk,Paintings,"Mary and Cheney Cowles Collection, Gift of Mary and Cheney Cowles, 2018",,https://images.metmuseum.org/CRDImages/as/original/DP-18093-001.jpg,https://images.metmuseum.org/CRDImages/as/web-large/DP-18093-001.jpg,https://www.metmuseum.org/art/collection/search/816191,True,The Metropolitan Museum of Art Collection API,Buddha; Buddhist; Bodhisattva; Guanyin; China,Asian Art,,,"Mary and Cheney Cowles Collection, Gift of Mary and Cheney Cowles, 2018"
437878,A Maid Asleep,Painting,,,1656,1657,,,,,Oil on canvas,Paintings,"Bequest of Benjamin Altman, 1913",Interiors; Fruit; Sleeping; Women; Servants,https://images.metmuseum.org/CRDImages/ep/original/DP355525.jpg,https://images.metmuseum.org/CRDImages/ep/web-large/DP355525.jpg,https://www.metmuseum.org/art/collection/search/437878,True,The Metropolitan Museum of Art Collection API,Buddha; Buddhist; Bodhisattva; Avalokiteshvara; Guanyin; Tara; Vajra; Mandala; Thangka; Stupa; Sutra; Ritual; Tibet; Nepal; India; China,European Paintings,,,"Bequest of Benjamin Altman, 1913"
464132,Right Leaf of a Diptych,Diptych leaf,French,,1300,1399,France,,,Made in,Elephant ivory,Ivories-Elephant,"Gift of J. Pierpont Morgan, 1917",Christ; Madonna and Child; Adoration of the Magi,https://images.metmuseum.org/CRDImages/md/original/sf17-190-176s1.jpg,https://images.metmuseum.org/CRDImages/md/web-large/sf17-190-176s1.jpg,https://www.metmuseum.org/art/collection/search/464132,True,The Metropolitan Museum of Art Collection API,Buddha; Buddhist; Bodhisattva; Avalokiteshvara; Guanyin; Tara; Vajra; Mandala; Thangka; Stupa; Sutra; Ritual; Tibet; Nepal; India; China,Medieval Art,,,"Gift of J. Pierpont Morgan, 1917"
53205,Mandala of the Bodhisattva Hannya (Prajnaparamita),Hanging scroll,Japan,Nanbokuchō period (1336–92),1336,1392,,,,,"Hanging scroll; ink, color, gold, and gold foil on silk",Paintings,"Mary Griggs Burke Collection, Gift of the Mary and Jackson Burke Foundation, 2000",Dragons; Buddhism; Bodhisattvas; Deities; Demons; Musicians,https://images.metmuseum.org/CRDImages/as/original/DT209331.jpg,https://images.metmuseum.org/CRDImages/as/web-large/DT209331.jpg,https://www.metmuseum.org/art/collection/search/53205,True,The Metropolitan Museum of Art Collection API,Buddha; Buddhist; Bodhisattva; Vajra; Mandala; Stupa; Sutra; Ritual,Asian Art,,,"Mary Griggs Burke Collection, Gift of the Mary and Jackson Burke Foundation, 2000"
452364,Mirror with Split-Leaf Palmette Design Inlaid with Gold,Mirror,,,1500,1525,Turkey,,probably Bursa or Istanbul,Attributed to,"Iron, inlaid with gold; ivory",Metal,"Fletcher Fund, 1972",,https://images.metmuseum.org/CRDImages/is/original/DP170394.jpg,https://images.metmuseum.org/CRDImages/is/web-large/DP170394.jpg,https://www.metmuseum.org/art/collection/search/452364,True,The Metropolitan Museum of Art Collection API,Buddha; Buddhist; Bodhisattva; Avalokiteshvara; Guanyin; Tara; Vajra; Mandala; Thangka; Stupa; Sutra; Ritual; Tibet; Nepal; India; China,Islamic Art,,,"Fletcher Fund, 1972"
228990,Adam and Eve with Charles I and Henrietta Maria,Embroidered picture,,,1634,1699,,,,,Canvas worked with silk and metal thread; tent and couching stitches,Textiles-Embroidered,"Gift of Irwin Untermyer, 1964",Kings; Men; Women; Unicorns; Butterflies; Snails; Lions; Snakes; Trees; Adam; Eve,https://images.metmuseum.org/CRDImages/es/original/DP158590.jpg,https://images.metmuseum.org/CRDImages/es/web-large/DP158590.jpg,https://www.metmuseum.org/art/collection/search/228990,True,The Metropolitan Museum of Art Collection API,Buddha; Buddhist; Bodhisattva; Avalokiteshvara; Guanyin; Tara; Vajra; Mandala; Thangka; Stupa; Sutra; Ritual; Tibet; Nepal; India; China,European Sculpture and Decorative Arts,,,"Gift of Irwin Untermyer, 1964"
435991,A Woman Reading,Painting,,,1869,1870,,,,,Oil on canvas,Paintings,"Gift of Louise Senff Cameron, in memory of her uncle, Charles H. Senff, 1928",Books; Women; Reading,https://images.metmuseum.org/CRDImages/ep/original/DP-16589-001.jpg,https://images.metmuseum.org/CRDImages/ep/web-large/DP-16589-001.jpg,https://www.metmuseum.org/art/collection/search/435991,True,The Metropolitan Museum of Art Collection API,Buddha; Buddhist; Bodhisattva; Avalokiteshvara; Guanyin; Tara; Vajra; Mandala; Thangka; Stupa; Sutra; Ritual; Tibet; Nepal; India; China,European Paintings,,,"Gift of Louise Senff Cameron, in memory of her uncle, Charles H. Senff, 1928"
200840,Glass cooler (seau à verre),Glass cooler,,,1720,1735,,,,,"Soft-paste porcelain decorated in polychrome enamels, gold",Ceramics-Porcelain,"Gift of R. Thornton Wilson, in memory of Florence Ellsworth Wilson, 1950",Faces; Men; Women,https://images.metmuseum.org/CRDImages/es/original/DP169174.jpg,https://images.metmuseum.org/CRDImages/es/web-large/DP169174.jpg,https://www.metmuseum.org/art/collection/search/200840,True,The Metropolitan Museum of Art Collection API,Buddha; Buddhist; Bodhisattva; Avalokiteshvara; Guanyin; Tara; Vajra; Mandala; Thangka; Stupa; Sutra; Ritual; Tibet; Nepal; India; China,European Sculpture and Decorative Arts,,,"Gift of R. Thornton Wilson, in memory of Florence Ellsworth Wilson, 1950"
53238,Zheng Huangniu and Yushanzhu,Hanging scrolls,Japan,Momoyama period (1573–1615),1600,1633,,,,,Pair of hanging scrolls; ink on paper,Paintings,"Mary Griggs Burke Collection, Gift of the Mary and Jackson Burke Foundation, 2015",Men; Donkeys; Monks,https://images.metmuseum.org/CRDImages/as/original/DP361158.jpg,https://images.metmuseum.org/CRDImages/as/web-large/DP361158.jpg,https://www.metmuseum.org/art/collection/search/53238,True,The Metropolitan Museum of Art Collection API,Buddha; Buddhist; Bodhisattva; Avalokiteshvara; Guanyin; Tara; Vajra; Mandala; Thangka; Stupa; Sutra; Ritual; Tibet; Nepal; India; China,Asian Art,,,"Mary Griggs Burke Collection, Gift of the Mary and Jackson Burke Foundation, 2015"
452651,"""Isfandiyar's Third Course: He Slays a Dragon"", Folio from a Shahnama (Book of Kings)",Folio from an illustrated manuscript,,,1305,1365,Iran,,probably Isfahan,Attributed to,"Ink, opaque watercolor, gold, and silver on paper",Codices,"Bequest of Monroe C. Gutman, 1974",Bow and Arrow; Men; Dragons; Horses,https://images.metmuseum.org/CRDImages/is/original/DP108574.jpg,https://images.metmuseum.org/CRDImages/is/web-large/DP108574.jpg,https://www.metmuseum.org/art/collection/search/452651,True,The Metropolitan Museum of Art Collection API,Buddha; Buddhist; Bodhisattva; Avalokiteshvara; Guanyin; Tara; Vajra; Mandala; Thangka; Stupa; Sutra; Ritual; Tibet; Nepal; India; China,Islamic Art,,,"Bequest of Monroe C. Gutman, 1974"
60437,Section of the Dream Diary with a Sketch of Mountains,Hanging scroll,Japan,Kamakura period (1185–1333),1203,1210,,,,,Hanging scroll; ink on paper,Calligraphy,"Gift of Sylvan Barnet and William Burto, in honor of Saretta and Howard Barnet, 2014",,https://images.metmuseum.org/CRDImages/as/original/DP298316.jpg,https://images.metmuseum.org/CRDImages/as/web-large/DP298316.jpg,https://www.metmuseum.org/art/collection/search/60437,True,The Metropolitan Museum of Art Collection API,Buddha; Buddhist; Sutra; India,Asian Art,,,"Gift of Sylvan Barnet and William Burto, in honor of Saretta and Howard Barnet, 2014"
453385,Anthology of Persian Poetry in Oblong Format (Safina),Non-illustrated manuscript,,,1499,1500,present-day Afghanistan,,Herat,Attributed to,"Ink, watercolor, and gold on paper.
Binding: leather",Codices,"Purchase, Rogers Fund, Louis E. and Theresa S. Seley Purchase Fund for Islamic Art, and Persian Heritage Foundation Gift, 1997",Poetry,https://images.metmuseum.org/CRDImages/is/original/DP235838.jpg,https://images.metmuseum.org/CRDImages/is/web-large/DP235838.jpg,https://www.metmuseum.org/art/collection/search/453385,True,The Metropolitan Museum of Art Collection API,Buddha; Buddhist; Bodhisattva; Avalokiteshvara; Guanyin; Tara; Vajra; Mandala; Thangka; Stupa; Sutra; Ritual; Tibet; Nepal; India; China,Islamic Art,,,"Purchase, Rogers Fund, Louis E. and Theresa S. Seley Purchase Fund for Islamic Art, and Persian Heritage Foundation Gift, 1997"
436607,An Allegory,Painting,,,1710,1720,,,,,Oil on canvas,Paintings,"Purchase, R. A. Farnsworth Gift, Gwynne Andrews, Charles B. Curtis, Rogers, Marquand, The Alfred N. Punnett Endowment, and Victor Wilbour Memorial Funds, 1970",Birds; Books; Skulls; Girls; Women; Cats; Dogs; Allegory,https://images.metmuseum.org/CRDImages/ep/original/EP542.jpg,https://images.metmuseum.org/CRDImages/ep/web-large/EP542.jpg,https://www.metmuseum.org/art/collection/search/436607,True,The Metropolitan Museum of Art Collection API,Buddha; Buddhist; Bodhisattva; Avalokiteshvara; Guanyin; Tara; Vajra; Mandala; Thangka; Stupa; Sutra; Ritual; Tibet; Nepal; India; China,European Paintings,,,"Purchase, R. A. Farnsworth Gift, Gwynne Andrews, Charles B. Curtis, Rogers, Marquand, The Alfred N. Punnett Endowment, and Victor Wilbour Memorial Funds, 1970"
201718,Street vendor,Figure,,,1745,1765,,,,,Soft-paste porcelain,Ceramics-Porcelain,"Gift of R. Thornton Wilson, in memory of Florence Ellsworth Wilson, 1954",Men,https://images.metmuseum.org/CRDImages/es/original/DP241968.jpg,https://images.metmuseum.org/CRDImages/es/web-large/DP241968.jpg,https://www.metmuseum.org/art/collection/search/201718,True,The Metropolitan Museum of Art Collection API,Buddha; Buddhist; Bodhisattva; Avalokiteshvara; Guanyin; Tara; Vajra; Mandala; Thangka; Stupa; Sutra; Ritual; Tibet; Nepal; India; China,European Sculpture and Decorative Arts,,,"Gift of R. Thornton Wilson, in memory of Florence Ellsworth Wilson, 1954"
464118,Crozier Head with Double Enthroned Christ,Crozier head,Italian,,1350,1375,Italy,,,Made in,Elephant ivory with traces of modern paint and gilding,Ivories-Elephant,"Gift of J. Pierpont Morgan, 1917",Women; Christ,https://images.metmuseum.org/CRDImages/md/original/sf17-190-171s6.jpg,https://images.metmuseum.org/CRDImages/md/web-large/sf17-190-171s6.jpg,https://www.metmuseum.org/art/collection/search/464118,True,The Metropolitan Museum of Art Collection API,Buddha; Buddhist; Bodhisattva; Avalokiteshvara; Guanyin; Tara; Vajra; Mandala; Thangka; Stupa; Sutra; Ritual; Tibet; Nepal; India; China,Medieval Art,,,"Gift of J. Pierpont Morgan, 1917"
436884,The Chess Players,"Painting, cassone panel",,,1470,1480,,,,,Tempera on wood,Paintings,"Maitland F. Griggs Collection, Bequest of Maitland F. Griggs, 1943",Men; Women; Chess,https://images.metmuseum.org/CRDImages/ep/original/DT226950.jpg,https://images.metmuseum.org/CRDImages/ep/web-large/DT226950.jpg,https://www.metmuseum.org/art/collection/search/436884,True,The Metropolitan Museum of Art Collection API,Buddha; Buddhist; Bodhisattva; Avalokiteshvara; Guanyin; Tara; Vajra; Mandala; Thangka; Stupa; Sutra; Ritual; Tibet; Nepal; India; China,European Paintings,,,"Maitland F. Griggs Collection, Bequest of Maitland F. Griggs, 1943"
451287,"""Page of Calligraphy Illuminated with Animals and Plants in a Field of Flowers"", Folio from the Shah Jahan Album",Album leaf,,,1510,1640,India,,,Made in,"Ink, opaque watercolor, and gold on paper",Codices,"Purchase, Rogers Fund and The Kevorkian Foundation Gift, 1955",Persian; Deer; Flowers; Calligraphy,https://images.metmuseum.org/CRDImages/is/original/DP231356.jpg,https://images.metmuseum.org/CRDImages/is/web-large/DP231356.jpg,https://www.metmuseum.org/art/collection/search/451287,True,The Metropolitan Museum of Art Collection API,Buddha; Buddhist; Bodhisattva; Avalokiteshvara; Guanyin; Tara; Vajra; Mandala; Thangka; Stupa; Sutra; Ritual; Tibet; Nepal; India; China,Islamic Art,,,"Purchase, Rogers Fund and The Kevorkian Foundation Gift, 1955"
437384,Salome,Painting,,,1870,1870,,,,,Oil on canvas,Paintings,"Gift of George F. Baker, 1916",Portraits; Women; Orientalist,https://images.metmuseum.org/CRDImages/ep/original/ep16.95.R.jpg,https://images.metmuseum.org/CRDImages/ep/web-large/ep16.95.R.jpg,https://www.metmuseum.org/art/collection/search/437384,True,The Metropolitan Museum of Art Collection API,Buddha; Buddhist; Bodhisattva; Avalokiteshvara; Guanyin; Tara; Vajra; Mandala; Thangka; Stupa; Sutra; Ritual; Tibet; Nepal; India; China,European Paintings,,,"Gift of George F. Baker, 1916"
437873,"Philip IV (1605–1665), King of Spain",Painting,,,1624,1624,,,,,Oil on canvas,Paintings,"Bequest of Benjamin Altman, 1913",Kings; Philip IV; Men; Portraits,https://images.metmuseum.org/CRDImages/ep/original/DP239023.jpg,https://images.metmuseum.org/CRDImages/ep/web-large/DP239023.jpg,https://www.metmuseum.org/art/collection/search/437873,True,The Metropolitan Museum of Art Collection API,Buddha; Buddhist; Bodhisattva; Avalokiteshvara; Guanyin; Tara; Vajra; Mandala; Thangka; Stupa; Sutra; Ritual; Tibet; Nepal; India; China,European Paintings,,,"Bequest of Benjamin Altman, 1913"
53428,Scenes in and around the Capital,Screens,Japan,Edo period (1615–1868),1600,1699,,,,,"Pair of six-panel folding screens; ink, color, gold, and gold leaf on paper",Paintings,"Mary Griggs Burke Collection, Gift of the Mary and Jackson Burke Foundation, 2015",Buildings; Cities,https://images.metmuseum.org/CRDImages/as/original/DP-12432-004.jpg,https://images.metmuseum.org/CRDImages/as/web-large/DP-12432-004.jpg,https://www.metmuseum.org/art/collection/search/53428,True,The Metropolitan Museum of Art Collection API,Buddha; Buddhist; Stupa,Asian Art,,,"Mary Griggs Burke Collection, Gift of the Mary and Jackson Burke Foundation, 2015"
437159,Young Woman Knitting,Painting,,,1878,1888,,,,,Oil on canvas,Paintings,"Bequest of Miss Adelaide Milton de Groot (1876-1967), 1967",Women; Knitting,https://images.metmuseum.org/CRDImages/ep/original/DT1928.jpg,https://images.metmuseum.org/CRDImages/ep/web-large/DT1928.jpg,https://www.metmuseum.org/art/collection/search/437159,True,The Metropolitan Museum of Art Collection API,Buddha; Buddhist; Bodhisattva; Avalokiteshvara; Guanyin; Tara; Vajra; Mandala; Thangka; Stupa; Sutra; Ritual; Tibet; Nepal; India; China,European Paintings,,,"Bequest of Miss Adelaide Milton de Groot (1876-1967), 1967"
499559,America Today,Mural,,,1930,1931,,,,,Ten panels: Egg tempera with oil glazing over Permalba on a gesso ground on linen mounted to wood panels with a honeycomb interior,Paintings,"Gift of AXA Equitable, 2012",Subways; Farms; Dancing; Boxing; Industry; Planes; Ships; Trains,,,https://www.metmuseum.org/art/collection/search/499559,False,The Metropolitan Museum of Art Collection API,Buddha; Buddhist; Bodhisattva; Avalokiteshvara; Guanyin; Tara; Vajra; Mandala; Thangka; Stupa; Sutra; Ritual; Tibet; Nepal; India; China,Modern and Contemporary Art,,,"Gift of AXA Equitable, 2012"
341703,"Studies for Hercules Holding a Club Seen in Frontal View, Male Nude Unsheathing a Sword, and the Movements of Water (recto); Study for Hercules Holding a Club Seen in Rear View (verso)",Drawing,,,1501,1513,,,,,Pen and brown ink; soft black chalk or charcoal (recto); soft black chalk or charcoal (verso),Drawings,"Purchase, Florence B. Selden Bequest and Rogers Fund, and Promised Gift of Leon D. and Debra R. Black, 2000",Male Nudes; Hercules,,,https://www.metmuseum.org/art/collection/search/341703,False,The Metropolitan Museum of Art Collection API,Buddha; Buddhist; Bodhisattva; Avalokiteshvara; Guanyin; Tara; Vajra; Mandala; Thangka; Stupa; Sutra; Ritual; Tibet; Nepal; India; China,Drawings and Prints,,,"Purchase, Florence B. Selden Bequest and Rogers Fund, and Promised Gift of Leon D. and Debra R. Black, 2000"
453895,Youth and Dervish,Illustrated single work,,,1625,1650,Iran,,Isfahan,Made in,"Ink, opaque watercolor, and gold on paper (tinted drawing)",Codices,"Rogers Fund, 1911",Men; Trees,https://images.metmuseum.org/CRDImages/is/original/DP299968.jpg,https://images.metmuseum.org/CRDImages/is/web-large/DP299968.jpg,https://www.metmuseum.org/art/collection/search/453895,True,The Metropolitan Museum of Art Collection API,Buddha; Buddhist; Bodhisattva; Avalokiteshvara; Guanyin; Tara; Vajra; Mandala; Thangka; Stupa; Sutra; Ritual; Tibet; Nepal; India; China,Islamic Art,,,"Rogers Fund, 1911"
856024,Nymph of the Luo,Painting,China,,1942,1942,,,,,Hanging scroll; ink and color on paper,Paintings,"Gift of Jack and Susy Wadsworth, 2024",,,,https://www.metmuseum.org/art/collection/search/856024,False,The Metropolitan Museum of Art Collection API,Buddha; Buddhist; Bodhisattva; Avalokiteshvara; Guanyin; Tara; Vajra; Mandala; Thangka; Stupa; Sutra; Ritual; Tibet; Nepal; India; China,Asian Art,,,"Gift of Jack and Susy Wadsworth, 2024"
733847,Famous Women,Album,China,Qing dynasty (1644–1911),1799,1799,,,,,Album of sixteen leaves; ink on paper,Paintings,"Purchase, Bequests of Edna H. Sachs and Flora E. Whiting, by exchange; Fletcher Fund, by exchange; Gifts of Mrs. Harry Payne Bingham and Mrs. Henry J. Bernheim, by exchange; and funds from various donors, by exchange, 2016",Women,https://images.metmuseum.org/CRDImages/as/original/DP-14152-011.jpg,https://images.metmuseum.org/CRDImages/as/web-large/DP-14152-011.jpg,https://www.metmuseum.org/art/collection/search/733847,True,The Metropolitan Museum of Art Collection API,Buddha; Buddhist; Bodhisattva; Avalokiteshvara; Guanyin; Tara; Vajra; Mandala; Thangka; Stupa; Sutra; Ritual; Tibet; Nepal; India; China,Asian Art,,,"Purchase, Bequests of Edna H. Sachs and Flora E. Whiting, by exchange; Fletcher Fund, by exchange; Gifts of Mrs. Harry Payne Bingham and Mrs. Henry J. Bernheim, by exchange; and funds from various donors, by exchange, 2016"
39895,The Classic of Filial Piety,Handscrolls,China,Northern Song dynasty (960–1127),1075,1095,,,,,Handscroll; ink and color on silk,Paintings,"Ex coll.: C. C. Wang Family, From the P. Y. and Kinmay W. Tang Family Collection, Gift of Oscar L. Tang Family, 1996",Men; Women,https://images.metmuseum.org/CRDImages/as/original/DP151528.jpg,https://images.metmuseum.org/CRDImages/as/web-large/DP151528.jpg,https://www.metmuseum.org/art/collection/search/39895,True,The Metropolitan Museum of Art Collection API,Buddha; Buddhist; Bodhisattva; Avalokiteshvara; Guanyin; Tara; Vajra; Mandala; Thangka; Stupa; Sutra; Ritual; Tibet; Nepal; India; China,Asian Art,,,"Ex coll.: C. C. Wang Family, From the P. Y. and Kinmay W. Tang Family Collection, Gift of Oscar L. Tang Family, 1996"
775454,Valentine with lace paper and faux pearls,Valentine,,,1850,1860,,,,,"Cameo-embossed lace paper, chromolithographed die-cuts, faux pearls, blue satin, white satin ribbon, gold paper stars, graphite, ink, watercolor",Ephemera,"Gift of Gladys Norbury, 1957",,https://images.metmuseum.org/CRDImages/dp/original/DP-14967-005.jpg,https://images.metmuseum.org/CRDImages/dp/web-large/DP-14967-005.jpg,https://www.metmuseum.org/art/collection/search/775454,True,The Metropolitan Museum of Art Collection API,Buddha; Buddhist; Bodhisattva; Avalokiteshvara; Guanyin; Tara; Vajra; Mandala; Thangka; Stupa; Sutra; Ritual; Tibet; Nepal; India; China,Drawings and Prints,,,"Gift of Gladys Norbury, 1957"
437936,Ariadne,Painting,,,1894,1894,,,,,Oil on canvas,Paintings,"Rogers Fund, 1905",Animals; Ariadne; Satyrs; Panthers,https://images.metmuseum.org/CRDImages/ep/original/DP169627.jpg,https://images.metmuseum.org/CRDImages/ep/web-large/DP169627.jpg,https://www.metmuseum.org/art/collection/search/437936,True,The Metropolitan Museum of Art Collection API,Buddha; Buddhist; Bodhisattva; Avalokiteshvara; Guanyin; Tara; Vajra; Mandala; Thangka; Stupa; Sutra; Ritual; Tibet; Nepal; India; China,European Paintings,,,"Rogers Fund, 1905"
450761,Mold Fragment with Musicians,Mold fragment and modern cast,,,1075,1125,Iran,,Nishapur,Excavated in,Earthenware; carved,Ceramics,"Rogers Fund, 1948",Musicians,https://images.metmuseum.org/CRDImages/is/original/DP367585.jpg,https://images.metmuseum.org/CRDImages/is/web-large/DP367585.jpg,https://www.metmuseum.org/art/collection/search/450761,True,The Metropolitan Museum of Art Collection API,Buddha; Buddhist; Bodhisattva; Avalokiteshvara; Guanyin; Tara; Vajra; Mandala; Thangka; Stupa; Sutra; Ritual; Tibet; Nepal; India; China,Islamic Art,,,"Rogers Fund, 1948"
57249,Hanshan and Shide,Hanging scroll,Japan,,1550,1599,,,,,Hanging scroll; ink on paper,Paintings,"Rogers Fund, 1957",Men,https://images.metmuseum.org/CRDImages/as/original/DP-37456-002.jpg,https://images.metmuseum.org/CRDImages/as/web-large/DP-37456-002.jpg,https://www.metmuseum.org/art/collection/search/57249,True,The Metropolitan Museum of Art Collection API,Buddha; Buddhist; Bodhisattva; China,Asian Art,,,"Rogers Fund, 1957"
435678,The Temptation of Saint Anthony,Painting,,,1550,1560,,,,,Oil on wood,Paintings,"Bequest of Harry G. Sperling, 1971",Fires; Saint Anthony,https://images.metmuseum.org/CRDImages/ep/original/DP235224.jpg,https://images.metmuseum.org/CRDImages/ep/web-large/DP235224.jpg,https://www.metmuseum.org/art/collection/search/435678,True,The Metropolitan Museum of Art Collection API,Buddha; Buddhist; Bodhisattva; Avalokiteshvara; Guanyin; Tara; Vajra; Mandala; Thangka; Stupa; Sutra; Ritual; Tibet; Nepal; India; China,European Paintings,,,"Bequest of Harry G. Sperling, 1971"
459001,Madonna Adoring the Child,Painting,,,1485,1495,,,,,Tempera and gold on wood,Paintings,"Robert Lehman Collection, 1975",Virgin Mary; Jesus; Nativity,https://images.metmuseum.org/CRDImages/rl/original/DP318246.jpg,https://images.metmuseum.org/CRDImages/rl/web-large/DP318246.jpg,https://www.metmuseum.org/art/collection/search/459001,True,The Metropolitan Museum of Art Collection API,Buddha; Buddhist; Bodhisattva; Avalokiteshvara; Guanyin; Tara; Vajra; Mandala; Thangka; Stupa; Sutra; Ritual; Tibet; Nepal; India; China,Robert Lehman Collection,,,"Robert Lehman Collection, 1975"
76084,The Bodhisattva Jizō,Statue,Japan,Kamakura period (1185–1333),1291,1291,,,,,"Japanese cypress wood (hinoki) with polychrome pigments, gold paint (kindei), cut gold leaf (kirikane), and rock-crystal eyes",Sculpture,"Purchase, Florence and Herbert Irving Acquisitions Fund for Asian Art, Florence and Herbert Irving Acquisitions Fund, by exchange, The Miriam and Ira D. Wallach Foundation Fund, Brooke Russell Astor Bequest, and Fletcher Fund, 2023",,https://images.metmuseum.org/CRDImages/as/original/DP-14364-001.jpg,https://images.metmuseum.org/CRDImages/as/web-large/DP-14364-001.jpg,https://www.metmuseum.org/art/collection/search/76084,True,The Metropolitan Museum of Art Collection API,Buddhist; Bodhisattva,Asian Art,,,"Purchase, Florence and Herbert Irving Acquisitions Fund for Asian Art, Florence and Herbert Irving Acquisitions Fund, by exchange, The Miriam and Ira D. Wallach Foundation Fund, Brooke Russell Astor Bequest, and Fletcher Fund, 2023"
503651,Pipa (琵琶 ),Pipa,Chinese,Ming dynasty (1368-1644),1590,1640,China,,,,"Wood, ivory, bone, silk",Chordophone-Lute-plucked-fretted,"Bequest of Mary Stillman Harkness, 1950",Animals; Birds; Men; Flowers,https://images.metmuseum.org/CRDImages/mi/original/DP319739.jpg,https://images.metmuseum.org/CRDImages/mi/web-large/DP319739.jpg,https://www.metmuseum.org/art/collection/search/503651,True,The Metropolitan Museum of Art Collection API,Buddhist; China,Musical Instruments,,,"Bequest of Mary Stillman Harkness, 1950"
49179,Landscapes,Album,China,Qing dynasty (1644–1911),1680,1709,,,,,Album of eight leaves; ink and color on paper,Paintings,"Bequest of John M. Crawford Jr., 1988",Landscapes; Boats,https://images.metmuseum.org/CRDImages/as/original/DP162807.jpg,https://images.metmuseum.org/CRDImages/as/web-large/DP162807.jpg,https://www.metmuseum.org/art/collection/search/49179,True,The Metropolitan Museum of Art Collection API,Buddhist; China,Asian Art,,,"Bequest of John M. Crawford Jr., 1988"
448938,"""The Funeral of Isfandiyar,"" Folio from a Shahnama (Book of Kings)",Folio from an illustrated manuscriptf,,,1305,1355,Iran,,Tabriz,Attributed to,"Ink, opaque watercolor, and gold on paper",Faience-Cylinder Seals,"Purchase, Joseph Pulitzer Bequest, 1933",Men; Horses; Funerals,https://images.metmuseum.org/CRDImages/is/original/DP238058.jpg,https://images.metmuseum.org/CRDImages/is/web-large/DP238058.jpg,https://www.metmuseum.org/art/collection/search/448938,True,The Metropolitan Museum of Art Collection API,Buddhist,Islamic Art,,,"Purchase, Joseph Pulitzer Bequest, 1933"
38440,Standing Ganesha,Figure,"Nepal, Kathmandu Valley",,1500,1699,,,,,Wood with traces of polychrome,Sculpture,"Seymour Fund, 1961",Ganesha,https://images.metmuseum.org/CRDImages/as/original/DP-23988-001.jpg,https://images.metmuseum.org/CRDImages/as/web-large/DP-23988-001.jpg,https://www.metmuseum.org/art/collection/search/38440,True,The Metropolitan Museum of Art Collection API,Buddhist; Nepal,Asian Art,,,"Seymour Fund, 1961"
53408,White Plum Blossoms and Moon,Hanging scroll,Japan,Edo period (1615–1868),1755,1755,,,,,Hanging scroll; ink and color on silk,Paintings,"Mary Griggs Burke Collection, Gift of the Mary and Jackson Burke Foundation, 2015",Flowers; Trees,https://images.metmuseum.org/CRDImages/as/original/DP-12232-273.jpg,https://images.metmuseum.org/CRDImages/as/web-large/DP-12232-273.jpg,https://www.metmuseum.org/art/collection/search/53408,True,The Metropolitan Museum of Art Collection API,Buddhist; China,Asian Art,,,"Mary Griggs Burke Collection, Gift of the Mary and Jackson Burke Foundation, 2015"
663886,Portrait of Yinyuan Longqi (Ingen Ryūki),Hanging scroll,Japan,Edo period (1615–1868),1676,1676,,,,,Hanging scroll; ink and color on paper,Paintings,"Purchase, Brooke Russell Astor Bequest, 2015",Men; Portraits; Poets,https://images.metmuseum.org/CRDImages/as/original/DP355576.jpg,https://images.metmuseum.org/CRDImages/as/web-large/DP355576.jpg,https://www.metmuseum.org/art/collection/search/663886,True,The Metropolitan Museum of Art Collection API,Buddhist,Asian Art,,,"Purchase, Brooke Russell Astor Bequest, 2015"
853194,Daoist Master Fei Zhangfang,Hanging scroll,Japan,Muromachi period (1392–1573),1555,1561,,,,,Hanging scroll; ink on paper,Paintings,"Mary and Cheney Cowles Collection, Gift of Mary and Cheney Cowles, 2022",,https://images.metmuseum.org/CRDImages/as/original/DP-24856-002.jpg,https://images.metmuseum.org/CRDImages/as/web-large/DP-24856-002.jpg,https://www.metmuseum.org/art/collection/search/853194,True,The Metropolitan Museum of Art Collection API,Buddhist; China,Asian Art,,,"Mary and Cheney Cowles Collection, Gift of Mary and Cheney Cowles, 2022"
447804,Composite Camel with Attendant,Illustrated single work,,,1550,1575,Iran,Khurasan,,Attributed to,Opaque watercolor and ink on paper,Codices,"Gift of George D. Pratt, 1925",Men; Camels,https://images.metmuseum.org/CRDImages/is/original/DP240653.jpg,https://images.metmuseum.org/CRDImages/is/web-large/DP240653.jpg,https://www.metmuseum.org/art/collection/search/447804,True,The Metropolitan Museum of Art Collection API,Buddhist; India,Islamic Art,,,"Gift of George D. Pratt, 1925"
42188,Seated luohan (arhat) in a grotto,Figure,China,Qing dynasty (1644–1911),1700,1799,,,,,Jade (nephrite),Jade,"Gift of Heber R. Bishop, 1902",Men; Caves,https://images.metmuseum.org/CRDImages/as/original/DP-14153-052.jpg,https://images.metmuseum.org/CRDImages/as/web-large/DP-14153-052.jpg,https://www.metmuseum.org/art/collection/search/42188,True,The Metropolitan Museum of Art Collection API,Buddhist; China,Asian Art,,,"Gift of Heber R. Bishop, 1902"
853903,Untitled,Painting,Korea,,1997,1997,,,,,Acrylic on canvas,Paintings,"Gift of the children of Lea R. Sneider, 2024",,,,https://www.metmuseum.org/art/collection/search/853903,False,The Metropolitan Museum of Art Collection API,Buddhist,Asian Art,,,"Gift of the children of Lea R. Sneider, 2024"
929160,The Buddhist Goddess Dakini,Hanging scroll,Japan,Edo period (1615–1868),1600,1699,,,,,"Hanging scroll; ink, color, and gold on silk",Paintings,"Mary and Cheney Cowles Collection, Gift of Mary and Cheney Cowles, 2025",,https://images.metmuseum.org/CRDImages/as/original/DP-44407-002.jpg,https://images.metmuseum.org/CRDImages/as/web-large/DP-44407-002.jpg,https://www.metmuseum.org/art/collection/search/929160,True,The Metropolitan Museum of Art Collection API,Buddhist; Ritual,Asian Art,,,"Mary and Cheney Cowles Collection, Gift of Mary and Cheney Cowles, 2025"
36437,Lotus and waterbirds,Hanging scrolls,China,Yuan dynasty (1271–1368),1290,1310,,,,,Pair of hanging scrolls; ink and color on silk,Paintings,"Purchase, The Dillon Fund Gift, 1988",Ducks; Lotuses,https://images.metmuseum.org/CRDImages/as/original/DP-36424-001.jpg,https://images.metmuseum.org/CRDImages/as/web-large/DP-36424-001.jpg,https://www.metmuseum.org/art/collection/search/36437,True,The Metropolitan Museum of Art Collection API,Buddhist; India; China,Asian Art,,,"Purchase, The Dillon Fund Gift, 1988"
838322,Jagat Mata Go-Laxmi (World Mother Cow of Good Fortune),Print,"India, Calcutta, West Bengal",,1885,1885,,,,,"Lithograph, watercolor (hand-coloring), selectively applied glaze",Prints,"Purchase, Friends of Asian Art Gifts, 2020",,https://images.metmuseum.org/CRDImages/as/original/BarBoi_06.jpg,https://images.metmuseum.org/CRDImages/as/web-large/BarBoi_06.jpg,https://www.metmuseum.org/art/collection/search/838322,True,The Metropolitan Museum of Art Collection API,Buddhist; Stupa; India,Asian Art,,,"Purchase, Friends of Asian Art Gifts, 2020"
853202,"Archbishop Henjō (Sōjō Henjō zu), from the Dōon Version of the Thirty-Six Poetic Immortals",Hanging scroll,Japan,Edo period (1615–1868),1620,1639,,,,,"Hanging scroll: ink, color, gold and silver on paper",Paintings,"Mary and Cheney Cowles Collection, Gift of Mary and Cheney Cowles, 2021",,https://images.metmuseum.org/CRDImages/as/original/DP-24408-002.jpg,https://images.metmuseum.org/CRDImages/as/web-large/DP-24408-002.jpg,https://www.metmuseum.org/art/collection/search/853202,True,The Metropolitan Museum of Art Collection API,Buddhist,Asian Art,,,"Mary and Cheney Cowles Collection, Gift of Mary and Cheney Cowles, 2021"
53427,Six Jewel Rivers,Handscrolls,Japan,Edo period (1615–1868),1829,1849,,,,,"Six handscrolls; ink, color, and gold on silk",Paintings,"Mary Griggs Burke Collection, Gift of the Mary and Jackson Burke Foundation, 2015",Men; Rivers; Landscapes,https://images.metmuseum.org/CRDImages/as/original/DT372445.jpg,https://images.metmuseum.org/CRDImages/as/web-large/DT372445.jpg,https://www.metmuseum.org/art/collection/search/53427,True,The Metropolitan Museum of Art Collection API,Buddhist,Asian Art,,,"Mary Griggs Burke Collection, Gift of the Mary and Jackson Burke Foundation, 2015"
715082,Offering tray (talam),Tray,Indonesia,East Javanese period,1100,1399,,,,,Copper alloy,Metalwork,"Gift of Jaap Polak, 2017",,https://images.metmuseum.org/CRDImages/as/original/DP-16217-001.jpg,https://images.metmuseum.org/CRDImages/as/web-large/DP-16217-001.jpg,https://www.metmuseum.org/art/collection/search/715082,True,The Metropolitan Museum of Art Collection API,Buddhist; Ritual,Asian Art,,,"Gift of Jaap Polak, 2017"
39482,Mandala of Wakamiya of Kasuga Shrine (Kasuga wakamiya mandara),Hanging scroll,Japan,Nanbokuchō period (1336–92),1300,1333,,,,,"Hanging scroll; ink, color, gold, and cut gold on silk",Paintings,"Purchase, Lila Acheson Wallace Gift, 1997, and Gift of the Mary and Jackson Burke Foundation, 2015",Swords; Lotuses; Buddhism; Deities,https://images.metmuseum.org/CRDImages/as/original/DT374578.jpg,https://images.metmuseum.org/CRDImages/as/web-large/DT374578.jpg,https://www.metmuseum.org/art/collection/search/39482,True,The Metropolitan Museum of Art Collection API,Buddhist; Bodhisattva; Mandala,Asian Art,,,"Purchase, Lila Acheson Wallace Gift, 1997, and Gift of the Mary and Jackson Burke Foundation, 2015"
49628,Hermit Playing the Qin,Hanging scroll,China,,1914,1914,,,,,Hanging scroll; ink and color on paper,Paintings,"Gift of Robert Hatfield Ellsworth, in memory of La Ferne Hatfield Ellsworth, 1986",,,,https://www.metmuseum.org/art/collection/search/49628,False,The Metropolitan Museum of Art Collection API,Buddhist; China,Asian Art,,,"Gift of Robert Hatfield Ellsworth, in memory of La Ferne Hatfield Ellsworth, 1986"
688515,Peacocks and Cherry Blossoms,Screen,Japan,Taishō period (1912–26),1915,1935,,,,,"Two-panel folding screen; ink, color, gold, and silver on paper",Paintings,"Purchase, Mary and James G. Wallach Foundation Gift, 2015",Peacocks,,,https://www.metmuseum.org/art/collection/search/688515,False,The Metropolitan Museum of Art Collection API,Buddhist,Asian Art,,,"Purchase, Mary and James G. Wallach Foundation Gift, 2015"
812305,Courtesan as Daruma,Hanging scroll,Japan,Edo period (1615-1868),1800,1810,,,,,Hanging scroll; ink and color on paper,Paintings,"Gift of Miki and Sebastian Izzard, 2018",,https://images.metmuseum.org/CRDImages/as/original/DP-16218-036.jpg,https://images.metmuseum.org/CRDImages/as/web-large/DP-16218-036.jpg,https://www.metmuseum.org/art/collection/search/812305,True,The Metropolitan Museum of Art Collection API,Buddhist; India; China,Asian Art,,,"Gift of Miki and Sebastian Izzard, 2018"
752008,Dreaming Cat,Hanging scroll,Japan,Edo period (1615–1868),1634,1666,,,,,Hanging scroll; ink on paper,Paintings,"Gift of Sue Cassidy Clark, in honor of John T. Carpenter, 2019",Cats,https://images.metmuseum.org/CRDImages/as/original/DP-16218-026.jpg,https://images.metmuseum.org/CRDImages/as/web-large/DP-16218-026.jpg,https://www.metmuseum.org/art/collection/search/752008,True,The Metropolitan Museum of Art Collection API,Buddhist,Asian Art,,,"Gift of Sue Cassidy Clark, in honor of John T. Carpenter, 2019"
49068,Bamboo in Snow,Hanging scrolls,Japan,Edo period (1615–1868),1771,1774,,,,,Pair of hanging scrolls; ink on silk,Paintings,"The Harry G. C. Packard Collection of Asian Art, Gift of Harry G. C. Packard, and Purchase, Fletcher, Rogers, Harris Brisbane Dick, and Louis V. Bell Funds, Joseph Pulitzer Bequest, and The Annenberg Fund Inc. Gift, 1975",Bamboo,https://images.metmuseum.org/CRDImages/as/original/DP276881.jpg,https://images.metmuseum.org/CRDImages/as/web-large/DP276881.jpg,https://www.metmuseum.org/art/collection/search/49068,True,The Metropolitan Museum of Art Collection API,Buddhist; China,Asian Art,,,"The Harry G. C. Packard Collection of Asian Art, Gift of Harry G. C. Packard, and Purchase, Fletcher, Rogers, Harris Brisbane Dick, and Louis V. Bell Funds, Joseph Pulitzer Bequest, and The Annenberg Fund Inc. Gift, 1975"
42115,Decorative pendant with the Five Offerings,Decorative pendant,China,Ming dynasty (1368–1644),1400,1433,,,,,Silk and metal thread embroidery on silk satin,Textiles-Embroidered,"Purchase, Joseph E. Hotung Gift, 1989",Lotuses,https://images.metmuseum.org/CRDImages/as/original/DP-40639-001.jpg,https://images.metmuseum.org/CRDImages/as/web-large/DP-40639-001.jpg,https://www.metmuseum.org/art/collection/search/42115,True,The Metropolitan Museum of Art Collection API,Buddhist; China,Asian Art,,,"Purchase, Joseph E. Hotung Gift, 1989"
436896,Portrait of a Woman with a Man at a Casement,Painting,,,1435,1445,,,,,Tempera on wood,Paintings,"Marquand Collection, Gift of Henry G. Marquand, 1889",Men; Portraits; Profiles; Women,https://images.metmuseum.org/CRDImages/ep/original/DP159891.jpg,https://images.metmuseum.org/CRDImages/ep/web-large/DP159891.jpg,https://www.metmuseum.org/art/collection/search/436896,True,The Metropolitan Museum of Art Collection API,Buddhist; China,European Paintings,,,"Marquand Collection, Gift of Henry G. Marquand, 1889"
53189,Seiryū Gongen,Hanging scroll,Japan,Nanbokuchō period (1336–92),1150,1450,,,,,Hanging scroll; ink and color on silk,Paintings,"Mary Griggs Burke Collection, Gift of the Mary and Jackson Burke Foundation, 2015",Women; Deities,https://images.metmuseum.org/CRDImages/as/original/DP-12232-014.jpg,https://images.metmuseum.org/CRDImages/as/web-large/DP-12232-014.jpg,https://www.metmuseum.org/art/collection/search/53189,True,The Metropolitan Museum of Art Collection API,Buddhist; Sutra; China,Asian Art,,,"Mary Griggs Burke Collection, Gift of the Mary and Jackson Burke Foundation, 2015"
266450,Elliot Marbles and Other Sculpture from the Central Museum Madras: Group 26,Photograph,,,1858,1858,,,,,Albumen silver print from dry collodion on glass negative,Photographs,"Purchase, Cynthia Hazen Polsky Gift and The Horace W. Goldsmith Foundation Gift, through Joyce and Robert Menschel, 1991",Sculpture,https://images.metmuseum.org/CRDImages/ph/original/DP300688.jpg,https://images.metmuseum.org/CRDImages/ph/web-large/DP300688.jpg,https://www.metmuseum.org/art/collection/search/266450,True,The Metropolitan Museum of Art Collection API,Buddhist; Bodhisattva; Avalokiteshvara; Stupa; India,Photographs,,,"Purchase, Cynthia Hazen Polsky Gift and The Horace W. Goldsmith Foundation Gift, through Joyce and Robert Menschel, 1991"
853191,Rush-Sandal Chen (Chen Puxie),Hanging scroll,Japan,Muromachi period (1392–1573),1467,1499,,,,,Hanging scroll; ink on paper,Paintings,"Mary and Cheney Cowles Collection, Gift of Mary and Cheney Cowles, 2021",,https://images.metmuseum.org/CRDImages/as/original/DP-24405-002.jpg,https://images.metmuseum.org/CRDImages/as/web-large/DP-24405-002.jpg,https://www.metmuseum.org/art/collection/search/853191,True,The Metropolitan Museum of Art Collection API,Buddhist,Asian Art,,,"Mary and Cheney Cowles Collection, Gift of Mary and Cheney Cowles, 2021"
845128,Chinese poem on seeking a reclusive life in the mountains,Hanging scroll,Japan,Edo period (1615–1868),1634,1666,,,,,Hanging scroll; ink on paper,Calligraphy,"Mary and Cheney Cowles Collection, Gift of Mary and Cheney Cowles, 2020",,https://images.metmuseum.org/CRDImages/as/original/DP-21861-002.jpg,https://images.metmuseum.org/CRDImages/as/web-large/DP-21861-002.jpg,https://www.metmuseum.org/art/collection/search/845128,True,The Metropolitan Museum of Art Collection API,Buddhist; China,Asian Art,,,"Mary and Cheney Cowles Collection, Gift of Mary and Cheney Cowles, 2020"
671043,“Paintings by Taigadō with Colophons”,Album,Japan,Edo period (1615–1868),1776,1833,,,,,Album,Calligraphy,"Mary Griggs Burke Collection, Gift of the Mary and Jackson Burke Foundation, 2015",,https://images.metmuseum.org/CRDImages/as/original/2015_300_248_S1_Burke.jpg,https://images.metmuseum.org/CRDImages/as/web-large/2015_300_248_S1_Burke.jpg,https://www.metmuseum.org/art/collection/search/671043,True,The Metropolitan Museum of Art Collection API,Buddhist,Asian Art,,,"Mary Griggs Burke Collection, Gift of the Mary and Jackson Burke Foundation, 2015"
53455,Pine Tree and Calligraphy,Hanging scrolls,Japan,Edo period (1615–1868),1767,1807,,,,,Album leaves mounted as hanging scrolls; ink on paper,Paintings,"Mary Griggs Burke Collection, Gift of the Mary and Jackson Burke Foundation, 2015",Trees,https://images.metmuseum.org/CRDImages/as/original/DP357987.jpg,https://images.metmuseum.org/CRDImages/as/web-large/DP357987.jpg,https://www.metmuseum.org/art/collection/search/53455,True,The Metropolitan Museum of Art Collection API,Buddhist,Asian Art,,,"Mary Griggs Burke Collection, Gift of the Mary and Jackson Burke Foundation, 2015"
670540,Mountain and Calligraphy,Hanging scrolls,Japan,Edo period (1615–1868),1723,1851,,,,,Album leaves mounted as hanging scrolls; ink on paper,Paintings,"Mary Griggs Burke Collection, Gift of the Mary and Jackson Burke Foundation, 2015",Mountains,https://images.metmuseum.org/CRDImages/as/original/DP-12232-175.jpg,https://images.metmuseum.org/CRDImages/as/web-large/DP-12232-175.jpg,https://www.metmuseum.org/art/collection/search/670540,True,The Metropolitan Museum of Art Collection API,Buddhist,Asian Art,,,"Mary Griggs Burke Collection, Gift of the Mary and Jackson Burke Foundation, 2015"
670541,Fishing Boat on Reed Covered Bank and Calligraphy,Hanging scrolls,Japan,Edo period (1615–1868),1723,1826,,,,,Album leaves mounted as hanging scrolls; ink on paper,Paintings,"Mary Griggs Burke Collection, Gift of the Mary and Jackson Burke Foundation, 2015",Boats; Calligraphy,https://images.metmuseum.org/CRDImages/as/original/DP-12232-182.jpg,https://images.metmuseum.org/CRDImages/as/web-large/DP-12232-182.jpg,https://www.metmuseum.org/art/collection/search/670541,True,The Metropolitan Museum of Art Collection API,Buddhist,Asian Art,,,"Mary Griggs Burke Collection, Gift of the Mary and Jackson Burke Foundation, 2015"
670542,Evening Glow in a Mountain Village and Calligraphy,Hanging scrolls,Japan,Edo period (1615–1868),1767,1833,,,,,Album leaves mounted as hanging scrolls; ink on paper,Paintings,"Mary Griggs Burke Collection, Gift of the Mary and Jackson Burke Foundation, 2015",Landscapes,https://images.metmuseum.org/CRDImages/as/original/DP-12232-187.jpg,https://images.metmuseum.org/CRDImages/as/web-large/DP-12232-187.jpg,https://www.metmuseum.org/art/collection/search/670542,True,The Metropolitan Museum of Art Collection API,Buddhist,Asian Art,,,"Mary Griggs Burke Collection, Gift of the Mary and Jackson Burke Foundation, 2015"
670981,Oxherding,Hanging scroll,Japan,Muromachi period (1392–1573),1400,1449,,,,,Hanging scroll; ink on paper,Paintings,"Mary Griggs Burke Collection, Gift of the Mary and Jackson Burke Foundation, 2015",Boys; Ox,https://images.metmuseum.org/CRDImages/as/original/DP-12232-034.jpg,https://images.metmuseum.org/CRDImages/as/web-large/DP-12232-034.jpg,https://www.metmuseum.org/art/collection/search/670981,True,The Metropolitan Museum of Art Collection API,Buddhist; Bodhisattva; China,Asian Art,,,"Mary Griggs Burke Collection, Gift of the Mary and Jackson Burke Foundation, 2015"
36033,One hundred water buffalo,Handscroll,China,Southern Song (1127–1279) or Yuan (1271–1368) dynasty,1200,1299,,,,,Handscroll; ink on paper,Paintings,"Rogers Fund, 1918",Buffalos; Landscapes,https://images.metmuseum.org/CRDImages/as/original/DP166575_CRD.jpg,https://images.metmuseum.org/CRDImages/as/web-large/DP166575_CRD.jpg,https://www.metmuseum.org/art/collection/search/36033,True,The Metropolitan Museum of Art Collection API,Buddhist; China,Asian Art,,,"Rogers Fund, 1918"
53237,Pheasants among Trees: Flowers of the Four Seasons,Hanging scrolls,Japan,Muromachi (1392–1573),1560,1569,,,,,"Pair of hanging scrolls; ink, color, and gold on paper",Paintings,"Mary Griggs Burke Collection, Gift of the Mary and Jackson Burke Foundation, 2015",Pheasants; Trees,https://images.metmuseum.org/CRDImages/as/original/DP361140.jpg,https://images.metmuseum.org/CRDImages/as/web-large/DP361140.jpg,https://www.metmuseum.org/art/collection/search/53237,True,The Metropolitan Museum of Art Collection API,Buddhist,Asian Art,,,"Mary Griggs Burke Collection, Gift of the Mary and Jackson Burke Foundation, 2015"
688517,Chōmeiji Temple Pilgrimage Mandala,Screen,Japan,Muromachi period (1392–1573),1550,1575,,,,,"Hanging scroll remounted as a two-panel folding screen; ink, color, gofun (ground shell pigment), and gold on paper",Paintings,"Purchase, Sue Cassidy Clark Gift, in honor of D. Max Moerman, 2016",Temples; Men; Boats,https://images.metmuseum.org/CRDImages/as/original/DP-12438-003.jpg,https://images.metmuseum.org/CRDImages/as/web-large/DP-12438-003.jpg,https://www.metmuseum.org/art/collection/search/688517,True,The Metropolitan Museum of Art Collection API,Buddhist; Bodhisattva; Mandala; Sutra; Ritual,Asian Art,,,"Purchase, Sue Cassidy Clark Gift, in honor of D. Max Moerman, 2016"
53226,Two Views from the Eight Views of the Xiao and Xiang Rivers,Hanging scrolls,Japan,Muromachi period (1392–1573),1500,1533,,,,,Pair of hanging scrolls; ink and color on paper,Paintings,"Mary Griggs Burke Collection, Gift of the Mary and Jackson Burke Foundation, 2015",Rivers; Mountains; Landscapes,https://images.metmuseum.org/CRDImages/as/original/DP700764_crd.jpg,https://images.metmuseum.org/CRDImages/as/web-large/DP700764_crd.jpg,https://www.metmuseum.org/art/collection/search/53226,True,The Metropolitan Museum of Art Collection API,Buddhist; China,Asian Art,,,"Mary Griggs Burke Collection, Gift of the Mary and Jackson Burke Foundation, 2015"
39931,Landscapes,Album,China,Qing dynasty (1644–1911),1667,1693,,,,,Album of twelve leaves; ink on paper,Paintings,"Purchase, The Dillon Fund Gift, 1989",Landscapes,https://images.metmuseum.org/CRDImages/as/original/DP160517.jpg,https://images.metmuseum.org/CRDImages/as/web-large/DP160517.jpg,https://www.metmuseum.org/art/collection/search/39931,True,The Metropolitan Museum of Art Collection API,Buddhist; China,Asian Art,,,"Purchase, The Dillon Fund Gift, 1989"
670887,A Line from the Chinese Poem “Grasses” by Bai Juyi,Hanging scroll,Japan,,1600,1799,,,,,Hanging scroll; ink on paper,Calligraphy,"Mary Griggs Burke Collection, Gift of the Mary and Jackson Burke Foundation, 2015",Poetry; Calligraphy,https://images.metmuseum.org/CRDImages/as/original/DP-12232-297.jpg,https://images.metmuseum.org/CRDImages/as/web-large/DP-12232-297.jpg,https://www.metmuseum.org/art/collection/search/670887,True,The Metropolitan Museum of Art Collection API,Buddhist; Sutra,Asian Art,,,"Mary Griggs Burke Collection, Gift of the Mary and Jackson Burke Foundation, 2015"
53013,"""Kogō"" and ""The Imperial Procession to Ōhara"", from The Tale of the Heike (Heike monogatari)",Screens,Japan,Edo period (1615–1868),1600,1635,,,,,"Pair of six-panel folding screens; ink, color, gold and gold leaf on paper",Paintings,"Mary Griggs Burke Collection, Gift of the Mary and Jackson Burke Foundation, 2015",Trees,https://images.metmuseum.org/CRDImages/as/original/DP704873.jpg,https://images.metmuseum.org/CRDImages/as/web-large/DP704873.jpg,https://www.metmuseum.org/art/collection/search/53013,True,The Metropolitan Museum of Art Collection API,Buddhist,Asian Art,,,"Mary Griggs Burke Collection, Gift of the Mary and Jackson Burke Foundation, 2015"
45258,Bamboo in the Four Seasons,Screens,Japan,Muromachi period (1392–1573),1480,1525,,,,,"Pair of six-panel screens; ink, color, and gold leaf on paper",Paintings,"The Harry G. C. Packard Collection of Asian Art, Gift of Harry G. C. Packard, and Purchase, Fletcher, Rogers, Harris Brisbane Dick, and Louis V. Bell Funds, Joseph Pulitzer Bequest, and The Annenberg Fund Inc. Gift, 1975",Bamboo,https://images.metmuseum.org/CRDImages/as/original/DT1607.jpg,https://images.metmuseum.org/CRDImages/as/web-large/DT1607.jpg,https://www.metmuseum.org/art/collection/search/45258,True,The Metropolitan Museum of Art Collection API,Buddhist,Asian Art,,,"The Harry G. C. Packard Collection of Asian Art, Gift of Harry G. C. Packard, and Purchase, Fletcher, Rogers, Harris Brisbane Dick, and Louis V. Bell Funds, Joseph Pulitzer Bequest, and The Annenberg Fund Inc. Gift, 1975"
829379,Herdboys and Buffalos,Hanging scroll,Japan,Kamakura  (1185–1333)–Nanbokuchō period (1336–1392),1400,1499,,,,,Hanging scroll; ink on paper,Paintings,"Mary and Cheney Cowles Collection, Gift of Mary and Cheney Cowles, 2019",Buffalos,https://images.metmuseum.org/CRDImages/as/original/DP-20030-002.jpg,https://images.metmuseum.org/CRDImages/as/web-large/DP-20030-002.jpg,https://www.metmuseum.org/art/collection/search/829379,True,The Metropolitan Museum of Art Collection API,Buddhist; China,Asian Art,,,"Mary and Cheney Cowles Collection, Gift of Mary and Cheney Cowles, 2019"
39959,A Diplomatic Mission to the Jin,Handscroll,China,Jin dynasty (1115–1234),1156,1159,,,,,Handscroll; ink and color on silk,Paintings,"Edward Elliott Family Collection, Purchase, The Dillon Fund Gift, 1982",Mountains; Landscapes,https://images.metmuseum.org/CRDImages/as/original/DP165265_CRD.jpg,https://images.metmuseum.org/CRDImages/as/web-large/DP165265_CRD.jpg,https://www.metmuseum.org/art/collection/search/39959,True,The Metropolitan Museum of Art Collection API,Buddhist; China,Asian Art,,,"Edward Elliott Family Collection, Purchase, The Dillon Fund Gift, 1982"
53213,Herd Boy with Ox,Hanging scroll,Japan,Muromachi period (1392–1573),1467,1499,,,,,Folding fan mounted as a hanging scroll; ink and gold on paper,Paintings,"Mary Griggs Burke Collection, Gift of the Mary and Jackson Burke Foundation, 2015",Boys; Ox,https://images.metmuseum.org/CRDImages/as/original/DP700727.jpg,https://images.metmuseum.org/CRDImages/as/web-large/DP700727.jpg,https://www.metmuseum.org/art/collection/search/53213,True,The Metropolitan Museum of Art Collection API,Buddhist; China,Asian Art,,,"Mary Griggs Burke Collection, Gift of the Mary and Jackson Burke Foundation, 2015"
61658,Bodhisattva Avalokiteshvara (Guanyin),Figure,China,Yuan dynasty (1271–1368),1282,1282,,,,,Wood (wiillow) with traces of pigment; single woodblock construction,Sculpture,"Purchase, Joseph Pulitzer Bequest, 1934",Buddhism; Avalokiteshvara; Bodhisattvas,https://images.metmuseum.org/CRDImages/as/original/DP223478.jpg,https://images.metmuseum.org/CRDImages/as/web-large/DP223478.jpg,https://www.metmuseum.org/art/collection/search/61658,True,The Metropolitan Museum of Art Collection API,Bodhisattva; Avalokiteshvara; Guanyin; Tibet; China,Asian Art,,,"Purchase, Joseph Pulitzer Bequest, 1934"
39092,Bodhisattva  Avaolkiteshvara,Figure,Western Cambodia,pre-Angkor period,650,733,,,,,Copper alloy,Sculpture,"Rogers Fund, 1987",Buddhism; Avalokiteshvara; Bodhisattvas,https://images.metmuseum.org/CRDImages/as/original/LK.1987.145_DP301229r1_25AA.jpg,https://images.metmuseum.org/CRDImages/as/web-large/LK.1987.145_DP301229r1_25AA.jpg,https://www.metmuseum.org/art/collection/search/39092,True,The Metropolitan Museum of Art Collection API,Bodhisattva; Avalokiteshvara,Asian Art,,,"Rogers Fund, 1987"
39054,Seated Female Deity Holding a Conch and Branch (?),Figurine,"Indonesia (Java, Ngandjuk)",Eastern Javanese period,976,1049,,,,,Bronze,Sculpture,"Samuel Eilenberg Collection, Gift of Samuel Eilenberg, 1987",Deities,https://images.metmuseum.org/CRDImages/as/original/262096.jpg,https://images.metmuseum.org/CRDImages/as/web-large/262096.jpg,https://www.metmuseum.org/art/collection/search/39054,True,The Metropolitan Museum of Art Collection API,Bodhisattva; Mandala,Asian Art,,,"Samuel Eilenberg Collection, Gift of Samuel Eilenberg, 1987"
39046,Seated Male Deity Supporting a Vajra on His Finger,Figurine,"Indonesia (Java, Ngandjuk)",Eastern Javanese period,976,1049,,,,,Bronze,Sculpture,"Samuel Eilenberg Collection, Gift of Samuel Eilenberg, 1987",Deities,https://images.metmuseum.org/CRDImages/as/original/264842.jpg,https://images.metmuseum.org/CRDImages/as/web-large/264842.jpg,https://www.metmuseum.org/art/collection/search/39046,True,The Metropolitan Museum of Art Collection API,Bodhisattva; Vajra; Mandala,Asian Art,,,"Samuel Eilenberg Collection, Gift of Samuel Eilenberg, 1987"
39048,Seated Male Deity Holding Two Ritual Objects,Figurine,"Indonesia (Java, Ndangjuk)",Eastern Javanese period,976,1049,,,,,Bronze,Sculpture,"Samuel Eilenberg Collection, Gift of Samuel Eilenberg, 1987",Deities,https://images.metmuseum.org/CRDImages/as/original/262095.jpg,https://images.metmuseum.org/CRDImages/as/web-large/262095.jpg,https://www.metmuseum.org/art/collection/search/39048,True,The Metropolitan Museum of Art Collection API,Bodhisattva; Mandala; Ritual,Asian Art,,,"Samuel Eilenberg Collection, Gift of Samuel Eilenberg, 1987"
39047,Seated Male Deity Holding a Cuirass (Chest Armour),Figurine,"Indonesia (Java, Ngandjuk)",Eastern Javanese period,976,1049,,,,,Bronze,Sculpture,"Samuel Eilenberg Collection, Gift of Samuel Eilenberg, 1987",Deities,https://images.metmuseum.org/CRDImages/as/original/262094.jpg,https://images.metmuseum.org/CRDImages/as/web-large/262094.jpg,https://www.metmuseum.org/art/collection/search/39047,True,The Metropolitan Museum of Art Collection API,Bodhisattva; Mandala,Asian Art,,,"Samuel Eilenberg Collection, Gift of Samuel Eilenberg, 1987"
37804,"Mandala of Manjuvajra, Tantric Form of the Bodhisattva Manjushri",Thangka,Tibet,,1371,1399,,,,,Distemper on cloth,Paintings,"Rogers Fund, 1977",Buddhism; Bodhisattvas; Manjushri,https://images.metmuseum.org/CRDImages/as/original/DP340770.jpg,https://images.metmuseum.org/CRDImages/as/web-large/DP340770.jpg,https://www.metmuseum.org/art/collection/search/37804,True,The Metropolitan Museum of Art Collection API,Bodhisattva; Tara; Vajra; Mandala; Ritual; Tibet; China,Asian Art,,,"Rogers Fund, 1977"
44849,"“Universal Gateway,” Chapter 25 of the Lotus Sutra",Handscroll,Japan,Kamakura period (1185–1333),1257,1257,,,,,"Handscroll; ink, color, and gold on paper",Paintings,"Purchase, Louisa Eldridge McBurney Gift, 1953",Buddhism; Bodhisattvas,https://images.metmuseum.org/CRDImages/as/original/DP232567_CRD.jpg,https://images.metmuseum.org/CRDImages/as/web-large/DP232567_CRD.jpg,https://www.metmuseum.org/art/collection/search/44849,True,The Metropolitan Museum of Art Collection API,Bodhisattva; Avalokiteshvara; Sutra; China,Asian Art,,,"Purchase, Louisa Eldridge McBurney Gift, 1953"
37807,"Yamantaka, Destroyer of the God of Death",Thangka,Tibet,,1700,1733,,,,,Distemper on cloth,Paintings,"Purchase, Florance Waterbury Bequest, 1969",Skulls; Men; Buddhism; Deities,https://images.metmuseum.org/CRDImages/as/original/DP-38893-001.jpg,https://images.metmuseum.org/CRDImages/as/web-large/DP-38893-001.jpg,https://www.metmuseum.org/art/collection/search/37807,True,The Metropolitan Museum of Art Collection API,Bodhisattva; Tibet; China,Asian Art,,,"Purchase, Florance Waterbury Bequest, 1969"
857956,Mother and her Children in Front of a Freestanding Screen of a Chinese Lion,Print,Japan,Edo period (1615–1868),1786,1786,,,,,Woodblock print (surimono); ink and color on paper,Prints,"Purchase, Friends of Asian Art Gifts, 2022",,https://images.metmuseum.org/CRDImages/as/original/DP-24982-001.jpg,https://images.metmuseum.org/CRDImages/as/web-large/DP-24982-001.jpg,https://www.metmuseum.org/art/collection/search/857956,True,The Metropolitan Museum of Art Collection API,Bodhisattva; China,Asian Art,,,"Purchase, Friends of Asian Art Gifts, 2022"
53194,The Tale of Sumiyoshi,Hanging scrolls,Japan,Kamakura period (1185–1333),1267,1299,,,,,"a) Painting section from a handscroll mounted as a hanging scroll; ink and color on paper
b) Calligraphy from handscroll section mounted as a hanging scroll; ink on paper",Paintings,"Mary Griggs Burke Collection, Gift of the Mary and Jackson Burke Foundation, 2015",Men; Horses,https://images.metmuseum.org/CRDImages/as/original/DP361137.jpg,https://images.metmuseum.org/CRDImages/as/web-large/DP361137.jpg,https://www.metmuseum.org/art/collection/search/53194,True,The Metropolitan Museum of Art Collection API,Bodhisattva,Asian Art,,,"Mary Griggs Burke Collection, Gift of the Mary and Jackson Burke Foundation, 2015"
205883,Guanyin,Figure,,,1710,1713,,,,,Red stoneware with gilding,Ceramics-Pottery,"The Lesley and Emma Sheafer Collection, Bequest of Emma A. Sheafer, 1973",Buddhism; Bodhisattvas,https://images.metmuseum.org/CRDImages/es/original/DP352550.jpg,https://images.metmuseum.org/CRDImages/es/web-large/DP352550.jpg,https://www.metmuseum.org/art/collection/search/205883,True,The Metropolitan Museum of Art Collection API,Guanyin; China,European Sculpture and Decorative Arts,,,"The Lesley and Emma Sheafer Collection, Bequest of Emma A. Sheafer, 1973"
849496,Goddess Tara,,"West Bengal, Calcutta",,1870,1895,,,,,"Lithograph, printed in black with hand-coloring with watercolor and selectively applied glaze",Prints,"Purchase, Robert and Bobbie Falk Philanthropic Fund Gift, 2021",,https://images.metmuseum.org/CRDImages/as/original/DP-22739-001.jpg,https://images.metmuseum.org/CRDImages/as/web-large/DP-22739-001.jpg,https://www.metmuseum.org/art/collection/search/849496,True,The Metropolitan Museum of Art Collection API,Tara; India,Asian Art,,,"Purchase, Robert and Bobbie Falk Philanthropic Fund Gift, 2021"
325818,Necklace with the head of the Egyptian god Bes,Necklace,Achaemenid,Achaemenid,-600,-300,,Iran,,,Gold,,"Dodge Fund, 1965",Bes; Horses,https://images.metmuseum.org/CRDImages/an/original/DP-41780-001.jpg,https://images.metmuseum.org/CRDImages/an/web-large/DP-41780-001.jpg,https://www.metmuseum.org/art/collection/search/325818,True,The Metropolitan Museum of Art Collection API,Tara,Ancient West Asian Art,,,"Dodge Fund, 1965"
499720,Home is a Foreign Place,Print,,,1999,1999,,,,,"Portfolio of 36 woodcut, printed chine collé with pen and black ink on paper",Prints,"Purchase, The George Economou Collection Gift, 2013",,,,https://www.metmuseum.org/art/collection/search/499720,False,The Metropolitan Museum of Art Collection API,Mandala; India,Modern and Contemporary Art,,,"Purchase, The George Economou Collection Gift, 2013"
76970,PixCell-Deer#24,Taxidermied deer,Japan,Heisei period (1989–2019),2011,2011,,,,,Mixed media; taxidermied deer with artificial crystal glass,Sculpture,"Purchase, Acquisitions Fund and cGift, 2011",Deer,,,https://www.metmuseum.org/art/collection/search/76970,False,The Metropolitan Museum of Art Collection API,Mandala,Asian Art,,,"Purchase, Acquisitions Fund and cGift, 2011"
40516,Reading a sutra by moonlight,Hanging scroll,China,Yuan dynasty (1271–1368),1322,1337,,,,,Hanging scroll; ink on paper,Paintings,"Edward Elliott Family Collection, Purchase, The Dillon Fund Gift, 1982",Men; Reading,https://images.metmuseum.org/CRDImages/as/original/DP123749.jpg,https://images.metmuseum.org/CRDImages/as/web-large/DP123749.jpg,https://www.metmuseum.org/art/collection/search/40516,True,The Metropolitan Museum of Art Collection API,Sutra; China,Asian Art,,,"Edward Elliott Family Collection, Purchase, The Dillon Fund Gift, 1982"
53429,Cherry Blossom Viewing at Itsukushima and Yoshino,Screens,Japan,Edo period (1615–1868),1520,1750,,,,,"Pair of six-panel folding screens; ink, color, and gold leaf on paper",Paintings,"Mary Griggs Burke Collection, Gift of the Mary and Jackson Burke Foundation, 2015",Houses; Trees,https://images.metmuseum.org/CRDImages/as/original/DP362588.jpg,https://images.metmuseum.org/CRDImages/as/web-large/DP362588.jpg,https://www.metmuseum.org/art/collection/search/53429,True,The Metropolitan Museum of Art Collection API,Sutra; China,Asian Art,,,"Mary Griggs Burke Collection, Gift of the Mary and Jackson Burke Foundation, 2015"
53242,"“Butterflies” (Kochō), from the Tale of Genji",Screen,Japan,Momoyama period (1573–1615),1567,1613,,,,,"Six-panel folding screen; ink, color, gold, and gold leaf on paper",Paintings,"Mary Griggs Burke Collection, Gift of the Mary and Jackson Burke Foundation, 2015",Men; Women; Trees; Boats,https://images.metmuseum.org/CRDImages/as/original/DP362565.jpg,https://images.metmuseum.org/CRDImages/as/web-large/DP362565.jpg,https://www.metmuseum.org/art/collection/search/53242,True,The Metropolitan Museum of Art Collection API,Sutra,Asian Art,,,"Mary Griggs Burke Collection, Gift of the Mary and Jackson Burke Foundation, 2015"
60435,Section of the Dream Diary (Yume no ki),Hanging scroll,Japan,Kamakura period (1185–1333),1225,1225,,,,,Hanging scroll; ink on paper,Calligraphy,"Gift of Sylvan Barnet and William Burto, in honor of Saretta and Howard Barnet, 2014",,https://images.metmuseum.org/CRDImages/as/original/DP700719.jpg,https://images.metmuseum.org/CRDImages/as/web-large/DP700719.jpg,https://www.metmuseum.org/art/collection/search/60435,True,The Metropolitan Museum of Art Collection API,Sutra,Asian Art,,,"Gift of Sylvan Barnet and William Burto, in honor of Saretta and Howard Barnet, 2014"
902215,Three Poetic Verses of Teaching by Ikkyū Given to His Disciples,Hanging scroll,Japan,,1468,1499,,,,,Hanging scroll; ink on paper,Calligraphy,"Mary and Cheney Cowles Collection, Gift of Mary and Cheney Cowles, 2024",,https://images.metmuseum.org/CRDImages/as/original/DP-32431-002.jpg,https://images.metmuseum.org/CRDImages/as/web-large/DP-32431-002.jpg,https://www.metmuseum.org/art/collection/search/902215,True,The Metropolitan Museum of Art Collection API,Sutra,Asian Art,,,"Mary and Cheney Cowles Collection, Gift of Mary and Cheney Cowles, 2024"
545108,Head from a Large Statue of a Priest or Dignitary,"Head, Priest or Dignitary",,Middle Kingdom–Second Intermediate Period,-1700,-1700,Egypt,Northern Upper Egypt,,From,Quartzite,,"Gift of Egypt Exploration Fund, 1902",Heads; Men,https://images.metmuseum.org/CRDImages/eg/original/262112.jpg,https://images.metmuseum.org/CRDImages/eg/web-large/262112.jpg,https://www.metmuseum.org/art/collection/search/545108,True,The Metropolitan Museum of Art Collection API,Ritual,Egyptian Art,"Dynasty 13, late",,"Gift of Egypt Exploration Fund, 1902"
311159,Ceremonial Board (Malu),Ritual board,Sawos people,,1800,1900,Papua New Guinea,,,,Wood,Wood-Sculpture,"The Michael C. Rockefeller Memorial Collection, Gift of Nelson A. Rockefeller, 1969",,https://images.metmuseum.org/CRDImages/ao/original/DP-20712-001.jpg,https://images.metmuseum.org/CRDImages/ao/web-large/DP-20712-001.jpg,https://www.metmuseum.org/art/collection/search/311159,True,The Metropolitan Museum of Art Collection API,Ritual,The Michael C. Rockefeller Wing,,,"The Michael C. Rockefeller Memorial Collection, Gift of Nelson A. Rockefeller, 1969"
316145,Finial from a Ritual Staff (Tungkot Malehat),Finial,Toba Batak people,,1800,1950,Indonesia,Sumatra,,,"Copper alloy, resin, brass",Metal-Ornaments,"Gift of Fred and Rita Richman, 1988",Human Figures; Ritual Objects,,,https://www.metmuseum.org/art/collection/search/316145,False,The Metropolitan Museum of Art Collection API,Ritual,The Michael C. Rockefeller Wing,,,"Gift of Fred and Rita Richman, 1988"
310552,Incense burner with feline head,Vessel,Tiwanaku,,500,1000,Bolivia,,,,"Ceramic, slip",Ceramics-Containers,"The Michael C. Rockefeller Memorial Collection, Gift of Nelson A. Rockefeller, 1969",Animals,https://images.metmuseum.org/CRDImages/ao/original/DP-23892-001.jpg,https://images.metmuseum.org/CRDImages/ao/web-large/DP-23892-001.jpg,https://www.metmuseum.org/art/collection/search/310552,True,The Metropolitan Museum of Art Collection API,Ritual,The Michael C. Rockefeller Wing,,,"The Michael C. Rockefeller Memorial Collection, Gift of Nelson A. Rockefeller, 1969"
552621,"Coffin of the Noble Lady, Shep","Coffin, Lady Shep",,Late Period,-712,-712,Egypt,,,From,"Wood (sycomore fig), paste, paint",,"Gift of Darius Ogden Mills, 1904",,,,https://www.metmuseum.org/art/collection/search/552621,False,The Metropolitan Museum of Art Collection API,Ritual,Egyptian Art,Dynasty 25–26,,"Gift of Darius Ogden Mills, 1904"
577369,Tomb Chapel of Raemkai: West Wall,"Relief, Tomb Chapel, Raemkai, offering bearers, butchers, clapnet, birds",,Old Kingdom,-2446,-2389,Egypt,Memphite Region,,From,"Limestone, paint",,"Rogers Fund, 1908",Animals; Birds; Men; Working,https://images.metmuseum.org/CRDImages/eg/original/EG571.jpg,https://images.metmuseum.org/CRDImages/eg/web-large/EG571.jpg,https://www.metmuseum.org/art/collection/search/577369,True,The Metropolitan Museum of Art Collection API,Ritual,Egyptian Art,Dynasty 5,,"Rogers Fund, 1908"
544464,Ointment Jar,"Jar, ointment, Hatshepsut, foundation ceremony",,New Kingdom,-1473,-1458,Egypt,"Upper Egypt, Thebes",,From,"Travertine (Egyptian alabaster), ointment",,"Rogers Fund, 1925",Hieroglyphs,https://images.metmuseum.org/CRDImages/eg/original/25.3.46a_EGDP013558.jpg,https://images.metmuseum.org/CRDImages/eg/web-large/25.3.46a_EGDP013558.jpg,https://www.metmuseum.org/art/collection/search/544464,True,The Metropolitan Museum of Art Collection API,Ritual,Egyptian Art,Dynasty 18,Joint reign of Hatshepsut and Thutmose III,"Rogers Fund, 1925"
545377,Figure of baboon on a basket and with a pillar (<em>shebet</em> offering),"Amulet, Baboon, basket, pillar, shebet",,Late Period,-664,-332,,Memphite Region,,Possibly from,"Faience, pale blue glaze",,"Rogers Fund, 1910",Baboons,https://images.metmuseum.org/CRDImages/eg/original/DP-27071-002.jpg,https://images.metmuseum.org/CRDImages/eg/web-large/DP-27071-002.jpg,https://www.metmuseum.org/art/collection/search/545377,True,The Metropolitan Museum of Art Collection API,Ritual,Egyptian Art,,,"Rogers Fund, 1910"
53650,Incense Burner in Form of a Praying Mantis,Incense burner,Japan,Meiji period (1868–1912),1849,1899,,,,,"Iron, gold, silver lining",Metalwork,"The Howard Mansfield Collection, Gift of Howard Mansfield, 1936",Insects,https://images.metmuseum.org/CRDImages/as/original/DP224998.jpg,https://images.metmuseum.org/CRDImages/as/web-large/DP224998.jpg,https://www.metmuseum.org/art/collection/search/53650,True,The Metropolitan Museum of Art Collection API,Ritual,Asian Art,,,"The Howard Mansfield Collection, Gift of Howard Mansfield, 1936"
317802,Pestle Finial,Pestle finial,"Highlands, Mt. Hagen region",,-1500,1600,Papua New Guinea,Highlands,,,Stone,Stone-Implements,"Purchase, Discovery Communications Inc. Gift, 1996",Birds,https://images.metmuseum.org/CRDImages/ao/original/DT4055.jpg,https://images.metmuseum.org/CRDImages/ao/web-large/DT4055.jpg,https://www.metmuseum.org/art/collection/search/317802,True,The Metropolitan Museum of Art Collection API,Ritual,The Michael C. Rockefeller Wing,,,"Purchase, Discovery Communications Inc. Gift, 1996"
310542,Whistling vessel,Vessel with lid,Maya,,400,500,Guatemala or Mexico,Mesoamerica,,,Ceramic,Ceramics-Containers,"The Michael C. Rockefeller Memorial Collection, Gift of Nelson A. Rockefeller, 1963",Birds; Men; Mythical Creatures,https://images.metmuseum.org/CRDImages/ao/original/DP-23468-001.jpg,https://images.metmuseum.org/CRDImages/ao/web-large/DP-23468-001.jpg,https://www.metmuseum.org/art/collection/search/310542,True,The Metropolitan Museum of Art Collection API,Ritual,The Michael C. Rockefeller Wing,,,"The Michael C. Rockefeller Memorial Collection, Gift of Nelson A. Rockefeller, 1963"
313658,'Otua fefine (deity figure),Figure,Ha'apai Islands,,1800,1840,Tonga,Ha'apai Islands,,,Whale ivory,Bone/Ivory-Sculpture,"The Michael C. Rockefeller Memorial Collection, Bequest of Nelson A. Rockefeller, 1979",Female Nudes,https://images.metmuseum.org/CRDImages/ao/original/DP-16434-001.jpg,https://images.metmuseum.org/CRDImages/ao/web-large/DP-16434-001.jpg,https://www.metmuseum.org/art/collection/search/313658,True,The Metropolitan Museum of Art Collection API,Ritual,The Michael C. Rockefeller Wing,,,"The Michael C. Rockefeller Memorial Collection, Bequest of Nelson A. Rockefeller, 1979"
312342,Nkisi (power figure),Figure,Kongo peoples,,1800,1950,Democratic Republic of the Congo,,,,"Wood, pigment, resin, iron, brass, tin, cloth, plant fiber cord, beads, cowrie shells, bone or ivory, arrows, leather, seeds, animal horn",Wood-Sculpture,"The Michael C. Rockefeller Memorial Collection, Bequest of Nelson A. Rockefeller, 1979",Men,,,https://www.metmuseum.org/art/collection/search/312342,False,The Metropolitan Museum of Art Collection API,Ritual,The Michael C. Rockefeller Wing,,,"The Michael C. Rockefeller Memorial Collection, Bequest of Nelson A. Rockefeller, 1979"
309868,Nguzunguzu (canoe prow ornament),Canoe prow ornament,New Georgia Island people(?),,1870,1930,Solomon Islands,New Georgia Island possibly,,,"Wood, paint, shell",Wood-Sculpture,"Gift of Morris J. Pinto, 1976",Heads,,,https://www.metmuseum.org/art/collection/search/309868,False,The Metropolitan Museum of Art Collection API,Ritual,The Michael C. Rockefeller Wing,,,"Gift of Morris J. Pinto, 1976"
310364,Vessel with mythological scene,Vessel,Maya,,600,800,,,,,"Ceramic, slip",Ceramics-Containers,"The Michael C. Rockefeller Memorial Collection, Purchase, Nelson A. Rockefeller Gift, 1968",Men; Mythical Creatures; Dogs; Serpents; Deities,https://images.metmuseum.org/CRDImages/ao/original/DP-576-001.jpg,https://images.metmuseum.org/CRDImages/ao/web-large/DP-576-001.jpg,https://www.metmuseum.org/art/collection/search/310364,True,The Metropolitan Museum of Art Collection API,Ritual,The Michael C. Rockefeller Wing,,,"The Michael C. Rockefeller Memorial Collection, Purchase, Nelson A. Rockefeller Gift, 1968"
318345,Censer with seated king,Censer,Maya,,300,400,Guatemala,,,,"Ceramic, slip",Ceramics-Containers,"Gift of Charles and Valerie Diker, 1999",Kings,https://images.metmuseum.org/CRDImages/ao/original/DT4512.jpg,https://images.metmuseum.org/CRDImages/ao/web-large/DT4512.jpg,https://www.metmuseum.org/art/collection/search/318345,True,The Metropolitan Museum of Art Collection API,Ritual,The Michael C. Rockefeller Wing,,,"Gift of Charles and Valerie Diker, 1999"
569118,Offering table,Offering table,,Middle Kingdom,-1900,-1850,Egypt,Memphite Region,,From,Limestone,,"Rogers Fund, 1915",,https://images.metmuseum.org/CRDImages/eg/original/LC-15_3_1150_EGDP028037.jpg,https://images.metmuseum.org/CRDImages/eg/web-large/LC-15_3_1150_EGDP028037.jpg,https://www.metmuseum.org/art/collection/search/569118,True,The Metropolitan Museum of Art Collection API,Ritual,Egyptian Art,mid-Dynasty 12,,"Rogers Fund, 1915"
544063,Desert Scene with Antelope,"Talatat, desert scene",,"New Kingdom, Amarna Period",-1353,-1353,,,,Probably originally from,"Limestone, paint",,"Gift of Norbert Schimmel, 1985",Animals,https://images.metmuseum.org/CRDImages/eg/original/DT8207.jpg,https://images.metmuseum.org/CRDImages/eg/web-large/DT8207.jpg,https://www.metmuseum.org/art/collection/search/544063,True,The Metropolitan Museum of Art Collection API,Ritual,Egyptian Art,Dynasty 18,reign of Akhenaten,"Gift of Norbert Schimmel, 1985"
544678,Relief Depicting the Purification of Queen Kiya (?),"Relief, woman, Kiya, Merytaten",,"New Kingdom, Amarna Period",-1353,-1336,,,,Probably originally from,"Limestone, paint",,"Gift of Norbert Schimmel, 1985",Queens,https://images.metmuseum.org/CRDImages/eg/original/DT8193.jpg,https://images.metmuseum.org/CRDImages/eg/web-large/DT8193.jpg,https://www.metmuseum.org/art/collection/search/544678,True,The Metropolitan Museum of Art Collection API,Ritual,Egyptian Art,Dynasty 18,reign of Akhenaten,"Gift of Norbert Schimmel, 1985"
312336,Gwandusu,Figure,Bamana peoples,,1400,1699,Mali,,Bougouni region,,"Wood (Cordyla africana or Lonchocarpus), applied organic materials",Wood-Sculpture,"The Michael C. Rockefeller Memorial Collection, Bequest of Nelson A. Rockefeller, 1979",Infants; Mothers,https://images.metmuseum.org/CRDImages/ao/original/DP-26226-001.jpg,https://images.metmuseum.org/CRDImages/ao/web-large/DP-26226-001.jpg,https://www.metmuseum.org/art/collection/search/312336,True,The Metropolitan Museum of Art Collection API,Ritual,The Michael C. Rockefeller Wing,,,"The Michael C. Rockefeller Memorial Collection, Bequest of Nelson A. Rockefeller, 1979"
307599,Eagle relief,Panel,Toltec,,900,1200,Mexico,Mesoamerica,,,"Andesite or dacite, Maya blue, stucco, red pigment",Stone-Sculpture,"Gift of Frederic E. Church, 1893",Eagles,https://images.metmuseum.org/CRDImages/ao/original/DP-20487-001.jpg,https://images.metmuseum.org/CRDImages/ao/web-large/DP-20487-001.jpg,https://www.metmuseum.org/art/collection/search/307599,True,The Metropolitan Museum of Art Collection API,Ritual,The Michael C. Rockefeller Wing,,,"Gift of Frederic E. Church, 1893"
309389,Urpu (jar),Bottle,Inca,,1400,1535,Peru,,,,"Ceramic, slip",Ceramics-Containers,"Gift of Nathan Cummings, 1966",,https://images.metmuseum.org/CRDImages/ao/original/DP-24278-001.jpg,https://images.metmuseum.org/CRDImages/ao/web-large/DP-24278-001.jpg,https://www.metmuseum.org/art/collection/search/309389,True,The Metropolitan Museum of Art Collection API,Ritual,The Michael C. Rockefeller Wing,,,"Gift of Nathan Cummings, 1966"
320054,Miniature tabard,Tunic,Inca and Spanish,,1600,1700,Bolivia or Peru,,,,"Cotton, camelid hair, silk, metal",Textiles-Woven,"Gift of Penny Righthand, in memory of Richard I. Levine, 2007",,https://images.metmuseum.org/CRDImages/ao/original/DP107700.jpg,https://images.metmuseum.org/CRDImages/ao/web-large/DP107700.jpg,https://www.metmuseum.org/art/collection/search/320054,True,The Metropolitan Museum of Art Collection API,Ritual,The Michael C. Rockefeller Wing,,,"Gift of Penny Righthand, in memory of Richard I. Levine, 2007"
318622,Pendant mask of Ìyọ́bà Idià,Pendant mask,Edo peoples,,1500,1600,Nigeria,,Court of Benin,,"Ivory, iron, brass, coal, traces of iron oxides",Bone/Ivory-Sculpture,"The Michael C. Rockefeller Memorial Collection, Gift of Nelson A. Rockefeller, 1972",Portraits; Women,https://images.metmuseum.org/CRDImages/ao/original/DP231460.jpg,https://images.metmuseum.org/CRDImages/ao/web-large/DP231460.jpg,https://www.metmuseum.org/art/collection/search/318622,True,The Metropolitan Museum of Art Collection API,Ritual,The Michael C. Rockefeller Wing,,,"The Michael C. Rockefeller Memorial Collection, Gift of Nelson A. Rockefeller, 1972"
313289,Hand with beaker,Kero,Inca,,1400,1535,Peru,,,,"Ceramic, slip",Ceramics-Containers,"The Michael C. Rockefeller Memorial Collection, Bequest of Nelson A. Rockefeller, 1979",Hands,https://images.metmuseum.org/CRDImages/ao/original/DP-33254-001.jpg,https://images.metmuseum.org/CRDImages/ao/web-large/DP-33254-001.jpg,https://www.metmuseum.org/art/collection/search/313289,True,The Metropolitan Museum of Art Collection API,Ritual,The Michael C. Rockefeller Wing,,,"The Michael C. Rockefeller Memorial Collection, Bequest of Nelson A. Rockefeller, 1979"
239512,Torah crown (keter),Torah crown,,,1735,1755,,,,,"Silver, parcel gilt",Judaica,"Director's Fund, 2013",Crowns,https://images.metmuseum.org/CRDImages/es/original/DP334410.jpg,https://images.metmuseum.org/CRDImages/es/web-large/DP334410.jpg,https://www.metmuseum.org/art/collection/search/239512,True,The Metropolitan Museum of Art Collection API,Ritual,European Sculpture and Decorative Arts,,,"Director's Fund, 2013"
318281,House Post,House post,Lower Ramu River region,,1900,1975,Papua New Guinea,,,,"Wood, fiber, shell, paint, feathers, plastic, metal",Wood-Architectural,"Gift of Horace W. Brock, in memory of Benjamin F. Dillingham II, 1999",Human Figures; Masks,,,https://www.metmuseum.org/art/collection/search/318281,False,The Metropolitan Museum of Art Collection API,Ritual,The Michael C. Rockefeller Wing,,,"Gift of Horace W. Brock, in memory of Benjamin F. Dillingham II, 1999"
545803,Relief of Queen Nefertiti,"Relief, Queen Nefertiti",,"New Kingdom, Amarna Period",-1358,-1336,,"Upper Egypt, Thebes",,Probably from,Sandstone,,"Rogers Fund, 1961",Nefertiti,https://images.metmuseum.org/CRDImages/eg/original/DT200592.jpg,https://images.metmuseum.org/CRDImages/eg/web-large/DT200592.jpg,https://www.metmuseum.org/art/collection/search/545803,True,The Metropolitan Museum of Art Collection API,Ritual,Egyptian Art,Dynasty 18,reign of Akhenaten,"Rogers Fund, 1961"
322610,Relief panel,Relief,Assyrian,Neo-Assyrian,-883,-859,,Mesopotamia,,,Gypsum alabaster,,"Gift of John D. Rockefeller Jr., 1932",,https://images.metmuseum.org/CRDImages/an/original/DP375419.jpg,https://images.metmuseum.org/CRDImages/an/web-large/DP375419.jpg,https://www.metmuseum.org/art/collection/search/322610,True,The Metropolitan Museum of Art Collection API,Ritual,Ancient West Asian Art,,,"Gift of John D. Rockefeller Jr., 1932"
313240,Relief with enthroned ruler,Relief,Maya,,770,775,Guatemala,,,,"Limestone, paint",Stone-Sculpture,"The Michael C. Rockefeller Memorial Collection, Bequest of Nelson A. Rockefeller, 1979",Kings; Men; Thrones,https://images.metmuseum.org/CRDImages/ao/original/DP104826.jpg,https://images.metmuseum.org/CRDImages/ao/web-large/DP104826.jpg,https://www.metmuseum.org/art/collection/search/313240,True,The Metropolitan Museum of Art Collection API,Ritual,The Michael C. Rockefeller Wing,,,"The Michael C. Rockefeller Memorial Collection, Bequest of Nelson A. Rockefeller, 1979"
313256,Mirror-bearer,Male figure,Maya,,410,650,Guatemala or Mexico,,,,"Cordia wood (bocote), red hematite",Wood-Sculpture,"The Michael C. Rockefeller Memorial Collection, Bequest of Nelson A. Rockefeller, 1979",Men,https://images.metmuseum.org/CRDImages/ao/original/DP-24340-001.jpg,https://images.metmuseum.org/CRDImages/ao/web-large/DP-24340-001.jpg,https://www.metmuseum.org/art/collection/search/313256,True,The Metropolitan Museum of Art Collection API,Ritual,The Michael C. Rockefeller Wing,,,"The Michael C. Rockefeller Memorial Collection, Bequest of Nelson A. Rockefeller, 1979"
312807,Guaíza,Head,Taíno,,1200,1500,Puerto Rico,Caribbean,,,Stone,Stone-Sculpture,"The Michael C. Rockefeller Memorial Collection, Bequest of Nelson A. Rockefeller, 1979",Heads,https://images.metmuseum.org/CRDImages/ao/original/DP102179.jpg,https://images.metmuseum.org/CRDImages/ao/web-large/DP102179.jpg,https://www.metmuseum.org/art/collection/search/312807,True,The Metropolitan Museum of Art Collection API,Ritual,The Michael C. Rockefeller Wing,,,"The Michael C. Rockefeller Memorial Collection, Bequest of Nelson A. Rockefeller, 1979"
459055,The Annunciation,Painting,,,1480,1489,,,,,"Oil on panel, transferred to canvas",Paintings,"Robert Lehman Collection, 1975",Bedrooms; Angels; Virgin Mary; Archangel Gabriel; Annunciation,https://images.metmuseum.org/CRDImages/rl/original/DP-40424-001.jpg,https://images.metmuseum.org/CRDImages/rl/web-large/DP-40424-001.jpg,https://www.metmuseum.org/art/collection/search/459055,True,The Metropolitan Museum of Art Collection API,Ritual,Robert Lehman Collection,,,"Robert Lehman Collection, 1975"
310681,Lime container,Lime container,Wari,,650,1000,Peru,,,,"Wood, pigment",Wood-Containers,"The Michael C. Rockefeller Memorial Collection, Purchase, Nelson A. Rockefeller Gift, 1969",Weapons; Men,https://images.metmuseum.org/CRDImages/ao/original/DP-25034-007.jpg,https://images.metmuseum.org/CRDImages/ao/web-large/DP-25034-007.jpg,https://www.metmuseum.org/art/collection/search/310681,True,The Metropolitan Museum of Art Collection API,Ritual,The Michael C. Rockefeller Wing,,,"The Michael C. Rockefeller Memorial Collection, Purchase, Nelson A. Rockefeller Gift, 1969"
313676,Tahiri ra'a (fly whisk),Fly whisk,Austral Islands,,1800,1870,French Polynesia,Austral Islands,,,"Wood, coconut fiber ('aha), human hair",Wood-Implements,"The Metropolitan Museum of Art, 
New York, The Michael C. Rockefeller Memorial Collection, Bequest of Nelson A. Rockefeller, 1979",,https://images.metmuseum.org/CRDImages/ao/original/DP-24336-001.jpg,https://images.metmuseum.org/CRDImages/ao/web-large/DP-24336-001.jpg,https://www.metmuseum.org/art/collection/search/313676,True,The Metropolitan Museum of Art Collection API,Ritual,The Michael C. Rockefeller Wing,,,"The Metropolitan Museum of Art, 
New York, The Michael C. Rockefeller Memorial Collection, Bequest of Nelson A. Rockefeller, 1979"
310599,Fish hacha,Hacha,Classic Veracruz,,600,900,Mexico,Mesoamerica,,,"Stone, shell, traces of plaster, pigment",Stone-Sculpture,"The Michael C. Rockefeller Memorial Collection, Purchase, Nelson A. Rockefeller Gift, 1966",Fish,https://images.metmuseum.org/CRDImages/ao/original/DP104813.jpg,https://images.metmuseum.org/CRDImages/ao/web-large/DP104813.jpg,https://www.metmuseum.org/art/collection/search/310599,True,The Metropolitan Museum of Art Collection API,Ritual,The Michael C. Rockefeller Wing,,,"The Michael C. Rockefeller Memorial Collection, Purchase, Nelson A. Rockefeller Gift, 1966"
456342,Futuh al-Haramayn (Description of the Holy Cities),Illustrated manuscript,,,1677,1679,India,Deccan,Kharepatan,Attributed to,"Ink, opaque watercolor, and gold on paper",Codices,"Purchase, Funds from various donors, Elizabeth S. Ettinghausen Gift, in memory of Richard Ettinghausen, and Louis E. and Theresa S. Seley Purchase Fund for Islamic Art, 2008",Calligraphy,https://images.metmuseum.org/CRDImages/is/original/DP238325.jpg,https://images.metmuseum.org/CRDImages/is/web-large/DP238325.jpg,https://www.metmuseum.org/art/collection/search/456342,True,The Metropolitan Museum of Art Collection API,Ritual; India,Islamic Art,,,"Purchase, Funds from various donors, Elizabeth S. Ettinghausen Gift, in memory of Richard Ettinghausen, and Louis E. and Theresa S. Seley Purchase Fund for Islamic Art, 2008"
320347,Feathered serpent head,Head,Teotihuacan,,100,500,Mexico,,,,"Stone, pigment",Stone-Sculpture,"Museum Purchase, 1900",,https://images.metmuseum.org/CRDImages/ao/original/DP-39201-004.jpg,https://images.metmuseum.org/CRDImages/ao/web-large/DP-39201-004.jpg,https://www.metmuseum.org/art/collection/search/320347,True,The Metropolitan Museum of Art Collection API,Ritual,The Michael C. Rockefeller Wing,,,"Museum Purchase, 1900"
313267,Kero (beaker),Kero,Inca,,1400,1535,Peru,,,,Wood,Wood-Containers,"The Michael C. Rockefeller Memorial Collection, Bequest of Nelson A. Rockefeller, 1979",,https://images.metmuseum.org/CRDImages/ao/original/1979.206.1074.jpg,https://images.metmuseum.org/CRDImages/ao/web-large/1979.206.1074.jpg,https://www.metmuseum.org/art/collection/search/313267,True,The Metropolitan Museum of Art Collection API,Ritual,The Michael C. Rockefeller Wing,,,"The Michael C. Rockefeller Memorial Collection, Bequest of Nelson A. Rockefeller, 1979"
308565,Stirrup-spout bottle with mountain sacrifice scene,Bottle,Moche,,500,800,Peru,,,,"Ceramic, slip",Ceramics-Containers,"Gift of Mr. and Mrs. Nathan Cummings, 1964",Animals; Men,https://images.metmuseum.org/CRDImages/ao/original/DP-25548-001.jpg,https://images.metmuseum.org/CRDImages/ao/web-large/DP-25548-001.jpg,https://www.metmuseum.org/art/collection/search/308565,True,The Metropolitan Museum of Art Collection API,Ritual,The Michael C. Rockefeller Wing,,,"Gift of Mr. and Mrs. Nathan Cummings, 1964"
821520,Seated figure,Figure,Guerrero,,-300,300,Mexico,Mesoamerica,,,Stone,Stone-Sculpture,,,https://images.metmuseum.org/CRDImages/ao/original/DP-39202-001.jpg,https://images.metmuseum.org/CRDImages/ao/web-large/DP-39202-001.jpg,https://www.metmuseum.org/art/collection/search/821520,True,The Metropolitan Museum of Art Collection API,Ritual,The Michael C. Rockefeller Wing,,,
309960,Miniature camelid effigy,Figure,Inca,,1400,1535,"Ecuador, Peru, Bolivia, Chile, or Argentina",,,,"Silver, gold, copper alloy",Metalwork-Sculpture,"Gift and Bequest of Alice K. Bache, 1974, 1977",Animals,https://images.metmuseum.org/CRDImages/ao/original/DP-13440-031.jpg,https://images.metmuseum.org/CRDImages/ao/web-large/DP-13440-031.jpg,https://www.metmuseum.org/art/collection/search/309960,True,The Metropolitan Museum of Art Collection API,Ritual,The Michael C. Rockefeller Wing,,,"Gift and Bequest of Alice K. Bache, 1974, 1977"
316691,Figure pendant,Pendant,Tairona,,900,1600,Colombia,Sierra Nevada/Caribbean region,,,Gold,Metal-Ornaments,"Jan Mitchell and Sons Collection, Gift of Jan Mitchell, 1991",,https://images.metmuseum.org/CRDImages/ao/original/DP215717.jpg,https://images.metmuseum.org/CRDImages/ao/web-large/DP215717.jpg,https://www.metmuseum.org/art/collection/search/316691,True,The Metropolitan Museum of Art Collection API,Ritual,The Michael C. Rockefeller Wing,,,"Jan Mitchell and Sons Collection, Gift of Jan Mitchell, 1991"
236643,Rothschild lamp,Oil lamp,,,1505,1525,,,,,"Bronze, on a later wood base",Sculpture-Bronze,"European Sculpture and Decorative Arts Fund, 2009",Grotesques; Putti; Rams,https://images.metmuseum.org/CRDImages/es/original/DP217107.jpg,https://images.metmuseum.org/CRDImages/es/web-large/DP217107.jpg,https://www.metmuseum.org/art/collection/search/236643,True,The Metropolitan Museum of Art Collection API,Ritual,European Sculpture and Decorative Arts,,,"European Sculpture and Decorative Arts Fund, 2009"
310540,Column,Column,Maya,,800,900,Mexico,,,,"Limestone, pigment",Stone-Sculpture,"The Michael C. Rockefeller Memorial Collection, Gift of Nelson A. Rockefeller, 1963",Men; Headdresses,https://images.metmuseum.org/CRDImages/ao/original/DP-22128-001.jpg,https://images.metmuseum.org/CRDImages/ao/web-large/DP-22128-001.jpg,https://www.metmuseum.org/art/collection/search/310540,True,The Metropolitan Museum of Art Collection API,Ritual,The Michael C. Rockefeller Wing,,,"The Michael C. Rockefeller Memorial Collection, Gift of Nelson A. Rockefeller, 1963"
310498,Standing figure,Figure,Mezcala,,-300,300,Mexico,Mesoamerica,,,Greenstone,Stone-Sculpture,"The Michael C. Rockefeller Memorial Collection, Gift of Luis de Hoyos, 1959",,https://images.metmuseum.org/CRDImages/ao/original/DP-25391-001.jpg,https://images.metmuseum.org/CRDImages/ao/web-large/DP-25391-001.jpg,https://www.metmuseum.org/art/collection/search/310498,True,The Metropolitan Museum of Art Collection API,Ritual,The Michael C. Rockefeller Wing,,,"The Michael C. Rockefeller Memorial Collection, Gift of Luis de Hoyos, 1959"
316846,Kero (beaker),Kero,Quechua,,1600,1650,Peru,,,,"Wood, tin, pigment, resin",Wood-Containers,"Bequest of Arthur M. Bullowa, 1993",,https://images.metmuseum.org/CRDImages/ao/original/DP-24246-001.jpg,https://images.metmuseum.org/CRDImages/ao/web-large/DP-24246-001.jpg,https://www.metmuseum.org/art/collection/search/316846,True,The Metropolitan Museum of Art Collection API,Ritual,The Michael C. Rockefeller Wing,,,"Bequest of Arthur M. Bullowa, 1993"
316847,Kero (beaker),Kero,Quechua,,1600,1700,Peru,,,,"Wood, tin, pigment, resin",Wood-Containers,"Bequest of Arthur M. Bullowa, 1993",,https://images.metmuseum.org/CRDImages/ao/original/1994.35.19_a.JPG,https://images.metmuseum.org/CRDImages/ao/web-large/1994.35.19_a.JPG,https://www.metmuseum.org/art/collection/search/316847,True,The Metropolitan Museum of Art Collection API,Ritual,The Michael C. Rockefeller Wing,,,"Bequest of Arthur M. Bullowa, 1993"
318674,Altar to the Sun Warrior,Stone,Nahua,,1450,1521,Mexico,Mesoamerica,,,Stone,Stone Sculpture,"Museum Purchase, 1900",Animals; Birds,https://images.metmuseum.org/CRDImages/ao/original/DP-39200-001.jpg,https://images.metmuseum.org/CRDImages/ao/web-large/DP-39200-001.jpg,https://www.metmuseum.org/art/collection/search/318674,True,The Metropolitan Museum of Art Collection API,Ritual,The Michael C. Rockefeller Wing,,,"Museum Purchase, 1900"
757089,Door board (jovo),Door board,Kanak people,,1800,1900,New Caledonia,,,,"Wood, pigment",Wood-Architectural,"Bequest of Lynda Cunningham, 2016",,https://images.metmuseum.org/CRDImages/ao/original/DP-21002-001.jpg,https://images.metmuseum.org/CRDImages/ao/web-large/DP-21002-001.jpg,https://www.metmuseum.org/art/collection/search/757089,True,The Metropolitan Museum of Art Collection API,Ritual,The Michael C. Rockefeller Wing,,,"Bequest of Lynda Cunningham, 2016"
757056,Door board (jovo),Door board,Kanak people,,1800,1900,New Caledonia,,,,"Wood, pigment",Wood-Architectural,"Bequest of Lynda Cunningham, 2016",,https://images.metmuseum.org/CRDImages/ao/original/DP-21001-001.jpg,https://images.metmuseum.org/CRDImages/ao/web-large/DP-21001-001.jpg,https://www.metmuseum.org/art/collection/search/757056,True,The Metropolitan Museum of Art Collection API,Ritual,The Michael C. Rockefeller Wing,,,"Bequest of Lynda Cunningham, 2016"
311032,Ofika (hanging figure),Male figure,Mbole peoples,,1800,1925,Democratic Republic of the Congo,,,,"Wood, pigment",Wood-Sculpture,"The Michael C. Rockefeller Memorial Collection, Purchase, Nelson A. Rockefeller Gift, 1968",Men,,,https://www.metmuseum.org/art/collection/search/311032,False,The Metropolitan Museum of Art Collection API,Ritual,The Michael C. Rockefeller Wing,,,"The Michael C. Rockefeller Memorial Collection, Purchase, Nelson A. Rockefeller Gift, 1968"
316427,Tumi (knife),Knife,Lambayeque (Sicán),,900,1100,Peru,North Coast,,,"Gold, turquoise",Metal-Implements,"Jan Mitchell and Sons Collection, Gift of Jan Mitchell, 1991",Birds; Faces,https://images.metmuseum.org/CRDImages/ao/original/DP215693.jpg,https://images.metmuseum.org/CRDImages/ao/web-large/DP215693.jpg,https://www.metmuseum.org/art/collection/search/316427,True,The Metropolitan Museum of Art Collection API,Ritual,The Michael C. Rockefeller Wing,,,"Jan Mitchell and Sons Collection, Gift of Jan Mitchell, 1991"
547802,The Temple of Dendur,"Temple, Dendur",,Roman Period,-10,-10,Nubia,,,From,Aeolian sandstone,,Given to the United States by Egypt in 1965 and awarded to The Metropolitan Museum of Art in 1967.,,https://images.metmuseum.org/CRDImages/eg/original/DP240337.jpg,https://images.metmuseum.org/CRDImages/eg/web-large/DP240337.jpg,https://www.metmuseum.org/art/collection/search/547802,True,The Metropolitan Museum of Art Collection API,Ritual,Egyptian Art,,reign of Augustus,Given to the United States by Egypt in 1965 and awarded to The Metropolitan Museum of Art in 1967.
316274,Plate with trumpeter,Plate,Maya,,700,800,Guatemala or Mexico,Mesoamerica,,,"Ceramic, slip",Ceramics-Containers,"Gift of Eugene and Ina Schnell, 1989",Men; Trumpets; Musicians,https://images.metmuseum.org/CRDImages/ao/original/DP-24261-001.jpg,https://images.metmuseum.org/CRDImages/ao/web-large/DP-24261-001.jpg,https://www.metmuseum.org/art/collection/search/316274,True,The Metropolitan Museum of Art Collection API,Ritual,The Michael C. Rockefeller Wing,,,"Gift of Eugene and Ina Schnell, 1989"
662967,Vessel with mythological scene,Vase,Maya,,600,800,Mexico or Guatemala,Mesoamerica,,,Ceramic,Ceramics-Vessels,"Gift of Justin Kerr, in memory of Barbara Kerr, 2014",,https://images.metmuseum.org/CRDImages/ao/original/DP348021.jpg,https://images.metmuseum.org/CRDImages/ao/web-large/DP348021.jpg,https://www.metmuseum.org/art/collection/search/662967,True,The Metropolitan Museum of Art Collection API,Ritual,The Michael C. Rockefeller Wing,,,"Gift of Justin Kerr, in memory of Barbara Kerr, 2014"
316437,Earflare with ritual procession,Earflare,Chimú,,1350,1470,Peru,North Coast,,,Gold,Metal-Ornaments,"Jan Mitchell and Sons Collection, Gift of Jan Mitchell, 1991",Men,https://images.metmuseum.org/CRDImages/ao/original/DP370837.jpg,https://images.metmuseum.org/CRDImages/ao/web-large/DP370837.jpg,https://www.metmuseum.org/art/collection/search/316437,True,The Metropolitan Museum of Art Collection API,Ritual,The Michael C. Rockefeller Wing,,,"Jan Mitchell and Sons Collection, Gift of Jan Mitchell, 1991"
316436,Earflare with ritual procession,Earflare,Chimú,,1350,1470,Peru,North Coast,,,Gold,Metal-Ornaments,"Jan Mitchell and Sons Collection, Gift of Jan Mitchell, 1991",Fans; Men,https://images.metmuseum.org/CRDImages/ao/original/DP370836.jpg,https://images.metmuseum.org/CRDImages/ao/web-large/DP370836.jpg,https://www.metmuseum.org/art/collection/search/316436,True,The Metropolitan Museum of Art Collection API,Ritual,The Michael C. Rockefeller Wing,,,"Jan Mitchell and Sons Collection, Gift of Jan Mitchell, 1991"
313262,Deity figure,Figure,Maya,,200,600,"Southern Mexico, Guatemala, Honduras, or Belize",,,,Pyroxene jadeite,Stone-Sculpture,"The Michael C. Rockefeller Memorial Collection, Bequest of Nelson A. Rockefeller, 1979",,https://images.metmuseum.org/CRDImages/ao/original/DP-23472-001.jpg,https://images.metmuseum.org/CRDImages/ao/web-large/DP-23472-001.jpg,https://www.metmuseum.org/art/collection/search/313262,True,The Metropolitan Museum of Art Collection API,Ritual,The Michael C. Rockefeller Wing,,,"The Michael C. Rockefeller Memorial Collection, Bequest of Nelson A. Rockefeller, 1979"
314142,Double plank figure with raised arms,Figure,Dogon or Tellem  peoples (?),,1500,1899,Mali,,,,"Wood, applied organic materials",Wood-Sculpture,"Gift of Lester Wunderman, 1979",,,,https://www.metmuseum.org/art/collection/search/314142,False,The Metropolitan Museum of Art Collection API,Ritual,The Michael C. Rockefeller Wing,,,"Gift of Lester Wunderman, 1979"
309411,Headdress ornament,Headdress ornament,Calima (Yotoco),,-100,700,Colombia,,,,Gold,Metal-Ornaments,"Gift and Bequest of Alice K. Bache, 1966, 1977",,https://images.metmuseum.org/CRDImages/ao/original/DP-26714-001.jpg,https://images.metmuseum.org/CRDImages/ao/web-large/DP-26714-001.jpg,https://www.metmuseum.org/art/collection/search/309411,True,The Metropolitan Museum of Art Collection API,Ritual,The Michael C. Rockefeller Wing,,,"Gift and Bequest of Alice K. Bache, 1966, 1977"
309944,Miniature female effigy,Figure,Inca,,1400,1535,"Ecuador, Peru, Bolivia, Chile, or Argentina",,,,Gold-silver alloy,Sculpture-Sheet metal,"Gift and Bequest of Alice K. Bache, 1974, 1977",Women,https://images.metmuseum.org/CRDImages/ao/original/DP-13440-023.jpg,https://images.metmuseum.org/CRDImages/ao/web-large/DP-13440-023.jpg,https://www.metmuseum.org/art/collection/search/309944,True,The Metropolitan Museum of Art Collection API,Ritual,The Michael C. Rockefeller Wing,,,"Gift and Bequest of Alice K. Bache, 1974, 1977"
309519,Stirrup-spout bottle with feline and snake,Bottle,Cupisnique,,-1200,-800,Peru,North Coast,,,Ceramic,Ceramics-Containers,"Harris Brisbane Dick and Fletcher Funds, 1967",Animals; Serpents,https://images.metmuseum.org/CRDImages/ao/original/DP-23564-001.jpg,https://images.metmuseum.org/CRDImages/ao/web-large/DP-23564-001.jpg,https://www.metmuseum.org/art/collection/search/309519,True,The Metropolitan Museum of Art Collection API,Ritual,The Michael C. Rockefeller Wing,,,"Harris Brisbane Dick and Fletcher Funds, 1967"
313398,Nose ornament in the shape of a head,Ornament,Moche,,500,800,Peru,,,,"Gold (partially silvered), silver",Metal-Ornaments,"The Michael C. Rockefeller Memorial Collection, Bequest of Nelson A. Rockefeller, 1979",Heads,https://images.metmuseum.org/CRDImages/ao/original/DP-16100-001.jpg,https://images.metmuseum.org/CRDImages/ao/web-large/DP-16100-001.jpg,https://www.metmuseum.org/art/collection/search/313398,True,The Metropolitan Museum of Art Collection API,Ritual,The Michael C. Rockefeller Wing,,,"The Michael C. Rockefeller Memorial Collection, Bequest of Nelson A. Rockefeller, 1979"
309713,Yoke-form vessel,Vessel with lid,Maya,,350,450,Guatemala,Mesoamerica,,,"Ceramic, red pigment (possibly cinnabar)",Ceramics-Containers,"Purchase, Mrs. Charles S. Payson Gift, 1970",Faces; Men,https://images.metmuseum.org/CRDImages/ao/original/DT11169.jpg,https://images.metmuseum.org/CRDImages/ao/web-large/DT11169.jpg,https://www.metmuseum.org/art/collection/search/309713,True,The Metropolitan Museum of Art Collection API,Ritual,The Michael C. Rockefeller Wing,,,"Purchase, Mrs. Charles S. Payson Gift, 1970"
309540,Figure pendant,Pendant,Tairona,,900,1600,Colombia,,,,Gold,Metal-Ornaments,"Gift of H. L. Bache Foundation, 1969",Men; Headdresses,https://images.metmuseum.org/CRDImages/ao/original/DP-17780-001.jpg,https://images.metmuseum.org/CRDImages/ao/web-large/DP-17780-001.jpg,https://www.metmuseum.org/art/collection/search/309540,True,The Metropolitan Museum of Art Collection API,Ritual,The Michael C. Rockefeller Wing,,,"Gift of H. L. Bache Foundation, 1969"
307598,Eagle relief,Panel,Toltec,,900,1200,Mexico,,,,"Andesite or dacite, Maya blue, stucco, red pigment",Stone-Sculpture,"Gift of Frederic E. Church, 1893",Eagles,https://images.metmuseum.org/CRDImages/ao/original/DP-17616-001.jpg,https://images.metmuseum.org/CRDImages/ao/web-large/DP-17616-001.jpg,https://www.metmuseum.org/art/collection/search/307598,True,The Metropolitan Museum of Art Collection API,Ritual,The Michael C. Rockefeller Wing,,,"Gift of Frederic E. Church, 1893"
313511,Frog Pendant,Pendant,Greater Coclé,,550,850,Panama,Playa Venado,,,"Gold, ceramic",Metal-Ornaments,"The Michael C. Rockefeller Memorial Collection, Bequest of Nelson A. Rockefeller, 1979",Frogs,https://images.metmuseum.org/CRDImages/ao/original/DP-12407-001.jpg,https://images.metmuseum.org/CRDImages/ao/web-large/DP-12407-001.jpg,https://www.metmuseum.org/art/collection/search/313511,True,The Metropolitan Museum of Art Collection API,Ritual,The Michael C. Rockefeller Wing,,,"The Michael C. Rockefeller Memorial Collection, Bequest of Nelson A. Rockefeller, 1979"
317760,Pair of carved ornaments with the Maize God,Earflare frontals,Maya,,400,700,"Southern Mexico, Guatemala, Honduras, or Belize",Mesoamerica,,,Shell,Shell-Ornaments,"Purchase, Arthur M. Bullowa Bequest, 1995",,https://images.metmuseum.org/CRDImages/ao/original/DP-24306-003.jpg,https://images.metmuseum.org/CRDImages/ao/web-large/DP-24306-003.jpg,https://www.metmuseum.org/art/collection/search/317760,True,The Metropolitan Museum of Art Collection API,Ritual,The Michael C. Rockefeller Wing,,,"Purchase, Arthur M. Bullowa Bequest, 1995"
310467,Modified celt-pendant with incised motifs,Celt,Olmec,,-900,-600,Mexico,Mesoamerica,,,Jadeite,Stone-Implements,"The Michael C. Rockefeller Memorial Collection, Gift of Nelson A. Rockefeller, 1963",,https://images.metmuseum.org/CRDImages/ao/original/DP-23470-001.jpg,https://images.metmuseum.org/CRDImages/ao/web-large/DP-23470-001.jpg,https://www.metmuseum.org/art/collection/search/310467,True,The Metropolitan Museum of Art Collection API,Ritual,The Michael C. Rockefeller Wing,,,"The Michael C. Rockefeller Memorial Collection, Gift of Nelson A. Rockefeller, 1963"
573599,Archer's ring,archer's ring,,Meroitic Period,-300,350,Nubia (Sudan),Lower Nubia,,From,Tonalite,,"Gift of Oxford University Expedition to Nubia, 1926",,https://images.metmuseum.org/CRDImages/eg/original/LC-26_4_127_EGDP029037.jpg,https://images.metmuseum.org/CRDImages/eg/web-large/LC-26_4_127_EGDP029037.jpg,https://www.metmuseum.org/art/collection/search/573599,True,The Metropolitan Museum of Art Collection API,Ritual,Egyptian Art,,,"Gift of Oxford University Expedition to Nubia, 1926"
312694,Ear Spool,Ear spool,Greater Coclé,,450,1000,Panama,,,,Gold,Metal-Ornaments,"The Michael C. Rockefeller Memorial Collection, Bequest of Nelson A. Rockefeller, 1979",,https://images.metmuseum.org/CRDImages/ao/original/DP-43940-006.jpg,https://images.metmuseum.org/CRDImages/ao/web-large/DP-43940-006.jpg,https://www.metmuseum.org/art/collection/search/312694,True,The Metropolitan Museum of Art Collection API,Ritual,The Michael C. Rockefeller Wing,,,"The Michael C. Rockefeller Memorial Collection, Bequest of Nelson A. Rockefeller, 1979"
310472,Palma with figure,Palma,Classic Veracruz,,800,1100,Mexico,Mesoamerica,Nautla region (?),,"Stone, pigment",Stone-Sculpture,"The Michael C. Rockefeller Memorial Collection, Gift of Nelson A. Rockefeller, 1963",Human Figures,https://images.metmuseum.org/CRDImages/ao/original/DP216441.jpg,https://images.metmuseum.org/CRDImages/ao/web-large/DP216441.jpg,https://www.metmuseum.org/art/collection/search/310472,True,The Metropolitan Museum of Art Collection API,Ritual,The Michael C. Rockefeller Wing,,,"The Michael C. Rockefeller Memorial Collection, Gift of Nelson A. Rockefeller, 1963"
207536,The Sacrifice of Jephthah's Daughter,Statuette group,,,1722,1737,,,,,Bronze,Sculpture-Bronze,"Wrightsman Fund, 1985",Girls; Men; Women,https://images.metmuseum.org/CRDImages/es/original/DP217264.jpg,https://images.metmuseum.org/CRDImages/es/web-large/DP217264.jpg,https://www.metmuseum.org/art/collection/search/207536,True,The Metropolitan Museum of Art Collection API,Ritual,European Sculpture and Decorative Arts,,,"Wrightsman Fund, 1985"
309227,Tupu (pin),Pin,Inca,,1400,1535,Peru,,,,Copper alloy,Metal-Ornaments,"Gift of Mr. and Mrs. Nathan Cummings, 1964",,https://images.metmuseum.org/CRDImages/ao/original/DP-27241-001.jpg,https://images.metmuseum.org/CRDImages/ao/web-large/DP-27241-001.jpg,https://www.metmuseum.org/art/collection/search/309227,True,The Metropolitan Museum of Art Collection API,Ritual,The Michael C. Rockefeller Wing,,,"Gift of Mr. and Mrs. Nathan Cummings, 1964"
435868,The Card Players,Painting,,,1890,1892,,,,,Oil on canvas,Paintings,"Bequest of Stephen C. Clark, 1960",Men; Playing Cards; Smoking; Games; Pipes,https://images.metmuseum.org/CRDImages/ep/original/DP231550.jpg,https://images.metmuseum.org/CRDImages/ep/web-large/DP231550.jpg,https://www.metmuseum.org/art/collection/search/435868,True,The Metropolitan Museum of Art Collection API,Ritual,European Paintings,,,"Bequest of Stephen C. Clark, 1960"
267138,Four Boots,Photograph,,,1992,1992,,,,,Chromogenic print,Photographs,"Anonymous gift, 1995",Boots,,,https://www.metmuseum.org/art/collection/search/267138,False,The Metropolitan Museum of Art Collection API,Ritual,Photographs,,,"Anonymous gift, 1995"
853874,Brazier,Brazier,Korea,,1900,1999,,,,,Copper alloy,Metalwork,"Gift of the children of Lea R. Sneider, 2022",,,,https://www.metmuseum.org/art/collection/search/853874,False,The Metropolitan Museum of Art Collection API,Ritual,Asian Art,,,"Gift of the children of Lea R. Sneider, 2022"
309943,Miniature male effigy,Figure,Inca,,1400,1535,"Ecuador, Peru, Bolivia, Chile, or Argentina",,,,Gold-silver alloy,Sculpture-Sheet metal,"Gift and Bequest of Alice K. Bache, 1974, 1977",Men,https://images.metmuseum.org/CRDImages/ao/original/DP-13440-014.jpg,https://images.metmuseum.org/CRDImages/ao/web-large/DP-13440-014.jpg,https://www.metmuseum.org/art/collection/search/309943,True,The Metropolitan Museum of Art Collection API,Ritual,The Michael C. Rockefeller Wing,,,"Gift and Bequest of Alice K. Bache, 1974, 1977"
546747,"Statuette of Osiris with the epithets Neb Ankh and Khentyimentiu, donated by Padihorpare","Statuette, Osiris, Padihorpere",,Late Period,-588,-526,Egypt,,,From,"Cupreous metal, gold leaf",,"Harris Brisbane Dick Fund, 1956",,https://images.metmuseum.org/CRDImages/eg/original/56.16.2_EGDP022582.jpg,https://images.metmuseum.org/CRDImages/eg/web-large/56.16.2_EGDP022582.jpg,https://www.metmuseum.org/art/collection/search/546747,True,The Metropolitan Museum of Art Collection API,Ritual,Egyptian Art,Dynasty 26,reign of Apries or Amasis?,"Harris Brisbane Dick Fund, 1956"
318662,Vessel with throne scene,Vessel,Maya,,600,900,Guatemala,Mesoamerica,Alta Verapaz,,"Ceramic, slip",Ceramics-Containers,"Gift of Charles and Valerie Diker, 1999",Men; Thrones,https://images.metmuseum.org/CRDImages/ao/original/DT4514.jpg,https://images.metmuseum.org/CRDImages/ao/web-large/DT4514.jpg,https://www.metmuseum.org/art/collection/search/318662,True,The Metropolitan Museum of Art Collection API,Ritual,The Michael C. Rockefeller Wing,,,"Gift of Charles and Valerie Diker, 1999"
310513,Ornament,Pendant,Maya,,400,900,Guatemala,Mesoamerica,,,Jade,Stone-Ornaments,"The Michael C. Rockefeller Memorial Collection, Gift of Mr. and Mrs. Julius Carlebach, 1960",,https://images.metmuseum.org/CRDImages/ao/original/DP-25387-001.jpg,https://images.metmuseum.org/CRDImages/ao/web-large/DP-25387-001.jpg,https://www.metmuseum.org/art/collection/search/310513,True,The Metropolitan Museum of Art Collection API,Ritual,The Michael C. Rockefeller Wing,,,"The Michael C. Rockefeller Memorial Collection, Gift of Mr. and Mrs. Julius Carlebach, 1960"
327399,Vessel terminating in the forepart of a stag,Vessel,Hittite,Hittite Empire,-1400,-1200,,Central Anatolia,,,"Silver, gold inlay",,"Gift of Norbert Schimmel Trust, 1989",Birds; Men; Deer; Deities; Goddess,https://images.metmuseum.org/CRDImages/an/original/DP-42027-001.jpg,https://images.metmuseum.org/CRDImages/an/web-large/DP-42027-001.jpg,https://www.metmuseum.org/art/collection/search/327399,True,The Metropolitan Museum of Art Collection API,Ritual,Ancient West Asian Art,,,"Gift of Norbert Schimmel Trust, 1989"
446273,Seal Ring with Inscription,Ring,,,1475,1525,Iran or Central Asia,,,Attributed to,"Gold, cast and chased; nephrite, carved",Jewelry,"Rogers Fund, 1912",Arabic,https://images.metmuseum.org/CRDImages/is/original/DP236373.jpg,https://images.metmuseum.org/CRDImages/is/web-large/DP236373.jpg,https://www.metmuseum.org/art/collection/search/446273,True,The Metropolitan Museum of Art Collection API,Ritual,Islamic Art,,,"Rogers Fund, 1912"
718242,Plate with the god Chahk,Plate,Maya,,600,800,Guatemala or Mexico,,,,"Ceramic, slip",Calligraphy,"Gift of the Mol Collection, 2021",,https://images.metmuseum.org/CRDImages/ao/original/DP-23101-003.jpg,https://images.metmuseum.org/CRDImages/ao/web-large/DP-23101-003.jpg,https://www.metmuseum.org/art/collection/search/718242,True,The Metropolitan Museum of Art Collection API,Ritual,The Michael C. Rockefeller Wing,,,"Gift of the Mol Collection, 2021"
53625,Dogū (Clay Figurine),Figurine,Japan,Final Jōmon period (ca. 1000–300 BCE),-1050,-200,,,,,Earthenware,Ceramics,"Gift of Mr. and Mrs. Jerome Koizim, 1978",Female Nudes,https://images.metmuseum.org/CRDImages/as/original/DT10152.jpg,https://images.metmuseum.org/CRDImages/as/web-large/DT10152.jpg,https://www.metmuseum.org/art/collection/search/53625,True,The Metropolitan Museum of Art Collection API,Ritual,Asian Art,,,"Gift of Mr. and Mrs. Jerome Koizim, 1978"
548465,Head of a Goddess,"Relief, goddess",,New Kingdom,-1550,-1550,Egypt,,,From,"Limestone, paint",,"Rogers Fund, 1908",Goddess,https://images.metmuseum.org/CRDImages/eg/original/LC-08_202_44_EGDP038316.jpg,https://images.metmuseum.org/CRDImages/eg/web-large/LC-08_202_44_EGDP038316.jpg,https://www.metmuseum.org/art/collection/search/548465,True,The Metropolitan Museum of Art Collection API,Ritual,Egyptian Art,Dynasty 18,reign of Ahmose I–Amenhotep I,"Rogers Fund, 1908"
451909,Standing Figure with Jeweled Headdress,Figure,,,1100,1225,Iran,,,Attributed to,"Gypsum plaster; modeled, carved, polychrome-painted, gilded",Sculpture,"Gift of Mr. and Mrs. Lester Wolfe, 1967",Men,https://images.metmuseum.org/CRDImages/is/original/DP235240.jpg,https://images.metmuseum.org/CRDImages/is/web-large/DP235240.jpg,https://www.metmuseum.org/art/collection/search/451909,True,The Metropolitan Museum of Art Collection API,Ritual,Islamic Art,,,"Gift of Mr. and Mrs. Lester Wolfe, 1967"
312581,House model,House model,Nayarit,,-200,300,West Mexico,Mesoamerica,,,"Ceramic, slip",Ceramics-Sculpture,"The Michael C. Rockefeller Memorial Collection, Bequest of Nelson A. Rockefeller, 1979",Houses; Dogs,https://images.metmuseum.org/CRDImages/ao/original/DP-23907-001.jpg,https://images.metmuseum.org/CRDImages/ao/web-large/DP-23907-001.jpg,https://www.metmuseum.org/art/collection/search/312581,True,The Metropolitan Museum of Art Collection API,Ritual,The Michael C. Rockefeller Wing,,,"The Michael C. Rockefeller Memorial Collection, Bequest of Nelson A. Rockefeller, 1979"
307634,Cihuateotl,Figure,Mexica (Aztec),,1400,1550,Mexico,Mesoamerica,,,"Volcanic stone (porphyritic andesite), pigment",Stone-Sculpture,"Museum Purchase, 1900",Women,https://images.metmuseum.org/CRDImages/ao/original/DT5116.jpg,https://images.metmuseum.org/CRDImages/ao/web-large/DT5116.jpg,https://www.metmuseum.org/art/collection/search/307634,True,The Metropolitan Museum of Art Collection API,Ritual,The Michael C. Rockefeller Wing,,,"Museum Purchase, 1900"
475488,Panel with Hunting Scenes,Casket plaque,French,,1350,1350,France,,Paris,Made in,Ivory,Ivories-Elephant,"The Cloisters Collection, 2003",Castles; Women; Hunting; Deer; Horses,https://images.metmuseum.org/CRDImages/cl/original/DT11696.jpg,https://images.metmuseum.org/CRDImages/cl/web-large/DT11696.jpg,https://www.metmuseum.org/art/collection/search/475488,True,The Metropolitan Museum of Art Collection API,Ritual,The Cloisters,,,"The Cloisters Collection, 2003"
700955,"La Toilette des Morts, from ""Illustrated London News""",Print,,,1863,1863,,,,,Wood engraving,Prints,"Gift of Donato Esposito, 2015",Men; Women; Dressing,https://images.metmuseum.org/CRDImages/dp/original/DP861618.jpg,https://images.metmuseum.org/CRDImages/dp/web-large/DP861618.jpg,https://www.metmuseum.org/art/collection/search/700955,True,The Metropolitan Museum of Art Collection API,Ritual,Drawings and Prints,,,"Gift of Donato Esposito, 2015"
313010,Standing figure,Male figure,Tiwanaku,,500,1000,Bolivia,,,,Stone,Stone-Sculpture,"The Michael C. Rockefeller Memorial Collection, Bequest of Nelson A. Rockefeller, 1979",,https://images.metmuseum.org/CRDImages/ao/original/DP-23813-001.jpg,https://images.metmuseum.org/CRDImages/ao/web-large/DP-23813-001.jpg,https://www.metmuseum.org/art/collection/search/313010,True,The Metropolitan Museum of Art Collection API,Ritual,The Michael C. Rockefeller Wing,,,"The Michael C. Rockefeller Memorial Collection, Bequest of Nelson A. Rockefeller, 1979"
317804,Club Head,Club head,"Highlands, Mt. Hagen region",,-1500,1600,Papua New Guinea,Highlands,,,Stone,Stone-Sculpture,"Purchase, Discovery Communications Inc. Gift, 1996",,https://images.metmuseum.org/CRDImages/ao/original/vs1996_373_3.jpg,https://images.metmuseum.org/CRDImages/ao/web-large/vs1996_373_3.jpg,https://www.metmuseum.org/art/collection/search/317804,True,The Metropolitan Museum of Art Collection API,Ritual,The Michael C. Rockefeller Wing,,,"Purchase, Discovery Communications Inc. Gift, 1996"
328593,Monstrous male figure,Sculpture,Bactria-Margiana Archaeological Complex,Bronze Age,-2250,-1750,,Bactria-Margiana or eastern Iran,,,"Chlorite, calcite, gold, iron",,"Purchase, 2009 Benefit Fund, Friends of Inanna Gifts, and Mr. and Mrs. Horiuchi Gift, 2010",Men,https://images.metmuseum.org/CRDImages/an/original/dp22227.jpg,https://images.metmuseum.org/CRDImages/an/web-large/dp22227.jpg,https://www.metmuseum.org/art/collection/search/328593,True,The Metropolitan Museum of Art Collection API,Ritual,Ancient West Asian Art,,,"Purchase, 2009 Benefit Fund, Friends of Inanna Gifts, and Mr. and Mrs. Horiuchi Gift, 2010"
308022,Embroidered bag with fringe,Bag,Nasca,,600,700,Peru,,,,Camelid hair,Textiles-Woven,"Gift of George D. Pratt, 1932",,https://images.metmuseum.org/CRDImages/ao/original/DP-26534-001.jpg,https://images.metmuseum.org/CRDImages/ao/web-large/DP-26534-001.jpg,https://www.metmuseum.org/art/collection/search/308022,True,The Metropolitan Museum of Art Collection API,Ritual,The Michael C. Rockefeller Wing,,,"Gift of George D. Pratt, 1932"
308024,Embroidered bag with fringe,Bag,Nasca,,600,700,Peru,,,,Camelid hair,Textiles-Woven,"Gift of George D. Pratt, 1932",,https://images.metmuseum.org/CRDImages/ao/original/DP-26535-001.jpg,https://images.metmuseum.org/CRDImages/ao/web-large/DP-26535-001.jpg,https://www.metmuseum.org/art/collection/search/308024,True,The Metropolitan Museum of Art Collection API,Ritual,The Michael C. Rockefeller Wing,,,"Gift of George D. Pratt, 1932"
315700,Embroidered bag with fringe,Bag,Nasca,,600,700,Peru,,,,Camelid hair,Textiles-Woven,"Bequest of Jane Costello Goldberg, from the Collection of Arnold I. Goldberg, 1986",,https://images.metmuseum.org/CRDImages/ao/original/DP-26541-001.jpg,https://images.metmuseum.org/CRDImages/ao/web-large/DP-26541-001.jpg,https://www.metmuseum.org/art/collection/search/315700,True,The Metropolitan Museum of Art Collection API,Ritual,The Michael C. Rockefeller Wing,,,"Bequest of Jane Costello Goldberg, from the Collection of Arnold I. Goldberg, 1986"
285026,"Still Life, New York",Photograph,,,2001,2001,,,,,Chromogenic print,Photographs,"Purchase, Neuberger Berman Foundation Gift, 2002",Apples; Carrots; Still Life,,,https://www.metmuseum.org/art/collection/search/285026,False,The Metropolitan Museum of Art Collection API,Ritual,Photographs,,,"Purchase, Neuberger Berman Foundation Gift, 2002"
39134,"Jain Siddha Bahubali, Entwined with Forest Vines",Figure,India (Karnataka),Chalukyan period,571,699,,,,,Copper alloy,Sculpture,"Samuel Eilenberg Collection, Gift of Samuel Eilenberg, 1987",Men; Vines,https://images.metmuseum.org/CRDImages/as/original/DP216814.jpg,https://images.metmuseum.org/CRDImages/as/web-large/DP216814.jpg,https://www.metmuseum.org/art/collection/search/39134,True,The Metropolitan Museum of Art Collection API,Ritual; India,Asian Art,,,"Samuel Eilenberg Collection, Gift of Samuel Eilenberg, 1987"
314217,Vessel with mythological scene,Vessel,Maya,,600,800,Mexico or Guatemala,Mesoamerica,,,"Ceramic, slip",Ceramics-Containers,"Purchase, The Michael C. Rockefeller Memorial Collection, Bequest of Nelson A. Rockefeller and Gifts of Nelson A. Rockefeller, Nathan Cummings, S.L.M. Barlow, Meredith Howland, and Captain Henry Erben, by exchange; and funds from various donors, 1980",,https://images.metmuseum.org/CRDImages/ao/original/DP-571-001.jpg,https://images.metmuseum.org/CRDImages/ao/web-large/DP-571-001.jpg,https://www.metmuseum.org/art/collection/search/314217,True,The Metropolitan Museum of Art Collection API,Ritual,The Michael C. Rockefeller Wing,,,"Purchase, The Michael C. Rockefeller Memorial Collection, Bequest of Nelson A. Rockefeller and Gifts of Nelson A. Rockefeller, Nathan Cummings, S.L.M. Barlow, Meredith Howland, and Captain Henry Erben, by exchange; and funds from various donors, 1980"
327315,Miniature vessel,Vessel,,,-1600,-1400,,Iran,,,Ceramic,,"Bequest of Charles K. Wilkinson, 1986",Birds,https://images.metmuseum.org/CRDImages/an/original/vs1987_115.jpg,https://images.metmuseum.org/CRDImages/an/web-large/vs1987_115.jpg,https://www.metmuseum.org/art/collection/search/327315,True,The Metropolitan Museum of Art Collection API,Ritual,Ancient West Asian Art,,,"Bequest of Charles K. Wilkinson, 1986"
314779,Fragment of a Zoomorphic Figure,Figure fragment,Southern Highlands,,-1500,1600,Papua New Guinea,Southern Highlands,,,"Stone, pigment",Stone-Sculpture,"Anonymous Gift, 1984",,https://images.metmuseum.org/CRDImages/ao/original/hz1984_123_2B.jpg,https://images.metmuseum.org/CRDImages/ao/web-large/hz1984_123_2B.jpg,https://www.metmuseum.org/art/collection/search/314779,True,The Metropolitan Museum of Art Collection API,Ritual,The Michael C. Rockefeller Wing,,,"Anonymous Gift, 1984"
467643,Leaf of a Writing Tablet,Plaque,French,,1300,1399,France,,Paris,Made in,Elephant ivory,Ivories-Elephant,"Gift of Ann Payne Blumenthal, 1938",Couples; Men; Women,https://images.metmuseum.org/CRDImages/md/original/DP318278.jpg,https://images.metmuseum.org/CRDImages/md/web-large/DP318278.jpg,https://www.metmuseum.org/art/collection/search/467643,True,The Metropolitan Museum of Art Collection API,Ritual,Medieval Art,,,"Gift of Ann Payne Blumenthal, 1938"
324139,Jar with paired birds in panels,Jar,Iran,,-1600,-1400,,Iran,,,"Ceramic, paint",,"Rogers Fund and Gifts of Lucy W. Drexel, Theodore M. Davis, Helen Miller Gould, Albert Gallatin, Egypt Exploration Fund and Egyptian Research Account, by exchange, 1950",Birds,https://images.metmuseum.org/CRDImages/an/original/hb51_25_25.jpg,https://images.metmuseum.org/CRDImages/an/web-large/hb51_25_25.jpg,https://www.metmuseum.org/art/collection/search/324139,True,The Metropolitan Museum of Art Collection API,Ritual,Ancient West Asian Art,,,"Rogers Fund and Gifts of Lucy W. Drexel, Theodore M. Davis, Helen Miller Gould, Albert Gallatin, Egypt Exploration Fund and Egyptian Research Account, by exchange, 1950"
436482,Prayer in the Mosque,Painting,,,1870,1874,,,,,Oil on canvas,Paintings,"Catharine Lorillard Wolfe Collection, Bequest of Catharine Lorillard Wolfe, 1887",Arches; Columns; Interiors; Mosques; Men; Orientalist,https://images.metmuseum.org/CRDImages/ep/original/DT1971.jpg,https://images.metmuseum.org/CRDImages/ep/web-large/DT1971.jpg,https://www.metmuseum.org/art/collection/search/436482,True,The Metropolitan Museum of Art Collection API,Ritual,European Paintings,,,"Catharine Lorillard Wolfe Collection, Bequest of Catharine Lorillard Wolfe, 1887"
317803,Bird Figure,Figure,Mount Hagen region,,-1505,-1495,Papua New Guinea,,,,Stone,Stone-Sculpture,"Purchase, Discovery Communications Inc. Gift, 1996",Birds,https://images.metmuseum.org/CRDImages/ao/original/DP134539.jpg,https://images.metmuseum.org/CRDImages/ao/web-large/DP134539.jpg,https://www.metmuseum.org/art/collection/search/317803,True,The Metropolitan Museum of Art Collection API,Ritual,The Michael C. Rockefeller Wing,,,"Purchase, Discovery Communications Inc. Gift, 1996"
315735,Crucifix,Crucifix,Kongo peoples,,1600,1700,Angola,Northwestern Angola,,,Brass,Metal-Sculpture,"Gift of Ernst Anspach, 1989",Christ; Cross; Crucifixion,https://images.metmuseum.org/CRDImages/ao/original/DP-22132-003.jpg,https://images.metmuseum.org/CRDImages/ao/web-large/DP-22132-003.jpg,https://www.metmuseum.org/art/collection/search/315735,True,The Metropolitan Museum of Art Collection API,Ritual,The Michael C. Rockefeller Wing,,,"Gift of Ernst Anspach, 1989"
320962,Tälsäm or yä bərana kətab (healing scroll),Scroll,Tigrinya peoples,,1700,1897,Ethiopia,Northern Highlands region,,,"Parchment, ink, pigments, cotton",Parchment,"Purchase, Marie Sussek Gift, 2012",Scrolls; Faces,https://images.metmuseum.org/CRDImages/ao/original/DP326509.jpg,https://images.metmuseum.org/CRDImages/ao/web-large/DP326509.jpg,https://www.metmuseum.org/art/collection/search/320962,True,The Metropolitan Museum of Art Collection API,Ritual,The Michael C. Rockefeller Wing,,,"Purchase, Marie Sussek Gift, 2012"
931213,"Sumo Wrestlers Kagamiiwa Hamanosuke and Koyanagi Tsunekichi, with Judge Sakaigawa Namiemon and Referee Shikimori Kiichirō",Prints,Japan,Edo period (1615–1868),1847,1852,,,,,Woodblock print (nishiki-e); ink and color on paper,Prints,"Gift of the Pinkowitz family, 2025",,https://images.metmuseum.org/CRDImages/as/original/DP-44456-001.jpg,https://images.metmuseum.org/CRDImages/as/web-large/DP-44456-001.jpg,https://www.metmuseum.org/art/collection/search/931213,True,The Metropolitan Museum of Art Collection API,Ritual,Asian Art,,,"Gift of the Pinkowitz family, 2025"
460557,Censer,Censer,Chinese,,1800,1935,,,,,Bronze.,Metalwork-Bronze,"Robert Lehman Collection, 1975",,https://images.metmuseum.org/CRDImages/rl/original/1428-1.jpg,https://images.metmuseum.org/CRDImages/rl/web-large/1428-1.jpg,https://www.metmuseum.org/art/collection/search/460557,True,The Metropolitan Museum of Art Collection API,Ritual; China,Robert Lehman Collection,,,"Robert Lehman Collection, 1975"
323479,Drachm,Coin,Parthian,Parthian,-100,-1,,Iran,,,Silver,,"Rogers Fund, 1936",Men; Profiles,https://images.metmuseum.org/CRDImages/an/original/DP-13132-007.jpg,https://images.metmuseum.org/CRDImages/an/web-large/DP-13132-007.jpg,https://www.metmuseum.org/art/collection/search/323479,True,The Metropolitan Museum of Art Collection API,Ritual,Ancient West Asian Art,,,"Rogers Fund, 1936"
454621,Standing Figure with Feathered Headdress,Figure,,,1100,1225,Iran,,,Attributed to,"Gypsum plaster; modeled, carved, polychrome-painted, gilded",Sculpture,"Cora Timken Burnett Collection of Persian Miniatures and Other Persian Art Objects, Bequest of Cora Timken Burnett, 1956",Human Figures; Arabic,https://images.metmuseum.org/CRDImages/is/original/DP235239.jpg,https://images.metmuseum.org/CRDImages/is/web-large/DP235239.jpg,https://www.metmuseum.org/art/collection/search/454621,True,The Metropolitan Museum of Art Collection API,Ritual,Islamic Art,,,"Cora Timken Burnett Collection of Persian Miniatures and Other Persian Art Objects, Bequest of Cora Timken Burnett, 1956"
316415,Ceremonial Textile (Tampan),Ceremonial textile,Lampung,,1800,1900,Indonesia,Sumatra,Piya,,Cotton,Textiles-Woven,"Gift of Anita E. Spertus and Robert J. Holmgren, in honor of Douglas Newton, 1990",Ships,https://images.metmuseum.org/CRDImages/ao/original/DP-23874-001.jpg,https://images.metmuseum.org/CRDImages/ao/web-large/DP-23874-001.jpg,https://www.metmuseum.org/art/collection/search/316415,True,The Metropolitan Museum of Art Collection API,Ritual,The Michael C. Rockefeller Wing,,,"Gift of Anita E. Spertus and Robert J. Holmgren, in honor of Douglas Newton, 1990"
312643,Yoke,Yoke,Veracruz,,600,900,Mexico,Mesoamerica,,,Serpentine,Stone-Sculpture,"The Michael C. Rockefeller Memorial Collection, Bequest of Nelson A. Rockefeller, 1979",,https://images.metmuseum.org/CRDImages/ao/original/DP-23864-001.jpg,https://images.metmuseum.org/CRDImages/ao/web-large/DP-23864-001.jpg,https://www.metmuseum.org/art/collection/search/312643,True,The Metropolitan Museum of Art Collection API,Ritual,The Michael C. Rockefeller Wing,,,"The Michael C. Rockefeller Memorial Collection, Bequest of Nelson A. Rockefeller, 1979"
322621,Relief panel,Relief,Assyrian,Neo-Assyrian,-883,-859,,Mesopotamia,,,Gypsum alabaster,,"Gift of John D. Rockefeller Jr., 1932",,https://images.metmuseum.org/CRDImages/an/original/DP355694.jpg,https://images.metmuseum.org/CRDImages/an/web-large/DP355694.jpg,https://www.metmuseum.org/art/collection/search/322621,True,The Metropolitan Museum of Art Collection API,Ritual,Ancient West Asian Art,,,"Gift of John D. Rockefeller Jr., 1932"
312558,Female Figurine,Figure,Inca,,1400,1533,"Ecuador, Peru, Bolivia, Chile, or Argentina",,,,Silver,Sculpture-Sheet metal,"The Michael C. Rockefeller Memorial Collection, Bequest of Nelson A. Rockefeller, 1979",Women,https://images.metmuseum.org/CRDImages/ao/original/DP-13440-027.jpg,https://images.metmuseum.org/CRDImages/ao/web-large/DP-13440-027.jpg,https://www.metmuseum.org/art/collection/search/312558,True,The Metropolitan Museum of Art Collection API,Ritual,The Michael C. Rockefeller Wing,,,"The Michael C. Rockefeller Memorial Collection, Bequest of Nelson A. Rockefeller, 1979"
324324,Handle of a flywhisk or fan,Flywhisk or fan handle,Assyrian,Neo-Assyrian,-800,-600,,Mesopotamia,,,Ivory,,"Rogers Fund, 1954",,https://images.metmuseum.org/CRDImages/an/original/DP-38927-001.jpg,https://images.metmuseum.org/CRDImages/an/web-large/DP-38927-001.jpg,https://www.metmuseum.org/art/collection/search/324324,True,The Metropolitan Museum of Art Collection API,Ritual,Ancient West Asian Art,,,"Rogers Fund, 1954"
317619,Turkey Vessel,Vessel,Veracruz,,600,1000,Mexico,Mesoamerica,,,"Ceramic, slip, pigment",Ceramics-Containers,"Rogers Fund, 1998",Turkeys,https://images.metmuseum.org/CRDImages/ao/original/hz1998_71.jpg,https://images.metmuseum.org/CRDImages/ao/web-large/hz1998_71.jpg,https://www.metmuseum.org/art/collection/search/317619,True,The Metropolitan Museum of Art Collection API,Ritual,The Michael C. Rockefeller Wing,,,"Rogers Fund, 1998"
450483,Head of a Central Asian Figure in a Pointed Cap,Head of a figure,,,1100,1225,Iran,,,From,"Gypsum plaster; modeled, carved",Stucco-Sculpture,"Gift of Abby Aldrich Rockefeller, 1942",Hats; Heads,https://images.metmuseum.org/CRDImages/is/original/DP262928.jpg,https://images.metmuseum.org/CRDImages/is/web-large/DP262928.jpg,https://www.metmuseum.org/art/collection/search/450483,True,The Metropolitan Museum of Art Collection API,Ritual,Islamic Art,,,"Gift of Abby Aldrich Rockefeller, 1942"
845738,The Scapegoat,Print,,,1861,1861,,,,,Various engraving techniques on chine collé,Prints,"Bequest of James David Draper, 2019",Goats,https://images.metmuseum.org/CRDImages/dp/original/DP-21323-001.jpg,https://images.metmuseum.org/CRDImages/dp/web-large/DP-21323-001.jpg,https://www.metmuseum.org/art/collection/search/845738,True,The Metropolitan Museum of Art Collection API,Ritual,Drawings and Prints,,,"Bequest of James David Draper, 2019"
322619,Relief panel,Relief,Assyrian,Neo-Assyrian,-883,-859,,Mesopotamia,,,Gypsum alabaster,,"Gift of John D. Rockefeller Jr., 1932",,https://images.metmuseum.org/CRDImages/an/original/DP355701.jpg,https://images.metmuseum.org/CRDImages/an/web-large/DP355701.jpg,https://www.metmuseum.org/art/collection/search/322619,True,The Metropolitan Museum of Art Collection API,Ritual,Ancient West Asian Art,,,"Gift of John D. Rockefeller Jr., 1932"
315492,Male Figurine,Figure,Inca,,1400,1533,"Ecuador, Peru, Bolivia, Chile, or Argentina",,,,Silver,Sculpture-Sheet metal,"Bequest of Jane Costello Goldberg, from the Collection of Arnold I. Goldberg, 1986",Men,https://images.metmuseum.org/CRDImages/ao/original/DP-13440-021.jpg,https://images.metmuseum.org/CRDImages/ao/web-large/DP-13440-021.jpg,https://www.metmuseum.org/art/collection/search/315492,True,The Metropolitan Museum of Art Collection API,Ritual,The Michael C. Rockefeller Wing,,,"Bequest of Jane Costello Goldberg, from the Collection of Arnold I. Goldberg, 1986"
317753,Female figurine,Figure,Inca,,1400,1533,"Ecuador, Peru, Bolivia, Chile, or Argentina",,,,Silver-gold alloy,Sculpture-Sheet metal,"Gift of Louise Reinhardt Smith, 1995",Women,https://images.metmuseum.org/CRDImages/ao/original/DP-13440-036.jpg,https://images.metmuseum.org/CRDImages/ao/web-large/DP-13440-036.jpg,https://www.metmuseum.org/art/collection/search/317753,True,The Metropolitan Museum of Art Collection API,Ritual,The Michael C. Rockefeller Wing,,,"Gift of Louise Reinhardt Smith, 1995"
313325,Ceremonial Handle (?),Handle,Maya,,600,900,Mexico or Guatemala,Mesoamerica,,,Jade (jadeite/omphacite),Stone-Sculpture,"The Michael C. Rockefeller Memorial Collection, Bequest of Nelson A. Rockefeller, 1979",Serpents,https://images.metmuseum.org/CRDImages/ao/original/DP102172corrected.jpg,https://images.metmuseum.org/CRDImages/ao/web-large/DP102172corrected.jpg,https://www.metmuseum.org/art/collection/search/313325,True,The Metropolitan Museum of Art Collection API,Ritual,The Michael C. Rockefeller Wing,,,"The Michael C. Rockefeller Memorial Collection, Bequest of Nelson A. Rockefeller, 1979"
319873,Deity face pendant,Pendant,Maya,,0,0,"Southern Mexico, Guatemala, Honduras, or Belize",,,,"Jadeite or omphacite, iron ochre",Stone-Ornaments,"Purchase, Jan and Marica Vilcek Gift, 2007",,https://images.metmuseum.org/CRDImages/ao/original/DP148420.jpg,https://images.metmuseum.org/CRDImages/ao/web-large/DP148420.jpg,https://www.metmuseum.org/art/collection/search/319873,True,The Metropolitan Museum of Art Collection API,Ritual,The Michael C. Rockefeller Wing,,,"Purchase, Jan and Marica Vilcek Gift, 2007"
316813,"Jar, Ritual Scenes",Jar,Maya,,700,900,Guatemala,Mesoamerica,,,"Ceramic, slip, pigment",Ceramics-Containers,"Gift of Mr. and Mrs. Charles Diker, 1993",Infants; Men; Women,https://images.metmuseum.org/CRDImages/ao/original/1993.441_a.JPG,https://images.metmuseum.org/CRDImages/ao/web-large/1993.441_a.JPG,https://www.metmuseum.org/art/collection/search/316813,True,The Metropolitan Museum of Art Collection API,Ritual,The Michael C. Rockefeller Wing,,,"Gift of Mr. and Mrs. Charles Diker, 1993"
436513,The Presentation of Christ in the Temple,"Painting, predella panel",,,1430,1440,,,,,Tempera and gold on wood,Paintings,"Gift of George Blumenthal, 1941",Temples; Men; Women; Virgin Mary; Jesus; Saints; Joseph,https://images.metmuseum.org/CRDImages/ep/original/DP-26503-001.jpg,https://images.metmuseum.org/CRDImages/ep/web-large/DP-26503-001.jpg,https://www.metmuseum.org/art/collection/search/436513,True,The Metropolitan Museum of Art Collection API,Ritual,European Paintings,,,"Gift of George Blumenthal, 1941"
39569,Eighteen Songs of a Nomad Flute: The Story of Lady Wenji,Handscroll,China,Ming dynasty (1368–1644),1400,1433,,,,,"Handscroll; ink, color, and gold on silk",Paintings,"Ex coll.: C. C. Wang Family, Gift of The Dillon Fund, 1973",Tents; Men; Women; Horses,https://images.metmuseum.org/CRDImages/as/original/DP213003_CRD.jpg,https://images.metmuseum.org/CRDImages/as/web-large/DP213003_CRD.jpg,https://www.metmuseum.org/art/collection/search/39569,True,The Metropolitan Museum of Art Collection API,Ritual; China,Asian Art,,,"Ex coll.: C. C. Wang Family, Gift of The Dillon Fund, 1973"
314524,Cylindrical Vessel,Vessel,Maya,,100,200,Guatemala,Mesoamerica,,,Ceramic,Ceramics-Containers,"Gift of Arthur M. Bullowa, 1982",,https://images.metmuseum.org/CRDImages/ao/original/h1_1982.207.7.jpg,https://images.metmuseum.org/CRDImages/ao/web-large/h1_1982.207.7.jpg,https://www.metmuseum.org/art/collection/search/314524,True,The Metropolitan Museum of Art Collection API,Ritual,The Michael C. Rockefeller Wing,,,"Gift of Arthur M. Bullowa, 1982"
324599,Incised furniture plaque with two ibexes flanking a stylized palmette tree,Relief,Assyrian,Neo-Assyrian,-900,-700,,Mesopotamia,,,Ivory,,"Rogers Fund, 1957",Ibex,https://images.metmuseum.org/CRDImages/an/original/DP110594.jpg,https://images.metmuseum.org/CRDImages/an/web-large/DP110594.jpg,https://www.metmuseum.org/art/collection/search/324599,True,The Metropolitan Museum of Art Collection API,Ritual,Ancient West Asian Art,,,"Rogers Fund, 1957"
437654,Circus Sideshow (Parade de cirque),Painting,,,1887,1888,,,,,Oil on canvas,Paintings,"Bequest of Stephen C. Clark, 1960",Musical Instruments; Men; Women; Circus; Musicians,https://images.metmuseum.org/CRDImages/ep/original/DP375450_cropped.jpg,https://images.metmuseum.org/CRDImages/ep/web-large/DP375450_cropped.jpg,https://www.metmuseum.org/art/collection/search/437654,True,The Metropolitan Museum of Art Collection API,Ritual,European Paintings,,,"Bequest of Stephen C. Clark, 1960"
482518,Pasiphaë,Painting,,,1938,1948,,,,,Oil on canvas,Paintings,"Purchase, Rogers, Fletcher, and Harris Brisbane Dick Funds and Joseph Pulitzer Bequest, 1982",,,,https://www.metmuseum.org/art/collection/search/482518,False,The Metropolitan Museum of Art Collection API,Ritual,Modern and Contemporary Art,,,"Purchase, Rogers, Fletcher, and Harris Brisbane Dick Funds and Joseph Pulitzer Bequest, 1982"
319633,Cylindrical Vessel,Vessel,Maya,,475,925,Guatemala or Mexico,Mesoamerica,,,Ceramic,Ceramics-Containers,"Anonymous Gift, 2005",,https://images.metmuseum.org/CRDImages/ao/original/DP-13003-003.jpg,https://images.metmuseum.org/CRDImages/ao/web-large/DP-13003-003.jpg,https://www.metmuseum.org/art/collection/search/319633,True,The Metropolitan Museum of Art Collection API,Ritual,The Michael C. Rockefeller Wing,,,"Anonymous Gift, 2005"
324596,Plaque with tribute bearers,Relief,Assyrian,Neo-Assyrian,-900,-700,,Mesopotamia,,,Ivory,,"Rogers Fund, 1957",Men,https://images.metmuseum.org/CRDImages/an/original/DP110591.jpg,https://images.metmuseum.org/CRDImages/an/web-large/DP110591.jpg,https://www.metmuseum.org/art/collection/search/324596,True,The Metropolitan Museum of Art Collection API,Ritual,Ancient West Asian Art,,,"Rogers Fund, 1957"
310607,"Vessel, Seated Deities",Vessel,Maya,,500,700,Guatemala,Mesoamerica,,,Ceramic,Ceramics-Containers,"The Michael C. Rockefeller Memorial Collection, Purchase, Mrs. Gertrud A. Mellon Gift, 1967",Mythical Creatures; Deities,https://images.metmuseum.org/CRDImages/ao/original/DP-13003-005.jpg,https://images.metmuseum.org/CRDImages/ao/web-large/DP-13003-005.jpg,https://www.metmuseum.org/art/collection/search/310607,True,The Metropolitan Museum of Art Collection API,Ritual,The Michael C. Rockefeller Wing,,,"The Michael C. Rockefeller Memorial Collection, Purchase, Mrs. Gertrud A. Mellon Gift, 1967"
314522,Tetrapod Jar,Bowl,Maya,,-200,1,El Salvador or Guatemala,Mesoamerica,,,Ceramic,Ceramics-Containers,"Gift of Arthur M. Bullowa, 1982",,https://images.metmuseum.org/CRDImages/ao/original/DP23127.jpg,https://images.metmuseum.org/CRDImages/ao/web-large/DP23127.jpg,https://www.metmuseum.org/art/collection/search/314522,True,The Metropolitan Museum of Art Collection API,Ritual,The Michael C. Rockefeller Wing,,,"Gift of Arthur M. Bullowa, 1982"
314518,Tetrapod Bowl,Vessel,Maya,,1,400,Guatemala,Mesoamerica,,,Ceramic,Ceramics-Containers,"Gift of Arthur M. Bullowa, 1982",,https://images.metmuseum.org/CRDImages/ao/original/DP-13003-001.jpg,https://images.metmuseum.org/CRDImages/ao/web-large/DP-13003-001.jpg,https://www.metmuseum.org/art/collection/search/314518,True,The Metropolitan Museum of Art Collection API,Ritual,The Michael C. Rockefeller Wing,,,"Gift of Arthur M. Bullowa, 1982"
926603,Study for The Epic of Gilgamesh (Part Two): The Night May Bring You Happiness and Joy,Study for The Epic of Gilgamesh (Part Two): The Night May Bring You Happiness an,Iraqi,Modern Arab,1965,1966,,,,,Ink and ink wash on paper,,"Purchase, Museum Acquisitions Fund, Henrie Jo Barth Bequest, and funds from various donors, 2025",,,,https://www.metmuseum.org/art/collection/search/926603,False,The Metropolitan Museum of Art Collection API,Ritual,Ancient West Asian Art,,,"Purchase, Museum Acquisitions Fund, Henrie Jo Barth Bequest, and funds from various donors, 2025"
310480,Head of a Rain God,Head,Maya,,900,1100,Mexico,Mesoamerica,,,Fossiliferous limestone,Stone-Sculpture,"The Michael C. Rockefeller Memorial Collection, Gift of Nelson A. Rockefeller, 1963",,https://images.metmuseum.org/CRDImages/ao/original/DP-23862-001.jpg,https://images.metmuseum.org/CRDImages/ao/web-large/DP-23862-001.jpg,https://www.metmuseum.org/art/collection/search/310480,True,The Metropolitan Museum of Art Collection API,Ritual,The Michael C. Rockefeller Wing,,,"The Michael C. Rockefeller Memorial Collection, Gift of Nelson A. Rockefeller, 1963"
467731,Box with Standing Saints,Casket,"French (lid)/European (lower elements, hardware)",,1300,1399,"France (lid)/European (lower elements, hardware)",,,Made in,"Elephant ivory, gilded copper mounts",Ivories-Elephant,"Gift of George Blumenthal, 1941",Men,https://images.metmuseum.org/CRDImages/md/original/sf41-100-158s5.jpg,https://images.metmuseum.org/CRDImages/md/web-large/sf41-100-158s5.jpg,https://www.metmuseum.org/art/collection/search/467731,True,The Metropolitan Museum of Art Collection API,Ritual,Medieval Art,,,"Gift of George Blumenthal, 1941"
316304,Tripod Plate,Plate,Maya,,800,1000,Mexico,Mesoamerica,,,Ceramic,Ceramics-Containers,"Gift of Arthur M. Bullowa, 1989",,https://images.metmuseum.org/CRDImages/ao/original/DP219258.jpg,https://images.metmuseum.org/CRDImages/ao/web-large/DP219258.jpg,https://www.metmuseum.org/art/collection/search/316304,True,The Metropolitan Museum of Art Collection API,Ritual,The Michael C. Rockefeller Wing,,,"Gift of Arthur M. Bullowa, 1989"
314528,Tunic with Diamond Band,Tunic,Inca,,1460,1540,Peru,,,,"Camelid hair, cotton",Textiles-Woven,"Rogers Fund, 1982",,https://images.metmuseum.org/CRDImages/ao/original/DP107698.jpg,https://images.metmuseum.org/CRDImages/ao/web-large/DP107698.jpg,https://www.metmuseum.org/art/collection/search/314528,True,The Metropolitan Museum of Art Collection API,Ritual,The Michael C. Rockefeller Wing,,,"Rogers Fund, 1982"
698331,Pair of Earflares with Multifigure Scenes,Earflare,Chimú,,1100,1500,Peru,,,,Gold,Metal-Ornaments,"Jan Mitchell and Sons Collection, Gift of Jan Mitchell, 1991",,https://images.metmuseum.org/CRDImages/ao/original/DP370838.jpg,https://images.metmuseum.org/CRDImages/ao/web-large/DP370838.jpg,https://www.metmuseum.org/art/collection/search/698331,True,The Metropolitan Museum of Art Collection API,Ritual,The Michael C. Rockefeller Wing,,,"Jan Mitchell and Sons Collection, Gift of Jan Mitchell, 1991"
451308,Woman  Applying Henna,Illustrated album leaf,,,1575,1599,Iran,,,Attributed to,"Ink, opaque watercolor, and gold on paper",Codices,"Rogers Fund, 1955",Women,https://images.metmuseum.org/CRDImages/is/original/DP240659.jpg,https://images.metmuseum.org/CRDImages/is/web-large/DP240659.jpg,https://www.metmuseum.org/art/collection/search/451308,True,The Metropolitan Museum of Art Collection API,Ritual; India,Islamic Art,,,"Rogers Fund, 1955"
314523,Cylindrical Vessel,Vessel,Maya,,-100,100,Guatemala,Mesoamerica,,,"Ceramic, slip",Ceramics-Containers,"Gift of Arthur M. Bullowa, 1982",,https://images.metmuseum.org/CRDImages/ao/original/DP101926.jpg,https://images.metmuseum.org/CRDImages/ao/web-large/DP101926.jpg,https://www.metmuseum.org/art/collection/search/314523,True,The Metropolitan Museum of Art Collection API,Ritual,The Michael C. Rockefeller Wing,,,"Gift of Arthur M. Bullowa, 1982"
314827,Tripod Bird Bowl,Bowl with lid,Maya,,200,400,Guatemala,Mesoamerica,,,Ceramic,Ceramics-Containers,"Gift of Carolyn C. and Dan C. Williams, 1984",Birds,https://images.metmuseum.org/CRDImages/ao/original/DT4867.jpg,https://images.metmuseum.org/CRDImages/ao/web-large/DT4867.jpg,https://www.metmuseum.org/art/collection/search/314827,True,The Metropolitan Museum of Art Collection API,Ritual,The Michael C. Rockefeller Wing,,,"Gift of Carolyn C. and Dan C. Williams, 1984"
313251,Female figurine,Figure,Inca,,1400,1533,"Ecuador, Peru, Bolivia, Chile, or Argentina",,,,Gold,Sculpture-Sheet metal,"The Michael C. Rockefeller Memorial Collection, Bequest of Nelson A. Rockefeller, 1979",Women,https://images.metmuseum.org/CRDImages/ao/original/DP-13440-033.jpg,https://images.metmuseum.org/CRDImages/ao/web-large/DP-13440-033.jpg,https://www.metmuseum.org/art/collection/search/313251,True,The Metropolitan Museum of Art Collection API,Ritual,The Michael C. Rockefeller Wing,,,"The Michael C. Rockefeller Memorial Collection, Bequest of Nelson A. Rockefeller, 1979"
452211,Pyxis Depicting Standing Saints or Ecclesiastics and the Entry into Jerusalem with Christ Riding a Donkey,Box,,,1250,1299,Syria,,,Attributed to,"Brass; hammered, engraved, inlaid with silver",Metal,"Rogers Fund, 1971",Men; Donkeys; Christ,https://images.metmuseum.org/CRDImages/is/original/DP214312.jpg,https://images.metmuseum.org/CRDImages/is/web-large/DP214312.jpg,https://www.metmuseum.org/art/collection/search/452211,True,The Metropolitan Museum of Art Collection API,Ritual,Islamic Art,,,"Rogers Fund, 1971"
571242,Sickle Insert,"sickle, insert, dentiuclated, blade, tool, element",,"Probably New Kingdom, Ramesside–Third Intermediate Period",-1184,-664,Egypt,Memphite Region,,From,Flint,,"Rogers Fund, 1948",,,,https://www.metmuseum.org/art/collection/search/571242,False,The Metropolitan Museum of Art Collection API,Ritual,Egyptian Art,,,"Rogers Fund, 1948"
322973,Plate with king hunting rams,Plate,Sasanian,Sasanian,459,531,,Iran,,,"Silver, mercury gilding, niello inlay",,"Fletcher Fund, 1934",Kings; Men; Hunting; Horses; Rams,https://images.metmuseum.org/CRDImages/an/original/DP-42233-001.jpg,https://images.metmuseum.org/CRDImages/an/web-large/DP-42233-001.jpg,https://www.metmuseum.org/art/collection/search/322973,True,The Metropolitan Museum of Art Collection API,Ritual; China,Ancient West Asian Art,,,"Fletcher Fund, 1934"
315668,Tupu (pin),Pin,Inca,,1400,1533,"Ecuador, Peru, Bolivia, Chile, or Argentina",,,,Copper or alloy of copper,Metal-Ornaments,"Bequest of Jane Costello Goldberg, from the Collection of Arnold I. Goldberg, 1986",,https://images.metmuseum.org/CRDImages/ao/original/DP-13440-020.jpg,https://images.metmuseum.org/CRDImages/ao/web-large/DP-13440-020.jpg,https://www.metmuseum.org/art/collection/search/315668,True,The Metropolitan Museum of Art Collection API,Ritual,The Michael C. Rockefeller Wing,,,"Bequest of Jane Costello Goldberg, from the Collection of Arnold I. Goldberg, 1986"
320804,Hanging (?) Fragment,Tapestry fragment,Peruvian,,1500,1700,Peru,,,,"Camelid hair, cotton",Textiles-Woven,"Gift of Gloria Granz Gonick, 2011",,https://images.metmuseum.org/CRDImages/ao/original/TR.489.2010_a.jpg,https://images.metmuseum.org/CRDImages/ao/web-large/TR.489.2010_a.jpg,https://www.metmuseum.org/art/collection/search/320804,True,The Metropolitan Museum of Art Collection API,Ritual,The Michael C. Rockefeller Wing,,,"Gift of Gloria Granz Gonick, 2011"
451302,"""Design for the Water Clock of the Peacocks"", from the Kitab fi ma'rifat al-hiyal al-handasiyya (Book of the Knowledge of Ingenious Mechanical Devices) by Badi' al-Zaman b. al Razzaz al-Jazari",Folio from an illustrated manuscript,,,1314,1316,probably Syria or Iraq,,,Attributed to,"Ink, opaque watercolor, and gold on paper",Codices,"Rogers Fund, 1955",Arabic; Peacocks; Clocks,https://images.metmuseum.org/CRDImages/is/original/DP369551.jpg,https://images.metmuseum.org/CRDImages/is/web-large/DP369551.jpg,https://www.metmuseum.org/art/collection/search/451302,True,The Metropolitan Museum of Art Collection API,Ritual,Islamic Art,,,"Rogers Fund, 1955"
316963,Four-Cornered Hat,Hat,Wari,,600,900,Peru,,,,Camelid hair,Textiles-Costumes,"Bequest of Arthur M. Bullowa, 1993",Birds,https://images.metmuseum.org/CRDImages/ao/original/DP-29610-001.jpg,https://images.metmuseum.org/CRDImages/ao/web-large/DP-29610-001.jpg,https://www.metmuseum.org/art/collection/search/316963,True,The Metropolitan Museum of Art Collection API,Ritual,The Michael C. Rockefeller Wing,,,"Bequest of Arthur M. Bullowa, 1993"
664761,Head of a Central Asian Figure,Head of a figure,,,1100,1299,Iran,,,Country of Origin,"Gypsum plaster; modeled, carved",Stucco-Sculpture,"Purchase, Friends of Islamic Art Gifts, 2014",Heads,https://images.metmuseum.org/CRDImages/is/original/DP353091.jpg,https://images.metmuseum.org/CRDImages/is/web-large/DP353091.jpg,https://www.metmuseum.org/art/collection/search/664761,True,The Metropolitan Museum of Art Collection API,Ritual,Islamic Art,,,"Purchase, Friends of Islamic Art Gifts, 2014"
203915,Seated Faun,Statuette,,,1535,1555,,,,,Bronze,Sculpture-Bronze,"Gift of Irwin Untermyer, 1964",Male Nudes,https://images.metmuseum.org/CRDImages/es/original/DP-610-001.jpg,https://images.metmuseum.org/CRDImages/es/web-large/DP-610-001.jpg,https://www.metmuseum.org/art/collection/search/203915,True,The Metropolitan Museum of Art Collection API,Ritual,European Sculpture and Decorative Arts,,,"Gift of Irwin Untermyer, 1964"
453317,Confronted Animal Rug,Carpet,,,1300,1399,Turkey,,,Attributed to,"Wool (warp, weft, and pile); symmetrically knotted pile",Textiles-Rugs,"Purchase, Harris Brisbane Dick Fund, Joseph Pulitzer Bequest, Louis V. Bell Fund and Fletcher, Pfeiffer and Rogers Funds, 1990",Animals,https://images.metmuseum.org/CRDImages/is/original/DP229999.jpg,https://images.metmuseum.org/CRDImages/is/web-large/DP229999.jpg,https://www.metmuseum.org/art/collection/search/453317,True,The Metropolitan Museum of Art Collection API,Tibet,Islamic Art,,,"Purchase, Harris Brisbane Dick Fund, Joseph Pulitzer Bequest, Louis V. Bell Fund and Fletcher, Pfeiffer and Rogers Funds, 1990"
454359,"""The Death of King Dasharatha, the Father of Rama"", Folio from a Ramayana",Folio from an illustrated manuscript,,,1580,1630,India,,,Attributed to,Opaque watercolor and gold on paper,Codices,"Cynthia Hazen Polsky and Leon B. Polsky Fund, 2002",Men; Women; Death,https://images.metmuseum.org/CRDImages/is/original/DP107193.jpg,https://images.metmuseum.org/CRDImages/is/web-large/DP107193.jpg,https://www.metmuseum.org/art/collection/search/454359,True,The Metropolitan Museum of Art Collection API,Tibet; Nepal; India,Islamic Art,,,"Cynthia Hazen Polsky and Leon B. Polsky Fund, 2002"
454344,"""Rama Receives Sugriva and Jambavat, the Monkey and Bear Kings"", Folio from a Ramayana",Folio from an illustrated manuscript,,,1580,1630,India,,,Attributed to,"Ink, opaque watercolor, and gold on paper",Codices,"Cynthia Hazen Polsky and Leon B. Polsky Fund, 2002",Bears; Princes; Men; Monkeys,https://images.metmuseum.org/CRDImages/is/original/DP103079.jpg,https://images.metmuseum.org/CRDImages/is/web-large/DP103079.jpg,https://www.metmuseum.org/art/collection/search/454344,True,The Metropolitan Museum of Art Collection API,Tibet; Nepal; India,Islamic Art,,,"Cynthia Hazen Polsky and Leon B. Polsky Fund, 2002"
454358,"""The Court of Ravana"", Folio from a Ramayana",Folio from an illustrated manuscript,,,1580,1630,India,,,Attributed to,Opaque watercolor and gold on paper,Codices,"Cynthia Hazen Polsky and Leon B. Polsky Fund, 2002",Demons,https://images.metmuseum.org/CRDImages/is/original/DP107192.jpg,https://images.metmuseum.org/CRDImages/is/web-large/DP107192.jpg,https://www.metmuseum.org/art/collection/search/454358,True,The Metropolitan Museum of Art Collection API,Tibet; Nepal; India,Islamic Art,,,"Cynthia Hazen Polsky and Leon B. Polsky Fund, 2002"
454357,"""The Awakening of Kumbhakarna in the Golden City of Lanka"", Folio from a Ramayana",Folio from an illustrated manuscript,,,1580,1630,India,,,Made in,Opaque watercolor and gold on paper,Codices,"Cynthia Hazen Polsky and Leon B. Polsky Fund, 2002",Sleeping; Men; Demons,https://images.metmuseum.org/CRDImages/is/original/DP107191.JPG,https://images.metmuseum.org/CRDImages/is/web-large/DP107191.JPG,https://www.metmuseum.org/art/collection/search/454357,True,The Metropolitan Museum of Art Collection API,Tibet; Nepal; India,Islamic Art,,,"Cynthia Hazen Polsky and Leon B. Polsky Fund, 2002"
678610,Set of Sacrificial Weapons,Set of Sacrifical Weapons,"Indian, Bengal (?) or Nepalese",,1801,1900,Nepal,,,Possibly from,"Steel, wood, brass",Shafted Weapons,"Bequest of George C. Stone, 1935",,https://images.metmuseum.org/CRDImages/aa/original/36.25.1284_018AA2015.jpg,https://images.metmuseum.org/CRDImages/aa/web-large/36.25.1284_018AA2015.jpg,https://www.metmuseum.org/art/collection/search/678610,True,The Metropolitan Museum of Art Collection API,Nepal; India,Arms and Armor,,,"Bequest of George C. Stone, 1935"
24317,Sacrificial Sword (Kartrī or Churī),Sacrificial sword (kartrī or churī),"Indian, Bengal (?) or Nepalese",,1801,1900,Nepal,,,Possibly from,"Steel, brass, wood",Knives,"Bequest of George C. Stone, 1935",Birds; Eyes,https://images.metmuseum.org/CRDImages/aa/original/36.25.1285_002AA2016.jpg,https://images.metmuseum.org/CRDImages/aa/web-large/36.25.1285_002AA2016.jpg,https://www.metmuseum.org/art/collection/search/24317,True,The Metropolitan Museum of Art Collection API,Nepal; India,Arms and Armor,,,"Bequest of George C. Stone, 1935"
24318,Sacrificial Knife,Sacrificial knife,"Indian, Bengal (?) or Nepalese",,1801,1900,Nepal,,,Possibly from,"Steel, brass, wood",Knives,"Bequest of George C. Stone, 1935",Eyes,https://images.metmuseum.org/CRDImages/aa/original/36.25.1286_002AA2016.jpg,https://images.metmuseum.org/CRDImages/aa/web-large/36.25.1286_002AA2016.jpg,https://www.metmuseum.org/art/collection/search/24318,True,The Metropolitan Museum of Art Collection API,Nepal; India,Arms and Armor,,,"Bequest of George C. Stone, 1935"
24316,Sacrificial Sword (Rāmdāo),Sacrificial Sword (Rāmdāo),"Indian, Bengal (?) or Nepalese",,1801,1900,Nepal,,,Possibly from,"Steel, wood, brass",Shafted Weapons,"Bequest of George C. Stone, 1935",,https://images.metmuseum.org/CRDImages/aa/original/36.25.1284_018AA2015.jpg,https://images.metmuseum.org/CRDImages/aa/web-large/36.25.1284_018AA2015.jpg,https://www.metmuseum.org/art/collection/search/24316,True,The Metropolitan Museum of Art Collection API,Nepal; India,Arms and Armor,,,"Bequest of George C. Stone, 1935"
38159,Standing Ganesha,Figure,Cambodia,pre-Angkor period,650,699,,,,,Stone,Sculpture,"Rogers, Louis V. Bell and Fletcher Funds, 1982",Elephants; Ganesha,https://images.metmuseum.org/CRDImages/as/original/DT7384.jpg,https://images.metmuseum.org/CRDImages/as/web-large/DT7384.jpg,https://www.metmuseum.org/art/collection/search/38159,True,The Metropolitan Museum of Art Collection API,India,Asian Art,,,"Rogers, Louis V. Bell and Fletcher Funds, 1982"
38945,Hanuman Conversing,Figure,India (Tamil Nadu),Chola period,1000,1099,,,,,Copper alloy,Sculpture,"Purchase, Bequests of Mary Clarke Thompson, Fanny Shapiro, Susan Dwight Bliss, Isaac D. Fletcher, William Gedney Beatty, John L. Cadwalader and Kate Read Blacque, Gifts of Mrs. Samuel T. Peters, Ida H. Ogilvie, Samuel T. Peters and H. R. Bishop, F. C. Bishop and O. M. Bishop, Rogers, Seymour and Fletcher Funds, and other gifts, funds and bequests from various donors, by exchange, 1982",Deities,https://images.metmuseum.org/CRDImages/as/original/DT5250.jpg,https://images.metmuseum.org/CRDImages/as/web-large/DT5250.jpg,https://www.metmuseum.org/art/collection/search/38945,True,The Metropolitan Museum of Art Collection API,India,Asian Art,,,"Purchase, Bequests of Mary Clarke Thompson, Fanny Shapiro, Susan Dwight Bliss, Isaac D. Fletcher, William Gedney Beatty, John L. Cadwalader and Kate Read Blacque, Gifts of Mrs. Samuel T. Peters, Ida H. Ogilvie, Samuel T. Peters and H. R. Bishop, F. C. Bishop and O. M. Bishop, Rogers, Seymour and Fletcher Funds, and other gifts, funds and bequests from various donors, by exchange, 1982"
454738,Goa Stone and Gold Case,Goa stone and container,,,1675,1725,India,Goa,,Probably made in,"Container: gold; pierced, repoussé, with cast legs and finials
Goa stone: compound of organic and inorganic materials",Metal,"Rogers Fund, 2004",Animals; Griffins; Peacocks; Dogs; Monkeys; Flowers,https://images.metmuseum.org/CRDImages/is/original/DP116018.jpg,https://images.metmuseum.org/CRDImages/is/web-large/DP116018.jpg,https://www.metmuseum.org/art/collection/search/454738,True,The Metropolitan Museum of Art Collection API,India,Islamic Art,,,"Rogers Fund, 2004"
456949,Great Indian Fruit Bat,Painting,,,1752,1807,India,,Calcutta,Made in,"Pencil, ink, and opaque watercolor on paper",Paintings,"Purchase, Anonymous Gift, Cynthia Hazen Polsky Gift, Virginia G. LeCount Bequest, in memory of The LeCount Family, 2007 Benefit Fund, Louis V. Bell, Harris Brisbane Dick, Fletcher, and Rogers Funds and Joseph Pulitzer Bequest, and Gift of Dr. Mortimer D. Sackler, Theresa Sackler and Family,  2008",Bats,https://images.metmuseum.org/CRDImages/is/original/DP167067.jpg,https://images.metmuseum.org/CRDImages/is/web-large/DP167067.jpg,https://www.metmuseum.org/art/collection/search/456949,True,The Metropolitan Museum of Art Collection API,India,Islamic Art,,,"Purchase, Anonymous Gift, Cynthia Hazen Polsky Gift, Virginia G. LeCount Bequest, in memory of The LeCount Family, 2007 Benefit Fund, Louis V. Bell, Harris Brisbane Dick, Fletcher, and Rogers Funds and Joseph Pulitzer Bequest, and Gift of Dr. Mortimer D. Sackler, Theresa Sackler and Family,  2008"
755092,The Lightning Testimonies,Time-Based Media; Video; Installation,,,2007,2007,,,,,"Eight-channel digital video installation, black-and-white and color, sound, 32 min., 31 sec.",Variable Media,"Gift of Radhika Chopra, Asha Jadeja, Dipti Mathur and Kiran Nadar, Chairperson, Kiran Nadar Museum of Art, India, 2022",,,,https://www.metmuseum.org/art/collection/search/755092,False,The Metropolitan Museum of Art Collection API,India,Modern and Contemporary Art,,,"Gift of Radhika Chopra, Asha Jadeja, Dipti Mathur and Kiran Nadar, Chairperson, Kiran Nadar Museum of Art, India, 2022"
38970,"Seated Ascetic, Deified King, Agni (The God of Fire)",Figure,"India (Kaushambi, Uttar Pradesh)",,150,350,,,,,Bronze,Sculpture,"Gift of Frank Weinstein, 1984",Gupta,https://images.metmuseum.org/CRDImages/as/original/DP155519.jpg,https://images.metmuseum.org/CRDImages/as/web-large/DP155519.jpg,https://www.metmuseum.org/art/collection/search/38970,True,The Metropolitan Museum of Art Collection API,India,Asian Art,,,"Gift of Frank Weinstein, 1984"
451270,"""Shah Jahan on a Terrace, Holding a Pendant Set With His Portrait"", Folio from the Shah Jahan Album",Album leaf,,,1515,1628,India,,,Attributed to,"Ink, opaque watercolor, and gold on paper",Codices,"Purchase, Rogers Fund and The Kevorkian Foundation Gift, 1955",Men; Portraits,https://images.metmuseum.org/CRDImages/is/original/DP246547.jpg,https://images.metmuseum.org/CRDImages/is/web-large/DP246547.jpg,https://www.metmuseum.org/art/collection/search/451270,True,The Metropolitan Museum of Art Collection API,India,Islamic Art,,,"Purchase, Rogers Fund and The Kevorkian Foundation Gift, 1955"
437769,Clothing the Naked,Painting,,,1656,1666,,,,,Oil on canvas,Paintings,"Gift of Mr. and Mrs. Charles Wrightsman, 1984",Men,https://images.metmuseum.org/CRDImages/ep/original/DP-15762-001.jpg,https://images.metmuseum.org/CRDImages/ep/web-large/DP-15762-001.jpg,https://www.metmuseum.org/art/collection/search/437769,True,The Metropolitan Museum of Art Collection API,India,European Paintings,,,"Gift of Mr. and Mrs. Charles Wrightsman, 1984"
912179,Vishnu and Lakshmi (Sri Laxmi Narayan),Lithograph,"India, Mathura, Uttar Pradesh",,1930,1950,,,,,Photo-offset lithograph with glitter on paper,Prints,"Richard Greenbaum Fund, 2024",,,,https://www.metmuseum.org/art/collection/search/912179,False,The Metropolitan Museum of Art Collection API,India,Asian Art,,,"Richard Greenbaum Fund, 2024"
78257,Kali,Chromolithograph,"India, Kolkata, West Bengal,",,1875,1905,,,,,Chromolithograph on paper,Prints,"Purchase, Anonymous Gift, 2013",Goddess; Shiva; Hinduism,https://images.metmuseum.org/CRDImages/as/original/DP702072.jpg,https://images.metmuseum.org/CRDImages/as/web-large/DP702072.jpg,https://www.metmuseum.org/art/collection/search/78257,True,The Metropolitan Museum of Art Collection API,India,Asian Art,,,"Purchase, Anonymous Gift, 2013"
849507,Yashoda and Gopal,Lithograph,"India, Kolkata, West Bengal",,1883,1883,,,,,"Lithograph with black ink, watercolor, and glaze on paper",Prints,"Purchase, Robert and Bobbie Falk Philanthropic Fund Gift, 2021",,https://images.metmuseum.org/CRDImages/as/original/DP-22769-001.jpg,https://images.metmuseum.org/CRDImages/as/web-large/DP-22769-001.jpg,https://www.metmuseum.org/art/collection/search/849507,True,The Metropolitan Museum of Art Collection API,India,Asian Art,,,"Purchase, Robert and Bobbie Falk Philanthropic Fund Gift, 2021"
851478,Sri Ganesh in Om,Lithography,"India, Mumbai, Maharashtra",,1937,1939,,,,,Photo-offset lithograph on paper,Prints,"Gift of John and Fausta Eskenazi, 2025",,,,https://www.metmuseum.org/art/collection/search/851478,False,The Metropolitan Museum of Art Collection API,India,Asian Art,,,"Gift of John and Fausta Eskenazi, 2025"
453312,Jewelry Elements,Necklace,,,1375,1599,Iran or Central Asia,,,Attributed to,"Gold sheet; worked, chased, and set  with turquoise, gray chalcedony, and glass",Jewelry,"Purchase, Rogers Fund and Habib Anavian Gift, 1989",,https://images.metmuseum.org/CRDImages/is/original/DP236378.jpg,https://images.metmuseum.org/CRDImages/is/web-large/DP236378.jpg,https://www.metmuseum.org/art/collection/search/453312,True,The Metropolitan Museum of Art Collection API,India,Islamic Art,,,"Purchase, Rogers Fund and Habib Anavian Gift, 1989"
446561,"""Alexander is Lowered into the Sea"", Folio from a Khamsa (Quintet) of Amir Khusrau Dihlavi",Folio from an illustrated manuscript,,,1572,1623,India,,,Attributed to,"Main support: Ink, watercolor, gold on paper
Margins: Gold on dyed paper",Codices,"Gift of Alexander Smith Cochran, 1913",Alexander The Great; Men; Boats,https://images.metmuseum.org/CRDImages/is/original/DP120802.jpg,https://images.metmuseum.org/CRDImages/is/web-large/DP120802.jpg,https://www.metmuseum.org/art/collection/search/446561,True,The Metropolitan Museum of Art Collection API,India; China,Islamic Art,,,"Gift of Alexander Smith Cochran, 1913"
206968,Commode,Commode,,,1775,1795,,,,,"Oak veneered with ebony, mahogany, rosewood, Japanese lacquer panels, rosso levanto marble, gilt bronze",Woodwork-Furniture,"The Jack and Belle Linsky Collection, 1982",Birds; Flowers,https://images.metmuseum.org/CRDImages/es/original/DT8880.jpg,https://images.metmuseum.org/CRDImages/es/web-large/DT8880.jpg,https://www.metmuseum.org/art/collection/search/206968,True,The Metropolitan Museum of Art Collection API,India,European Sculpture and Decorative Arts,,,"The Jack and Belle Linsky Collection, 1982"
437898,"Madame Grand (Noël Catherine Vorlée, 1761–1835)",Painting,,,1783,1783,,,,,Oil on canvas,Paintings,"Bequest of Edward S. Harkness, 1940",Portraits; Women,https://images.metmuseum.org/CRDImages/ep/original/DP320094.jpg,https://images.metmuseum.org/CRDImages/ep/web-large/DP320094.jpg,https://www.metmuseum.org/art/collection/search/437898,True,The Metropolitan Museum of Art Collection API,India,European Paintings,,,"Bequest of Edward S. Harkness, 1940"
444863,Coin with Sign of Libra,Coin,,,1624,1626,India,,Agra,Attributed to,Gold,Coins,"Bequest of Joseph H. Durkee, 1898",Scales,https://images.metmuseum.org/CRDImages/is/original/DP27.jpg,https://images.metmuseum.org/CRDImages/is/web-large/DP27.jpg,https://www.metmuseum.org/art/collection/search/444863,True,The Metropolitan Museum of Art Collection API,India,Islamic Art,,,"Bequest of Joseph H. Durkee, 1898"
444867,Coin with Sign of Leo,Coin,,,1623,1625,India,,Agra,Made in,Gold,Coins,"Bequest of Joseph H. Durkee, 1898",Lions; Zodiac,https://images.metmuseum.org/CRDImages/is/original/DP33.jpg,https://images.metmuseum.org/CRDImages/is/web-large/DP33.jpg,https://www.metmuseum.org/art/collection/search/444867,True,The Metropolitan Museum of Art Collection API,India,Islamic Art,,,"Bequest of Joseph H. Durkee, 1898"
444866,Coin,Coin,,,1618,1620,India,,Agra,Made in,Gold,Coins,"Bequest of Joseph H. Durkee, 1898",Bulls; Zodiac,https://images.metmuseum.org/CRDImages/is/original/DP31.jpg,https://images.metmuseum.org/CRDImages/is/web-large/DP31.jpg,https://www.metmuseum.org/art/collection/search/444866,True,The Metropolitan Museum of Art Collection API,India,Islamic Art,,,"Bequest of Joseph H. Durkee, 1898"
444865,Coin,Coin,,,1621,1622,India,,Agra,Made in,Gold,Coins,"Bequest of Joseph H. Durkee, 1898",Persian; Zodiac,https://images.metmuseum.org/CRDImages/is/original/DP29.jpg,https://images.metmuseum.org/CRDImages/is/web-large/DP29.jpg,https://www.metmuseum.org/art/collection/search/444865,True,The Metropolitan Museum of Art Collection API,India,Islamic Art,,,"Bequest of Joseph H. Durkee, 1898"
444859,Coin,Coin,,,1618,1620,India,,Agra,Made in,Gold,Coins,"Bequest of Joseph H. Durkee, 1898",Fish,https://images.metmuseum.org/CRDImages/is/original/DP25.jpg,https://images.metmuseum.org/CRDImages/is/web-large/DP25.jpg,https://www.metmuseum.org/art/collection/search/444859,True,The Metropolitan Museum of Art Collection API,India,Islamic Art,,,"Bequest of Joseph H. Durkee, 1898"
447298,"""Kai Kavus Attempts to Fly to Heaven"", Folio from a Shahnama (Book of Kings)",Folio from an illustrated manuscript,,,1425,1475,India,,,Attributed to,"Image: Ink, opaque watercolor, and gold on paper
Margins: Ink and gold on dyed paper",Codices,"The Grinnell Collection, Bequest of William Milne Grinnell, 1920",Birds; Men,https://images.metmuseum.org/CRDImages/is/original/DP234079.jpg,https://images.metmuseum.org/CRDImages/is/web-large/DP234079.jpg,https://www.metmuseum.org/art/collection/search/447298,True,The Metropolitan Museum of Art Collection API,India,Islamic Art,,,"The Grinnell Collection, Bequest of William Milne Grinnell, 1920"
55406,A Large Elephant Recently Imported from Overseas (Shinto hakurai no daizō),Woodblock print,Japan,Edo period (1615–1868),1863,1863,,,,,Diptych of woodblock prints (nishiki-e); ink and color on paper,Prints,"Gift of Lincoln Kirstein, 1959",Men; Women; Elephants,https://images.metmuseum.org/CRDImages/as/original/DP147688.jpg,https://images.metmuseum.org/CRDImages/as/web-large/DP147688.jpg,https://www.metmuseum.org/art/collection/search/55406,True,The Metropolitan Museum of Art Collection API,India,Asian Art,,,"Gift of Lincoln Kirstein, 1959"
73540,A Large Elephant Recently Imported from Overseas (Shinto hakurai no daizō),Woodblock print,Japan,Edo period (1615–1868),1863,1863,,,,,Diptych of woodblock prints (nishiki-e); ink and color on paper,Prints,"Bequest of William S. Lieberman, 2005",Men; Women; Elephants,https://images.metmuseum.org/CRDImages/as/original/DP148102.jpg,https://images.metmuseum.org/CRDImages/as/web-large/DP148102.jpg,https://www.metmuseum.org/art/collection/search/73540,True,The Metropolitan Museum of Art Collection API,India,Asian Art,,,"Bequest of William S. Lieberman, 2005"
451286,"""Rosette Bearing the Names and Titles of Shah Jahan"", Folio from the Shah Jahan Album",Album leaf,,,1605,1670,India,,,Made in,"Ink, opaque watercolor, and gold on paper",Codices,"Purchase, Rogers Fund and The Kevorkian Foundation Gift, 1955",Calligraphy,https://images.metmuseum.org/CRDImages/is/original/DP240657.jpg,https://images.metmuseum.org/CRDImages/is/web-large/DP240657.jpg,https://www.metmuseum.org/art/collection/search/451286,True,The Metropolitan Museum of Art Collection API,India,Islamic Art,,,"Purchase, Rogers Fund and The Kevorkian Foundation Gift, 1955"
848948,Small Indian Sky,Painting,British,,1990,1990,,,,,Oil on wood in artist frame,Paintings,"Gift of Antony Peattie, in memory of his partner, Howard Hodgkin, 2022",,,,https://www.metmuseum.org/art/collection/search/848948,False,The Metropolitan Museum of Art Collection API,India,Modern and Contemporary Art,,,"Gift of Antony Peattie, in memory of his partner, Howard Hodgkin, 2022"
435762,Virgin and Child,Painting,,,1455,1460,,,,,Oil on wood,Paintings,"Theodore M. Davis Collection, Bequest of Theodore M. Davis, 1915",Madonna and Child,https://images.metmuseum.org/CRDImages/ep/original/DP-20589-001.jpg,https://images.metmuseum.org/CRDImages/ep/web-large/DP-20589-001.jpg,https://www.metmuseum.org/art/collection/search/435762,True,The Metropolitan Museum of Art Collection API,India,European Paintings,,,"Theodore M. Davis Collection, Bequest of Theodore M. Davis, 1915"
448587,Panel from a Tent Lining (Qanat),Panel,,,1600,1699,India,Deccan,,Attributed to,"Cotton; plain weave, mordant dyed and painted, resist-dyed",Textiles-Painted and/or Printed,"Rogers Fund, 1931",Flowers; Plants; Leaves,https://images.metmuseum.org/CRDImages/is/original/DP212659.jpg,https://images.metmuseum.org/CRDImages/is/web-large/DP212659.jpg,https://www.metmuseum.org/art/collection/search/448587,True,The Metropolitan Museum of Art Collection API,India,Islamic Art,,,"Rogers Fund, 1931"
448183,"""Krishna Holds Up Mount Govardhan to Shelter the Villagers of Braj"", Folio from a Harivamsa (The Legend of Hari (Krishna))",Folio from an illustrated manuscript,,,1565,1620,present-day Pakistan,,probably Lahore,Made in,"Ink, opaque watercolor, and gold on paper",Codices,"Purchase, Edward C. Moore Jr. Gift, 1928",Animals; Men; Mountains; Krishna,https://images.metmuseum.org/CRDImages/is/original/DP231327.jpg,https://images.metmuseum.org/CRDImages/is/web-large/DP231327.jpg,https://www.metmuseum.org/art/collection/search/448183,True,The Metropolitan Museum of Art Collection API,India,Islamic Art,,,"Purchase, Edward C. Moore Jr. Gift, 1928"
265215,"Jaipur, India",Photograph,,,1948,1948,,,,,Gelatin silver print,Photographs,"Ford Motor Company Collection, Gift of Ford Motor Company and John C. Waddell, 1987",Men; Elephants; Horses; Street Scene; Students; Teachers,,,https://www.metmuseum.org/art/collection/search/265215,False,The Metropolitan Museum of Art Collection API,India; China,Photographs,,,"Ford Motor Company Collection, Gift of Ford Motor Company and John C. Waddell, 1987"
38012,Melancholy Courtesan,Painting,"India (Rajasthan, Bundi, or Kota [?])",,1740,1760,,,,,"Ink, gold and opaque watercolor on paper",Paintings,"Purchase, Evelyn Kranes Kossak and Josephine L. Berger-Nadler Gifts and funds from various donors, 1995",Women,https://images.metmuseum.org/CRDImages/as/original/DT3878.jpg,https://images.metmuseum.org/CRDImages/as/web-large/DT3878.jpg,https://www.metmuseum.org/art/collection/search/38012,True,The Metropolitan Museum of Art Collection API,India,Asian Art,,,"Purchase, Evelyn Kranes Kossak and Josephine L. Berger-Nadler Gifts and funds from various donors, 1995"
436485,Vanitas Still Life,Painting,,,1603,1603,,,,,Oil on wood,Paintings,"Charles B. Curtis, Marquand, Victor Wilbour Memorial, and The Alfred N. Punnett Endowment Funds, 1974",Skulls; Flowers; Still Life; Money; Vases,https://images.metmuseum.org/CRDImages/ep/original/DP143209.jpg,https://images.metmuseum.org/CRDImages/ep/web-large/DP143209.jpg,https://www.metmuseum.org/art/collection/search/436485,True,The Metropolitan Museum of Art Collection API,India,European Paintings,,,"Charles B. Curtis, Marquand, Victor Wilbour Memorial, and The Alfred N. Punnett Endowment Funds, 1974"
453193,"""Kai Khusrau Crosses the Sea"", Folio from a Shahnama (Book of Kings) of Firdausi",Folio from an illustrated manuscript,,,1585,1635,India,Deccan,Bijapur,Attributed to,"Ink, opaque watercolor, and gold on paper",Codices,"Gift of Wendy Findlay, 1982",Men; Fish; Ships,https://images.metmuseum.org/CRDImages/is/original/DP215857.jpg,https://images.metmuseum.org/CRDImages/is/web-large/DP215857.jpg,https://www.metmuseum.org/art/collection/search/453193,True,The Metropolitan Museum of Art Collection API,India,Islamic Art,,,"Gift of Wendy Findlay, 1982"
37857,Bhairavi Ragini: Folio from a ragamala series (Garland of Musical Modes),Folio,"India (Himachal Pradesh, Mandi)",,1630,1660,,,,,"Opaque watercolor, silver, gold and ink on paper",Paintings,"Rogers Fund, 1958",Women; Lotuses; Trees,https://images.metmuseum.org/CRDImages/as/original/DP153179.jpg,https://images.metmuseum.org/CRDImages/as/web-large/DP153179.jpg,https://www.metmuseum.org/art/collection/search/37857,True,The Metropolitan Museum of Art Collection API,India,Asian Art,,,"Rogers Fund, 1958"
453267,"""Death of Farud"", Folio from a Shahnama (Book of Kings) of Firdausi",Folio from an illustrated manuscript,,,1585,1635,India,Deccan,Bijapur,Attributed to,"Ink, opaque watercolor, and gold on paper",Codices,"Gift of Steven Kossak, The Kronos Collections, 1985",Poetry; Men; Death,https://images.metmuseum.org/CRDImages/is/original/DP215851.jpg,https://images.metmuseum.org/CRDImages/is/web-large/DP215851.jpg,https://www.metmuseum.org/art/collection/search/453267,True,The Metropolitan Museum of Art Collection API,India,Islamic Art,,,"Gift of Steven Kossak, The Kronos Collections, 1985"
453673,Nan va Halva (Breads and Sweets),Illustrated manuscript,,,1665,1715,India,Deccan,Aurangabad,Made in,"Ink, opaque watercolor, and gold on paper
Binding: leather",Codices,"Purchase, Friends of Islamic Art Gifts, 1999",Birds; Men; Dogs,https://images.metmuseum.org/CRDImages/is/original/DP235872.jpg,https://images.metmuseum.org/CRDImages/is/web-large/DP235872.jpg,https://www.metmuseum.org/art/collection/search/453673,True,The Metropolitan Museum of Art Collection API,India,Islamic Art,,,"Purchase, Friends of Islamic Art Gifts, 1999"
453265,"""Suhrab Slain by Rustam"", Folio from a Shahnama (Book of Kings) of Firdausi",Folio from an illustrated manuscript,,,1585,1635,India,Deccan,Bijapur,Attributed to,"Ink, opaque watercolor, and gold on paper",Codices,"Gift of Jeffrey Kossak, The Kronos Collections, 1985",Poetry; Men; Horses,https://images.metmuseum.org/CRDImages/is/original/DP215861.jpg,https://images.metmuseum.org/CRDImages/is/web-large/DP215861.jpg,https://www.metmuseum.org/art/collection/search/453265,True,The Metropolitan Museum of Art Collection API,India,Islamic Art,,,"Gift of Jeffrey Kossak, The Kronos Collections, 1985"
453212,"""Rescue of Bizhan by Piran"", Folio from a Shahnama (Book of Kings) of Firdausi",Folio from an illustrated manuscript,,,1585,1635,India,Deccan,Bijapur,Attributed to,"Ink, opaque watercolor, and gold on paper",Codices,"Gift of Wendy Findlay, 1983",Men; Horses,https://images.metmuseum.org/CRDImages/is/original/DP215858.jpg,https://images.metmuseum.org/CRDImages/is/web-large/DP215858.jpg,https://www.metmuseum.org/art/collection/search/453212,True,The Metropolitan Museum of Art Collection API,India,Islamic Art,,,"Gift of Wendy Findlay, 1983"
452188,Carpet Fragment,Carpet fragment,,,1600,1799,Iran,,,Attributed to,"Cotton (warp and weft), silk (weft), wool (pile); asymmetrically knotted pile",Textiles-Rugs,"Gift of Joseph V. McMullan, 1970",,https://images.metmuseum.org/CRDImages/is/original/DP328877.jpg,https://images.metmuseum.org/CRDImages/is/web-large/DP328877.jpg,https://www.metmuseum.org/art/collection/search/452188,True,The Metropolitan Museum of Art Collection API,India,Islamic Art,,,"Gift of Joseph V. McMullan, 1970"
450396,Centerpiece of an Armband,Armlet,,,1700,1899,Northern India,,,Attributed to,"Gold, inset with rubies, emeralds, and colorless sapphires; with later pearls, diamonds, onyx",Jewelry,"Gift of George Blumenthal, 1941",,,,https://www.metmuseum.org/art/collection/search/450396,False,The Metropolitan Museum of Art Collection API,India,Islamic Art,,,"Gift of George Blumenthal, 1941"
436180,The Natchez,Painting,,,1823,1835,,,,,Oil on canvas,Paintings,"Purchase, Gifts of George N. and Helen M. Richard and Mr. and Mrs. Charles S. McVeigh and Bequest of Emma A. Sheafer, by exchange, 1989",Infants; Fathers; Mothers; Family,https://images.metmuseum.org/CRDImages/ep/original/DP-14345-001.jpg,https://images.metmuseum.org/CRDImages/ep/web-large/DP-14345-001.jpg,https://www.metmuseum.org/art/collection/search/436180,True,The Metropolitan Museum of Art Collection API,India,European Paintings,,,"Purchase, Gifts of George N. and Helen M. Richard and Mr. and Mrs. Charles S. McVeigh and Bequest of Emma A. Sheafer, by exchange, 1989"
37904,Krishna Steals the Gopis’ Clothing: Page from a Dispersed Bhagavata Purana Manuscript,Folio,"India (Rajasthan, Mewar)",,1620,1630,,,,,Ink and opaque watercolor on paper,Paintings,"Gift of Mr. and Mrs. J. Gordon Douglas III, 1984",,https://images.metmuseum.org/CRDImages/as/original/1984_476_recto.jpg,https://images.metmuseum.org/CRDImages/as/web-large/1984_476_recto.jpg,https://www.metmuseum.org/art/collection/search/37904,True,The Metropolitan Museum of Art Collection API,India,Asian Art,,,"Gift of Mr. and Mrs. J. Gordon Douglas III, 1984"
291689,"Dashashwemedh Road, Varanasi, India",Photograph,,,2007,2007,,,,,Chromogenic print,Photographs,"Gift of the artist, 2009",Buildings; Street Scene; Markets,,,https://www.metmuseum.org/art/collection/search/291689,False,The Metropolitan Museum of Art Collection API,India,Photographs,,,"Gift of the artist, 2009"
786113,My Own Private Angkor,Photograph,,,2007,2009,,,,,Gelatin silver prints,Photographs,"Purchase, Lila Acheson Wallace Gift, 2018",,,,https://www.metmuseum.org/art/collection/search/786113,False,The Metropolitan Museum of Art Collection API,India; China,Modern and Contemporary Art,,,"Purchase, Lila Acheson Wallace Gift, 2018"
891366,Dormiveglia VI,Painting,,,1998,1998,,,,,Oil on canvas,Paintings,"Gift of Francesco and Alba Clemente, 2024",,,,https://www.metmuseum.org/art/collection/search/891366,False,The Metropolitan Museum of Art Collection API,India,Modern and Contemporary Art,,,"Gift of Francesco and Alba Clemente, 2024"
891363,Dormiveglia III,Painting,,,1998,1998,,,,,Oil on canvas,Paintings,"Gift of Francesco and Alba Clemente, 2024",,,,https://www.metmuseum.org/art/collection/search/891363,False,The Metropolitan Museum of Art Collection API,India,Modern and Contemporary Art,,,"Gift of Francesco and Alba Clemente, 2024"
891367,Dormiveglia VII,Painting,,,1998,1998,,,,,Oil on canvas,Paintings,"Gift of Francesco and Alba Clemente, 2024",,,,https://www.metmuseum.org/art/collection/search/891367,False,The Metropolitan Museum of Art Collection API,India,Modern and Contemporary Art,,,"Gift of Francesco and Alba Clemente, 2024"
446563,"""A Muslim Pilgrim Learns a Lesson in Piety from a Brahman"", Folio from a Khamsa (Quintet) of Amir Khusrau Dihlavi",Folio from an illustrated manuscript,,,1572,1623,India,,,Attributed to,"Image: Ink, opaque watercolor, and gold on paper
Margins: Gold on dyed paper",Codices,"Gift of Alexander Smith Cochran, 1913",Animals; Men; Landscapes,https://images.metmuseum.org/CRDImages/is/original/DP159383.jpg,https://images.metmuseum.org/CRDImages/is/web-large/DP159383.jpg,https://www.metmuseum.org/art/collection/search/446563,True,The Metropolitan Museum of Art Collection API,India,Islamic Art,,,"Gift of Alexander Smith Cochran, 1913"
447752,"""Misbah the Grocer Brings the Spy Parran to his House"", Folio from a Hamzanama (The Adventures of Hamza)",Folio from an illustrated manuscript,,,1545,1595,India,,,Attributed to,"Ink, opaque watercolor, and gold on cloth; mounted on paper",Codices,"Rogers Fund, 1924",Historical Figures; Men; Women,https://images.metmuseum.org/CRDImages/is/original/DT4836.jpg,https://images.metmuseum.org/CRDImages/is/web-large/DT4836.jpg,https://www.metmuseum.org/art/collection/search/447752,True,The Metropolitan Museum of Art Collection API,India,Islamic Art,,,"Rogers Fund, 1924"
38057,Sketch with Kali and a Young Boy,Painting,"India (Punjab Hills, Kangra?)",,1790,1810,,,,,Ink heightened with color on paper,Paintings,"Gift of Subhash Kapoor, 1996",Swords; Heads; Boys; Goddess,https://images.metmuseum.org/CRDImages/as/original/DP152314.jpg,https://images.metmuseum.org/CRDImages/as/web-large/DP152314.jpg,https://www.metmuseum.org/art/collection/search/38057,True,The Metropolitan Museum of Art Collection API,India,Asian Art,,,"Gift of Subhash Kapoor, 1996"
893754,Panel from a jewelry casket: Krishna slays Putana,Panel,"South India, Vijayanagara or Nayaka",,1534,1566,,,,,Ivory,Ivories,"Florence and Herbert Irving Acquisitions Fund for Asian Art, 2025",,https://images.metmuseum.org/CRDImages/as/original/DP-29956-001.jpg,https://images.metmuseum.org/CRDImages/as/web-large/DP-29956-001.jpg,https://www.metmuseum.org/art/collection/search/893754,True,The Metropolitan Museum of Art Collection API,India,Asian Art,,,"Florence and Herbert Irving Acquisitions Fund for Asian Art, 2025"
503338,Tambura,Tambura,Indian,,1901,2000,India,,,,"Gourd, wood, bone, ivory, steel",Chordophone-Lute-plucked-unfretted,"Gift of the Todes Family, 1986",,,,https://www.metmuseum.org/art/collection/search/503338,False,The Metropolitan Museum of Art Collection API,India,Musical Instruments,,,"Gift of the Todes Family, 1986"
838318,Shiva,Print,"India, Calcutta",,1850,1870,,,,,"Relief print, probably from a woodblock, watercolor (hand-coloring)",Prints,"Purchase, Friends of Asian Art Gifts, 2020",,https://images.metmuseum.org/CRDImages/as/original/DP-43074-001.jpg,https://images.metmuseum.org/CRDImages/as/web-large/DP-43074-001.jpg,https://www.metmuseum.org/art/collection/search/838318,True,The Metropolitan Museum of Art Collection API,India,Asian Art,,,"Purchase, Friends of Asian Art Gifts, 2020"
825607,An Elephant and Keeper,Illustrated single work,,,1625,1685,India,,,Country of Origin,Opaque color and gold on paper,Codices,"Howard Hodgkin Collection, Purchase, Florence and Herbert Irving Acquisitions, Harris Brisbane Dick, and 2020 Benefit Funds; Howard S. and Nancy Marks, Lila Acheson Wallace, and Friends of Islamic Art Gifts; Louis V. Bell, Harris Brisbane Dick, Fletcher, and Rogers Funds and Joseph Pulitzer Bequest; and funds from various donors, 2022",Elephants,https://images.metmuseum.org/CRDImages/is/original/DP-28151-001.jpg,https://images.metmuseum.org/CRDImages/is/web-large/DP-28151-001.jpg,https://www.metmuseum.org/art/collection/search/825607,True,The Metropolitan Museum of Art Collection API,India,Islamic Art,,,"Howard Hodgkin Collection, Purchase, Florence and Herbert Irving Acquisitions, Harris Brisbane Dick, and 2020 Benefit Funds; Howard S. and Nancy Marks, Lila Acheson Wallace, and Friends of Islamic Art Gifts; Louis V. Bell, Harris Brisbane Dick, Fletcher, and Rogers Funds and Joseph Pulitzer Bequest; and funds from various donors, 2022"
849493,Goddess Jagadhatri,,"West Bengal, Calcutta",,1870,1890,,,,,"Lithograph, printed in black",Prints,"Purchase, Robert and Bobbie Falk Philanthropic Fund Gift, 2021",,https://images.metmuseum.org/CRDImages/as/original/DP-22736-001.jpg,https://images.metmuseum.org/CRDImages/as/web-large/DP-22736-001.jpg,https://www.metmuseum.org/art/collection/search/849493,True,The Metropolitan Museum of Art Collection API,India,Asian Art,,,"Purchase, Robert and Bobbie Falk Philanthropic Fund Gift, 2021"
841483,Germination,Plate,,,1961,1961,,,,,Zinc plate,Plates,"Gift of Judith Blum Reddy, in celebration of the Museum’s 150th Anniversary, 2020",,,,https://www.metmuseum.org/art/collection/search/841483,False,The Metropolitan Museum of Art Collection API,India,Drawings and Prints,,,"Gift of Judith Blum Reddy, in celebration of the Museum’s 150th Anniversary, 2020"
78260,Vishva Rajalakshmi Gomata,Lithograph,India,,1880,1900,,,,,Lithograph,Prints,"Purchase, Gift of Mrs. William J. Calhoun, by exchange, 2013",Men; Women; Cows,https://images.metmuseum.org/CRDImages/as/original/DP702075.jpg,https://images.metmuseum.org/CRDImages/as/web-large/DP702075.jpg,https://www.metmuseum.org/art/collection/search/78260,True,The Metropolitan Museum of Art Collection API,India,Asian Art,,,"Purchase, Gift of Mrs. William J. Calhoun, by exchange, 2013"
76037,Rawat Gokul Das at the Singh Sagar,Painting,"India, Rajasthan, Deogarh",,1806,1806,,,,,"Opaque watercolor, gold, and silver on paper",Paintings,"Howard Hodgkin Collection, Purchase, Gift of Florence and Herbert Irving, by exchange, 2022",,,,https://www.metmuseum.org/art/collection/search/76037,False,The Metropolitan Museum of Art Collection API,India,Asian Art,,,"Howard Hodgkin Collection, Purchase, Gift of Florence and Herbert Irving, by exchange, 2022"
268706,"Henry Taylor. Author of ""Philip Van Artevelde""",Photograph,,,1864,1864,,,,,Albumen silver print from glass negative,Photographs,"Harris Brisbane Dick Fund, 1941",Men; Portraits,https://images.metmuseum.org/CRDImages/ph/original/DP318598.jpg,https://images.metmuseum.org/CRDImages/ph/web-large/DP318598.jpg,https://www.metmuseum.org/art/collection/search/268706,True,The Metropolitan Museum of Art Collection API,India,Photographs,,,"Harris Brisbane Dick Fund, 1941"
454353,Lacquered Pen Box  (Qalamdan),Pen box,,,1675,1725,,Deccan or Northern India,,Possibly made in,"Papier-maché; painted, gilded, and lacquered",Lacquer,"Cynthia Hazen Polsky and Leon B. Polsky Fund, 2002",Men; Women; Deer,https://images.metmuseum.org/CRDImages/is/original/DP236049.jpg,https://images.metmuseum.org/CRDImages/is/web-large/DP236049.jpg,https://www.metmuseum.org/art/collection/search/454353,True,The Metropolitan Museum of Art Collection API,India,Islamic Art,,,"Cynthia Hazen Polsky and Leon B. Polsky Fund, 2002"
923382,Virgin and Child,Statuette,,,1650,1699,,,,,"Cast, repousséd and chased silver",Metalwork-Silver,"Purchase, Wrightsman Fellows and Christian K. Kleinbub Gifts, 2025",,https://images.metmuseum.org/CRDImages/es/original/DP-44925-007.jpg,https://images.metmuseum.org/CRDImages/es/web-large/DP-44925-007.jpg,https://www.metmuseum.org/art/collection/search/923382,True,The Metropolitan Museum of Art Collection API,India,European Sculpture and Decorative Arts,,,"Purchase, Wrightsman Fellows and Christian K. Kleinbub Gifts, 2025"
37900,Page from a Dispersed Bhagavata Purana Manuscript,Folio,"India (Rajasthan, Mewar)",,1620,1630,,,,,Ink and opaque watercolor on paper,Paintings,"Gift of Mr. and Mrs. Peter Findlay, 1980",Men; Horses; Krishna,https://images.metmuseum.org/CRDImages/as/original/DP156146.jpg,https://images.metmuseum.org/CRDImages/as/web-large/DP156146.jpg,https://www.metmuseum.org/art/collection/search/37900,True,The Metropolitan Museum of Art Collection API,India,Asian Art,,,"Gift of Mr. and Mrs. Peter Findlay, 1980"
453975,Chand Bibi Hawking with Attendants in a Landscape,Illustrated single work,,,1675,1725,India,Deccan,,Attributed to,"Opaque watercolor, gold, and silver on card-weight paper",Codices,"Louis E. and Theresa S. Seley Purchase Fund for Islamic Art, 1999",Birds; Hawks; Queens; Men; Women; Horses; Landscapes,https://images.metmuseum.org/CRDImages/is/original/DT4503.jpg,https://images.metmuseum.org/CRDImages/is/web-large/DT4503.jpg,https://www.metmuseum.org/art/collection/search/453975,True,The Metropolitan Museum of Art Collection API,India,Islamic Art,,,"Louis E. and Theresa S. Seley Purchase Fund for Islamic Art, 1999"
38056,Panchama Ragini: Page from a Ragamala Series (Garland of Musical Modes),Page,"India (Rajasthan, Bikaner)",,1630,1650,,,,,"Ink, opaque watercolor, and gold on paper",Paintings,"Purchase, Patricia Phelps de Cisneros Gift, in honor of Mahrukh Tarapor, 1996",Musical Instruments; Men; Lovers; Women; Musicians,https://images.metmuseum.org/CRDImages/as/original/DP153173.jpg,https://images.metmuseum.org/CRDImages/as/web-large/DP153173.jpg,https://www.metmuseum.org/art/collection/search/38056,True,The Metropolitan Museum of Art Collection API,India,Asian Art,,,"Purchase, Patricia Phelps de Cisneros Gift, in honor of Mahrukh Tarapor, 1996"
302650,Amerapoora: Shwe-doung-dyk Pagoda,Photograph,,,1855,1855,,,,,Albumen silver print from waxed paper negative,Photographs,"Purchase, The Buddy Taub Foundation, Dennis A. Roach and Jill Roach, Directors, and Alfred Stieglitz Society Gifts, 2012",Architecture; Landscapes,https://images.metmuseum.org/CRDImages/ph/original/DP300695.jpg,https://images.metmuseum.org/CRDImages/ph/web-large/DP300695.jpg,https://www.metmuseum.org/art/collection/search/302650,True,The Metropolitan Museum of Art Collection API,India,Photographs,,,"Purchase, The Buddy Taub Foundation, Dennis A. Roach and Jill Roach, Directors, and Alfred Stieglitz Society Gifts, 2012"
269434,Thomas Carlyle,Photograph,,,1867,1867,,,,,Carbon print,Photographs,"Alfred Stieglitz Collection, 1949",Men; Portraits,https://images.metmuseum.org/CRDImages/ph/original/DP295239.jpg,https://images.metmuseum.org/CRDImages/ph/web-large/DP295239.jpg,https://www.metmuseum.org/art/collection/search/269434,True,The Metropolitan Museum of Art Collection API,India,Photographs,,,"Alfred Stieglitz Collection, 1949"
825663,The Monkey Prince Angada delivers Rama’s message to Ravana;  folio from the Siege of Lanka series,Folio,"India, Himachal Pradesh, Guler",,1715,1735,,,,,Opaque watercolor and gold on paper,Paintings,"Howard Hodgkin Collection, Purchase, Gift of Florence and Herbert Irving, by exchange, 2022",,,,https://www.metmuseum.org/art/collection/search/825663,False,The Metropolitan Museum of Art Collection API,India,Asian Art,,,"Howard Hodgkin Collection, Purchase, Gift of Florence and Herbert Irving, by exchange, 2022"
825690,Enraged Elephant during Training,Painting,"India,  Rajasthan, Kota",,1680,1700,,,,,"Opaque watercolor, ink and silver on paper",Paintings,"Howard Hodgkin Collection, Purchase, Gift of Florence and Herbert Irving, by exchange, 2022",Elephants,,,https://www.metmuseum.org/art/collection/search/825690,False,The Metropolitan Museum of Art Collection API,India,Asian Art,,,"Howard Hodgkin Collection, Purchase, Gift of Florence and Herbert Irving, by exchange, 2022"
453354,A Syce (Groom) Holding Two Carriage Horses,Illustrated single work,,,1820,1870,India,,Calcutta,Made in,Opaque watercolor on paper,Codices,"Louis E. and Theresa S. Seley Purchase Fund for Islamic Art and Rogers Fund, 1994",Men; Horses,https://images.metmuseum.org/CRDImages/is/original/DP240649.jpg,https://images.metmuseum.org/CRDImages/is/web-large/DP240649.jpg,https://www.metmuseum.org/art/collection/search/453354,True,The Metropolitan Museum of Art Collection API,India,Islamic Art,,,"Louis E. and Theresa S. Seley Purchase Fund for Islamic Art and Rogers Fund, 1994"
282044,Sappho,Photograph,,,1865,1865,,,,,Albumen silver print from glass negative,Photographs,"The Rubel Collection, Purchase, Jennifer and Joseph Duke and Anonymous Gifts, 1997",Portraits; Profiles; Women,https://images.metmuseum.org/CRDImages/ph/original/DP-510-021.jpg,https://images.metmuseum.org/CRDImages/ph/web-large/DP-510-021.jpg,https://www.metmuseum.org/art/collection/search/282044,True,The Metropolitan Museum of Art Collection API,India,Photographs,,,"The Rubel Collection, Purchase, Jennifer and Joseph Duke and Anonymous Gifts, 1997"
451264,"""Jahangir and his Father, Akbar"", Folio from the Shah Jahan Album",Album leaf,,,1515,1655,India,,,Attributed to,"Ink, opaque watercolor, and gold on paper",Codices,"Purchase, Rogers Fund and The Kevorkian Foundation Gift, 1955",Birds; Men,https://images.metmuseum.org/CRDImages/is/original/DP240813.jpg,https://images.metmuseum.org/CRDImages/is/web-large/DP240813.jpg,https://www.metmuseum.org/art/collection/search/451264,True,The Metropolitan Museum of Art Collection API,India,Islamic Art,,,"Purchase, Rogers Fund and The Kevorkian Foundation Gift, 1955"
37878,Preparatory Study for a Portrait of Man Singh and His Harem,Painting,"India (Rajasthan, Jodhpur)",,1810,1815,,,,,"Ink and opaque watercolor on paper, pricked for transfer",Drawings,"Fletcher Fund, 1934",Men; Women; Horses; Carriages,https://images.metmuseum.org/CRDImages/as/original/34_89_recto.jpg,https://images.metmuseum.org/CRDImages/as/web-large/34_89_recto.jpg,https://www.metmuseum.org/art/collection/search/37878,True,The Metropolitan Museum of Art Collection API,India,Asian Art,,,"Fletcher Fund, 1934"
268710,Herr Joachim,Photograph,,,1868,1868,,,,,Albumen silver print from glass negative,Photographs,"Harris Brisbane Dick Fund, 1941",Men; Portraits; Violins; Musicians,https://images.metmuseum.org/CRDImages/ph/original/DP295211.jpg,https://images.metmuseum.org/CRDImages/ph/web-large/DP295211.jpg,https://www.metmuseum.org/art/collection/search/268710,True,The Metropolitan Museum of Art Collection API,India,Photographs,,,"Harris Brisbane Dick Fund, 1941"
476566,"Manuscript Leaf with the Martyrdom of Saint Bartholomew, from a Laudario",Laudario; Manuscript leaf,Italian,,1340,1340,Italy,,Florence,Made in,"Tempera, gold, and ink on parchment",Manuscripts and Illuminations,"The Cloisters Collection, 2006",Men; Angels; Saints,https://images.metmuseum.org/CRDImages/cl/original/DP148560.jpg,https://images.metmuseum.org/CRDImages/cl/web-large/DP148560.jpg,https://www.metmuseum.org/art/collection/search/476566,True,The Metropolitan Museum of Art Collection API,India,The Cloisters,,,"The Cloisters Collection, 2006"
451262,"""Great Hornbill"", Folio from the Shah Jahan Album",Album leaf,,,1515,1645,India,,,Attributed to,"Ink, opaque watercolor, and gold on paper",Codices,"Purchase, Rogers Fund and The Kevorkian Foundation Gift, 1955",Birds,https://images.metmuseum.org/CRDImages/is/original/DP246533.jpg,https://images.metmuseum.org/CRDImages/is/web-large/DP246533.jpg,https://www.metmuseum.org/art/collection/search/451262,True,The Metropolitan Museum of Art Collection API,India,Islamic Art,,,"Purchase, Rogers Fund and The Kevorkian Foundation Gift, 1955"
